ISO-10303-21;
HEADER;
/* Generated by software containing ST-Developer
 * from STEP Tools, Inc. (www.steptools.com) 
 */

FILE_DESCRIPTION(
/* description */ (''),
/* implementation_level */ '2;1');

FILE_NAME(
/* name */ '5cdef437-fd5d-4feb-b1d9-263feb210b47.stp',
/* time_stamp */ '2026-09-17T22:59:34Z',
/* author */ (''),
/* organization */ (''),
/* preprocessor_version */ 'ST-DEVELOPER v20.2',
/* originating_system */ 'Autodesk Translation Framework v15.15.0.0',
/* authorisation */ '');

FILE_SCHEMA (('AUTOMOTIVE_DESIGN { 1 0 10303 214 3 1 1 }'));
ENDSEC;

DATA;
#10=MECHANICAL_DESIGN_GEOMETRIC_PRESENTATION_REPRESENTATION('',(#63,#64,
#65,#66,#67,#68),#7710);
#11=ITEM_DEFINED_TRANSFORMATION($,$,#4346,#4788);
#12=ITEM_DEFINED_TRANSFORMATION($,$,#4455,#4789);
#13=ITEM_DEFINED_TRANSFORMATION($,$,#4544,#4790);
#14=ITEM_DEFINED_TRANSFORMATION($,$,#4787,#4791);
#15=(
REPRESENTATION_RELATIONSHIP($,$,#7730,#7729)
REPRESENTATION_RELATIONSHIP_WITH_TRANSFORMATION(#11)
SHAPE_REPRESENTATION_RELATIONSHIP()
);
#16=(
REPRESENTATION_RELATIONSHIP($,$,#7731,#7729)
REPRESENTATION_RELATIONSHIP_WITH_TRANSFORMATION(#12)
SHAPE_REPRESENTATION_RELATIONSHIP()
);
#17=(
REPRESENTATION_RELATIONSHIP($,$,#7732,#7729)
REPRESENTATION_RELATIONSHIP_WITH_TRANSFORMATION(#13)
SHAPE_REPRESENTATION_RELATIONSHIP()
);
#18=(
REPRESENTATION_RELATIONSHIP($,$,#7733,#7729)
REPRESENTATION_RELATIONSHIP_WITH_TRANSFORMATION(#14)
SHAPE_REPRESENTATION_RELATIONSHIP()
);
#19=CONTEXT_DEPENDENT_SHAPE_REPRESENTATION(#15,#7725);
#20=CONTEXT_DEPENDENT_SHAPE_REPRESENTATION(#16,#7726);
#21=CONTEXT_DEPENDENT_SHAPE_REPRESENTATION(#17,#7727);
#22=CONTEXT_DEPENDENT_SHAPE_REPRESENTATION(#18,#7728);
#23=NEXT_ASSEMBLY_USAGE_OCCURRENCE('Base Plate:1','Base Plate:1',
'Base Plate:1',#7735,#7736,'Base Plate:1');
#24=NEXT_ASSEMBLY_USAGE_OCCURRENCE('Wheel Cover:1','Wheel Cover:1',
'Wheel Cover:1',#7735,#7737,'Wheel Cover:1');
#25=NEXT_ASSEMBLY_USAGE_OCCURRENCE('Side wall:1','Side wall:1',
'Side wall:1',#7735,#7738,'Side wall:1');
#26=NEXT_ASSEMBLY_USAGE_OCCURRENCE('Cutter Motor Link:1',
'Cutter Motor Link:1','Cutter Motor Link:1',#7735,#7739,
'Cutter Motor Link:1');
#27=(
BOUNDED_SURFACE()
B_SPLINE_SURFACE(2,2,((#6566,#6567,#6568,#6569,#6570),(#6571,#6572,#6573,
#6574,#6575),(#6576,#6577,#6578,#6579,#6580)),.UNSPECIFIED.,.F.,.F.,.F.)
B_SPLINE_SURFACE_WITH_KNOTS((3,3),(3,2,3),(0.,0.522314821805894),(-4.15522067406315E-16,
1.5707963267949,3.14159265358979),.UNSPECIFIED.)
GEOMETRIC_REPRESENTATION_ITEM()
RATIONAL_B_SPLINE_SURFACE(((1.,0.707106781186547,1.,0.707106781186547,1.),
(0.966091783079317,0.683130051063988,0.966091783079317,0.683130051063988,
0.966091783079317),(1.,0.707106781186547,1.,0.707106781186547,1.)))
REPRESENTATION_ITEM('')
SURFACE()
);
#28=(
BOUNDED_SURFACE()
B_SPLINE_SURFACE(2,2,((#7160,#7161,#7162,#7163,#7164),(#7165,#7166,#7167,
#7168,#7169),(#7170,#7171,#7172,#7173,#7174)),.UNSPECIFIED.,.F.,.F.,.F.)
B_SPLINE_SURFACE_WITH_KNOTS((3,3),(3,2,3),(0.,0.522314821805894),(-4.15522067406315E-16,
1.5707963267949,3.14159265358979),.UNSPECIFIED.)
GEOMETRIC_REPRESENTATION_ITEM()
RATIONAL_B_SPLINE_SURFACE(((1.,0.707106781186547,1.,0.707106781186547,1.),
(0.966091783079317,0.683130051063988,0.966091783079317,0.683130051063988,
0.966091783079317),(1.,0.707106781186547,1.,0.707106781186547,1.)))
REPRESENTATION_ITEM('')
SURFACE()
);
#29=B_SPLINE_CURVE_WITH_KNOTS('',3,(#6517,#6518,#6519,#6520,#6521,#6522,
#6523,#6524,#6525,#6526,#6527,#6528,#6529,#6530),.UNSPECIFIED.,.F.,.F.,
(4,2,2,2,2,2,4),(0.,0.476017391099488,0.952034782198975,1.42805217329846,
1.90406956439795,2.3971370410697,2.50096206008544),.UNSPECIFIED.);
#30=B_SPLINE_CURVE_WITH_KNOTS('',3,(#6547,#6548,#6549,#6550,#6551,#6552,
#6553,#6554,#6555,#6556,#6557,#6558,#6559,#6560),.UNSPECIFIED.,.F.,.F.,
(4,2,2,2,2,2,4),(-2.50096206008545,-2.3971370410697,-1.90406956439795,-1.42805217329846,
-0.952034782198975,-0.476017391099486,0.),.UNSPECIFIED.);
#31=B_SPLINE_CURVE_WITH_KNOTS('',3,(#6678,#6679,#6680,#6681,#6682,#6683,
#6684,#6685,#6686,#6687,#6688,#6689,#6690,#6691,#6692,#6693,#6694,#6695),
 .UNSPECIFIED.,.F.,.F.,(4,2,2,2,2,2,2,2,4),(0.,0.0527354243619592,0.105470848723918,
0.158267048131128,0.211063247538337,0.263837607850814,0.316611968163291,
0.369345217381957,0.422078466600623),.UNSPECIFIED.);
#32=B_SPLINE_CURVE_WITH_KNOTS('',3,(#6696,#6697,#6698,#6699,#6700,#6701,
#6702,#6703,#6704,#6705,#6706,#6707,#6708,#6709,#6710,#6711,#6712,#6713),
 .UNSPECIFIED.,.F.,.F.,(4,2,2,2,2,2,2,2,4),(0.422078466600623,0.474811715819289,
0.527544965037955,0.580319325350432,0.633093685662908,0.685889885070118,
0.738686084477327,0.791421508839287,0.844156933201246),.UNSPECIFIED.);
#33=B_SPLINE_CURVE_WITH_KNOTS('',3,(#6717,#6718,#6719,#6720,#6721,#6722,
#6723,#6724,#6725,#6726,#6727,#6728,#6729,#6730,#6731,#6732,#6733,#6734),
 .UNSPECIFIED.,.F.,.F.,(4,2,2,2,2,2,2,2,4),(0.,0.052735384371467,0.105470768742934,
0.158270389582,0.211070010421066,0.263846546632813,0.316623082844559,0.369356167655301,
0.422089252466044),.UNSPECIFIED.);
#34=B_SPLINE_CURVE_WITH_KNOTS('',3,(#6735,#6736,#6737,#6738,#6739,#6740,
#6741,#6742,#6743,#6744,#6745,#6746,#6747,#6748,#6749,#6750,#6751,#6752),
 .UNSPECIFIED.,.F.,.F.,(4,2,2,2,2,2,2,2,4),(0.422089252466044,0.474822337276786,
0.527555422087528,0.580331958299275,0.633108494511021,0.685908115350087,
0.738707736189153,0.79144312056062,0.844178504932087),.UNSPECIFIED.);
#35=B_SPLINE_CURVE_WITH_KNOTS('',3,(#6756,#6757,#6758,#6759,#6760,#6761,
#6762,#6763,#6764,#6765,#6766,#6767,#6768,#6769,#6770,#6771,#6772,#6773),
 .UNSPECIFIED.,.F.,.F.,(4,2,2,2,2,2,2,2,4),(0.,0.0527354243619591,0.105470848723918,
0.158267048131128,0.211063247538338,0.263837607850815,0.316611968163291,
0.369345217381957,0.422078466600623),.UNSPECIFIED.);
#36=B_SPLINE_CURVE_WITH_KNOTS('',3,(#6774,#6775,#6776,#6777,#6778,#6779,
#6780,#6781,#6782,#6783,#6784,#6785,#6786,#6787,#6788,#6789,#6790,#6791),
 .UNSPECIFIED.,.F.,.F.,(4,2,2,2,2,2,2,2,4),(0.422078466600623,0.474811715819289,
0.527544965037955,0.580319325350431,0.633093685662908,0.685889885070117,
0.738686084477327,0.791421508839286,0.844156933201246),.UNSPECIFIED.);
#37=B_SPLINE_CURVE_WITH_KNOTS('',3,(#6795,#6796,#6797,#6798,#6799,#6800,
#6801,#6802,#6803,#6804,#6805,#6806,#6807,#6808,#6809,#6810,#6811,#6812),
 .UNSPECIFIED.,.F.,.F.,(4,2,2,2,2,2,2,2,4),(0.,0.0527353843714668,0.105470768742934,
0.158270389582,0.211070010421066,0.263846546632812,0.316623082844559,0.369356167655301,
0.422089252466043),.UNSPECIFIED.);
#38=B_SPLINE_CURVE_WITH_KNOTS('',3,(#6813,#6814,#6815,#6816,#6817,#6818,
#6819,#6820,#6821,#6822,#6823,#6824,#6825,#6826,#6827,#6828,#6829,#6830),
 .UNSPECIFIED.,.F.,.F.,(4,2,2,2,2,2,2,2,4),(0.422089252466043,0.474822337276785,
0.527555422087528,0.580331958299274,0.63310849451102,0.685908115350086,
0.738707736189153,0.791443120560619,0.844178504932086),.UNSPECIFIED.);
#39=B_SPLINE_CURVE_WITH_KNOTS('',3,(#6834,#6835,#6836,#6837,#6838,#6839,
#6840,#6841,#6842,#6843,#6844,#6845,#6846,#6847,#6848,#6849,#6850,#6851),
 .UNSPECIFIED.,.F.,.F.,(4,2,2,2,2,2,2,2,4),(0.,0.0527354243619593,0.105470848723919,
0.158267048131127,0.211063247538336,0.263837607850813,0.31661196816329,
0.369345217381956,0.422078466600622),.UNSPECIFIED.);
#40=B_SPLINE_CURVE_WITH_KNOTS('',3,(#6852,#6853,#6854,#6855,#6856,#6857,
#6858,#6859,#6860,#6861,#6862,#6863,#6864,#6865,#6866,#6867,#6868,#6869),
 .UNSPECIFIED.,.F.,.F.,(4,2,2,2,2,2,2,2,4),(0.422078466600622,0.474811715819288,
0.527544965037954,0.58031932535043,0.633093685662907,0.685889885070116,
0.738686084477325,0.791421508839284,0.844156933201243),.UNSPECIFIED.);
#41=B_SPLINE_CURVE_WITH_KNOTS('',3,(#6873,#6874,#6875,#6876,#6877,#6878,
#6879,#6880,#6881,#6882,#6883,#6884,#6885,#6886,#6887,#6888,#6889,#6890),
 .UNSPECIFIED.,.F.,.F.,(4,2,2,2,2,2,2,2,4),(0.,0.0527353843714666,0.105470768742933,
0.158270389582,0.211070010421067,0.263846546632813,0.316623082844558,0.369356167655301,
0.422089252466043),.UNSPECIFIED.);
#42=B_SPLINE_CURVE_WITH_KNOTS('',3,(#6891,#6892,#6893,#6894,#6895,#6896,
#6897,#6898,#6899,#6900,#6901,#6902,#6903,#6904,#6905,#6906,#6907,#6908),
 .UNSPECIFIED.,.F.,.F.,(4,2,2,2,2,2,2,2,4),(0.422089252466043,0.474822337276785,
0.527555422087528,0.580331958299274,0.63310849451102,0.685908115350086,
0.738707736189153,0.79144312056062,0.844178504932086),.UNSPECIFIED.);
#43=B_SPLINE_CURVE_WITH_KNOTS('',3,(#7111,#7112,#7113,#7114,#7115,#7116,
#7117,#7118,#7119,#7120,#7121,#7122,#7123,#7124),.UNSPECIFIED.,.F.,.F.,
(4,2,2,2,2,2,4),(0.,0.476017391099488,0.952034782198975,1.42805217329846,
1.90406956439795,2.3971370410697,2.50096206008544),.UNSPECIFIED.);
#44=B_SPLINE_CURVE_WITH_KNOTS('',3,(#7141,#7142,#7143,#7144,#7145,#7146,
#7147,#7148,#7149,#7150,#7151,#7152,#7153,#7154),.UNSPECIFIED.,.F.,.F.,
(4,2,2,2,2,2,4),(-2.50096206008545,-2.3971370410697,-1.90406956439795,-1.42805217329846,
-0.952034782198975,-0.476017391099486,0.),.UNSPECIFIED.);
#45=B_SPLINE_CURVE_WITH_KNOTS('',3,(#7272,#7273,#7274,#7275,#7276,#7277,
#7278,#7279,#7280,#7281,#7282,#7283,#7284,#7285,#7286,#7287,#7288,#7289),
 .UNSPECIFIED.,.F.,.F.,(4,2,2,2,2,2,2,2,4),(0.,0.0527354243619592,0.105470848723918,
0.158267048131128,0.211063247538337,0.263837607850814,0.316611968163291,
0.369345217381957,0.422078466600623),.UNSPECIFIED.);
#46=B_SPLINE_CURVE_WITH_KNOTS('',3,(#7293,#7294,#7295,#7296,#7297,#7298,
#7299,#7300,#7301,#7302,#7303,#7304,#7305,#7306,#7307,#7308,#7309,#7310),
 .UNSPECIFIED.,.F.,.F.,(4,2,2,2,2,2,2,2,4),(0.422089252466044,0.474822337276786,
0.527555422087528,0.580331958299275,0.633108494511021,0.685908115350087,
0.738707736189153,0.79144312056062,0.844178504932087),.UNSPECIFIED.);
#47=B_SPLINE_CURVE_WITH_KNOTS('',3,(#7311,#7312,#7313,#7314,#7315,#7316,
#7317,#7318,#7319,#7320,#7321,#7322,#7323,#7324,#7325,#7326,#7327,#7328),
 .UNSPECIFIED.,.F.,.F.,(4,2,2,2,2,2,2,2,4),(0.,0.052735384371467,0.105470768742934,
0.158270389582,0.211070010421066,0.263846546632813,0.316623082844559,0.369356167655301,
0.422089252466044),.UNSPECIFIED.);
#48=B_SPLINE_CURVE_WITH_KNOTS('',3,(#7329,#7330,#7331,#7332,#7333,#7334,
#7335,#7336,#7337,#7338,#7339,#7340,#7341,#7342,#7343,#7344,#7345,#7346),
 .UNSPECIFIED.,.F.,.F.,(4,2,2,2,2,2,2,2,4),(0.422078466600623,0.474811715819289,
0.527544965037955,0.580319325350432,0.633093685662908,0.685889885070118,
0.738686084477327,0.791421508839287,0.844156933201246),.UNSPECIFIED.);
#49=B_SPLINE_CURVE_WITH_KNOTS('',3,(#7350,#7351,#7352,#7353,#7354,#7355,
#7356,#7357,#7358,#7359,#7360,#7361,#7362,#7363,#7364,#7365,#7366,#7367),
 .UNSPECIFIED.,.F.,.F.,(4,2,2,2,2,2,2,2,4),(0.,0.0527354243619591,0.105470848723918,
0.158267048131128,0.211063247538338,0.263837607850815,0.316611968163291,
0.369345217381957,0.422078466600623),.UNSPECIFIED.);
#50=B_SPLINE_CURVE_WITH_KNOTS('',3,(#7371,#7372,#7373,#7374,#7375,#7376,
#7377,#7378,#7379,#7380,#7381,#7382,#7383,#7384,#7385,#7386,#7387,#7388),
 .UNSPECIFIED.,.F.,.F.,(4,2,2,2,2,2,2,2,4),(0.422089252466043,0.474822337276785,
0.527555422087528,0.580331958299274,0.63310849451102,0.685908115350086,
0.738707736189153,0.791443120560619,0.844178504932086),.UNSPECIFIED.);
#51=B_SPLINE_CURVE_WITH_KNOTS('',3,(#7389,#7390,#7391,#7392,#7393,#7394,
#7395,#7396,#7397,#7398,#7399,#7400,#7401,#7402,#7403,#7404,#7405,#7406),
 .UNSPECIFIED.,.F.,.F.,(4,2,2,2,2,2,2,2,4),(0.,0.0527353843714668,0.105470768742934,
0.158270389582,0.211070010421066,0.263846546632812,0.316623082844559,0.369356167655301,
0.422089252466043),.UNSPECIFIED.);
#52=B_SPLINE_CURVE_WITH_KNOTS('',3,(#7407,#7408,#7409,#7410,#7411,#7412,
#7413,#7414,#7415,#7416,#7417,#7418,#7419,#7420,#7421,#7422,#7423,#7424),
 .UNSPECIFIED.,.F.,.F.,(4,2,2,2,2,2,2,2,4),(0.422078466600623,0.474811715819289,
0.527544965037955,0.580319325350431,0.633093685662908,0.685889885070117,
0.738686084477327,0.791421508839286,0.844156933201246),.UNSPECIFIED.);
#53=B_SPLINE_CURVE_WITH_KNOTS('',3,(#7428,#7429,#7430,#7431,#7432,#7433,
#7434,#7435,#7436,#7437,#7438,#7439,#7440,#7441,#7442,#7443,#7444,#7445),
 .UNSPECIFIED.,.F.,.F.,(4,2,2,2,2,2,2,2,4),(0.,0.0527354243619593,0.105470848723919,
0.158267048131127,0.211063247538336,0.263837607850813,0.31661196816329,
0.369345217381956,0.422078466600622),.UNSPECIFIED.);
#54=B_SPLINE_CURVE_WITH_KNOTS('',3,(#7449,#7450,#7451,#7452,#7453,#7454,
#7455,#7456,#7457,#7458,#7459,#7460,#7461,#7462,#7463,#7464,#7465,#7466),
 .UNSPECIFIED.,.F.,.F.,(4,2,2,2,2,2,2,2,4),(0.422089252466043,0.474822337276785,
0.527555422087528,0.580331958299274,0.63310849451102,0.685908115350086,
0.738707736189153,0.79144312056062,0.844178504932086),.UNSPECIFIED.);
#55=B_SPLINE_CURVE_WITH_KNOTS('',3,(#7467,#7468,#7469,#7470,#7471,#7472,
#7473,#7474,#7475,#7476,#7477,#7478,#7479,#7480,#7481,#7482,#7483,#7484),
 .UNSPECIFIED.,.F.,.F.,(4,2,2,2,2,2,2,2,4),(0.,0.0527353843714666,0.105470768742933,
0.158270389582,0.211070010421067,0.263846546632813,0.316623082844558,0.369356167655301,
0.422089252466043),.UNSPECIFIED.);
#56=B_SPLINE_CURVE_WITH_KNOTS('',3,(#7485,#7486,#7487,#7488,#7489,#7490,
#7491,#7492,#7493,#7494,#7495,#7496,#7497,#7498,#7499,#7500,#7501,#7502),
 .UNSPECIFIED.,.F.,.F.,(4,2,2,2,2,2,2,2,4),(0.422078466600622,0.474811715819288,
0.527544965037954,0.58031932535043,0.633093685662907,0.685889885070116,
0.738686084477325,0.791421508839284,0.844156933201243),.UNSPECIFIED.);
#57=SHAPE_REPRESENTATION_RELATIONSHIP('SRR','None',#7730,#60);
#58=SHAPE_REPRESENTATION_RELATIONSHIP('SRR','None',#7731,#61);
#59=SHAPE_REPRESENTATION_RELATIONSHIP('SRR','None',#7732,#62);
#60=ADVANCED_BREP_SHAPE_REPRESENTATION('',(#69,#70),#7706);
#61=ADVANCED_BREP_SHAPE_REPRESENTATION('',(#71,#72),#7707);
#62=ADVANCED_BREP_SHAPE_REPRESENTATION('',(#73,#74),#7708);
#63=STYLED_ITEM('',(#7759),#69);
#64=STYLED_ITEM('',(#7759),#70);
#65=STYLED_ITEM('',(#7759),#71);
#66=STYLED_ITEM('',(#7759),#72);
#67=STYLED_ITEM('',(#7760),#73);
#68=STYLED_ITEM('',(#7760),#74);
#69=MANIFOLD_SOLID_BREP('Body1',#4305);
#70=MANIFOLD_SOLID_BREP('Body1 (1)',#4306);
#71=MANIFOLD_SOLID_BREP('Body1',#4307);
#72=MANIFOLD_SOLID_BREP('Body2',#4308);
#73=MANIFOLD_SOLID_BREP('Body1',#4309);
#74=MANIFOLD_SOLID_BREP('Body2',#4310);
#75=FACE_BOUND('',#549,.T.);
#76=FACE_BOUND('',#550,.T.);
#77=FACE_BOUND('',#551,.T.);
#78=FACE_BOUND('',#554,.T.);
#79=FACE_BOUND('',#555,.T.);
#80=FACE_BOUND('',#556,.T.);
#81=FACE_BOUND('',#557,.T.);
#82=FACE_BOUND('',#558,.T.);
#83=FACE_BOUND('',#559,.T.);
#84=FACE_BOUND('',#560,.T.);
#85=FACE_BOUND('',#561,.T.);
#86=FACE_BOUND('',#562,.T.);
#87=FACE_BOUND('',#563,.T.);
#88=FACE_BOUND('',#564,.T.);
#89=FACE_BOUND('',#565,.T.);
#90=FACE_BOUND('',#566,.T.);
#91=FACE_BOUND('',#567,.T.);
#92=FACE_BOUND('',#568,.T.);
#93=FACE_BOUND('',#590,.T.);
#94=FACE_BOUND('',#591,.T.);
#95=FACE_BOUND('',#592,.T.);
#96=FACE_BOUND('',#595,.T.);
#97=FACE_BOUND('',#596,.T.);
#98=FACE_BOUND('',#597,.T.);
#99=FACE_BOUND('',#598,.T.);
#100=FACE_BOUND('',#599,.T.);
#101=FACE_BOUND('',#600,.T.);
#102=FACE_BOUND('',#601,.T.);
#103=FACE_BOUND('',#602,.T.);
#104=FACE_BOUND('',#603,.T.);
#105=FACE_BOUND('',#604,.T.);
#106=FACE_BOUND('',#605,.T.);
#107=FACE_BOUND('',#606,.T.);
#108=FACE_BOUND('',#607,.T.);
#109=FACE_BOUND('',#608,.T.);
#110=FACE_BOUND('',#609,.T.);
#111=FACE_BOUND('',#614,.T.);
#112=FACE_BOUND('',#615,.T.);
#113=FACE_BOUND('',#616,.T.);
#114=FACE_BOUND('',#619,.T.);
#115=FACE_BOUND('',#620,.T.);
#116=FACE_BOUND('',#621,.T.);
#117=FACE_BOUND('',#622,.T.);
#118=FACE_BOUND('',#623,.T.);
#119=FACE_BOUND('',#624,.T.);
#120=FACE_BOUND('',#625,.T.);
#121=FACE_BOUND('',#626,.T.);
#122=FACE_BOUND('',#637,.T.);
#123=FACE_BOUND('',#638,.T.);
#124=FACE_BOUND('',#639,.T.);
#125=FACE_BOUND('',#643,.T.);
#126=FACE_BOUND('',#644,.T.);
#127=FACE_BOUND('',#645,.T.);
#128=FACE_BOUND('',#646,.T.);
#129=FACE_BOUND('',#647,.T.);
#130=FACE_BOUND('',#648,.T.);
#131=FACE_BOUND('',#649,.T.);
#132=FACE_BOUND('',#650,.T.);
#133=FACE_BOUND('',#659,.T.);
#134=FACE_BOUND('',#660,.T.);
#135=FACE_BOUND('',#661,.T.);
#136=FACE_BOUND('',#662,.T.);
#137=FACE_BOUND('',#663,.T.);
#138=FACE_BOUND('',#664,.T.);
#139=FACE_BOUND('',#665,.T.);
#140=FACE_BOUND('',#666,.T.);
#141=FACE_BOUND('',#667,.T.);
#142=FACE_BOUND('',#668,.T.);
#143=FACE_BOUND('',#681,.T.);
#144=FACE_BOUND('',#682,.T.);
#145=FACE_BOUND('',#683,.T.);
#146=FACE_BOUND('',#684,.T.);
#147=FACE_BOUND('',#685,.T.);
#148=FACE_BOUND('',#686,.T.);
#149=FACE_BOUND('',#687,.T.);
#150=FACE_BOUND('',#688,.T.);
#151=FACE_BOUND('',#689,.T.);
#152=FACE_BOUND('',#690,.T.);
#153=FACE_BOUND('',#699,.T.);
#154=FACE_BOUND('',#700,.T.);
#155=FACE_BOUND('',#701,.T.);
#156=FACE_BOUND('',#702,.T.);
#157=FACE_BOUND('',#703,.T.);
#158=FACE_BOUND('',#704,.T.);
#159=FACE_BOUND('',#705,.T.);
#160=FACE_BOUND('',#706,.T.);
#161=FACE_BOUND('',#707,.T.);
#162=FACE_BOUND('',#708,.T.);
#163=FACE_BOUND('',#721,.T.);
#164=FACE_BOUND('',#722,.T.);
#165=FACE_BOUND('',#723,.T.);
#166=FACE_BOUND('',#724,.T.);
#167=FACE_BOUND('',#725,.T.);
#168=FACE_BOUND('',#726,.T.);
#169=FACE_BOUND('',#727,.T.);
#170=FACE_BOUND('',#728,.T.);
#171=FACE_BOUND('',#729,.T.);
#172=FACE_BOUND('',#730,.T.);
#173=FACE_BOUND('',#740,.T.);
#174=FACE_BOUND('',#741,.T.);
#175=FACE_BOUND('',#742,.T.);
#176=FACE_BOUND('',#743,.T.);
#177=FACE_BOUND('',#745,.T.);
#178=FACE_BOUND('',#746,.T.);
#179=FACE_BOUND('',#747,.T.);
#180=FACE_BOUND('',#760,.T.);
#181=FACE_BOUND('',#766,.T.);
#182=FACE_BOUND('',#768,.T.);
#183=FACE_BOUND('',#769,.T.);
#184=FACE_BOUND('',#777,.T.);
#185=FACE_BOUND('',#779,.T.);
#186=FACE_BOUND('',#780,.T.);
#187=FACE_BOUND('',#784,.T.);
#188=FACE_BOUND('',#785,.T.);
#189=FACE_BOUND('',#789,.T.);
#190=FACE_BOUND('',#796,.T.);
#191=FACE_BOUND('',#797,.T.);
#192=FACE_BOUND('',#799,.T.);
#193=FACE_BOUND('',#800,.T.);
#194=FACE_BOUND('',#801,.T.);
#195=FACE_BOUND('',#803,.T.);
#196=FACE_BOUND('',#805,.T.);
#197=FACE_BOUND('',#806,.T.);
#198=FACE_BOUND('',#807,.T.);
#199=FACE_BOUND('',#808,.T.);
#200=FACE_BOUND('',#809,.T.);
#201=FACE_BOUND('',#810,.T.);
#202=FACE_BOUND('',#811,.T.);
#203=FACE_BOUND('',#813,.T.);
#204=FACE_BOUND('',#814,.T.);
#205=FACE_BOUND('',#815,.T.);
#206=FACE_BOUND('',#816,.T.);
#207=FACE_BOUND('',#817,.T.);
#208=FACE_BOUND('',#818,.T.);
#209=FACE_BOUND('',#819,.T.);
#210=FACE_BOUND('',#820,.T.);
#211=FACE_BOUND('',#821,.T.);
#212=FACE_BOUND('',#822,.T.);
#213=FACE_BOUND('',#840,.T.);
#214=FACE_BOUND('',#841,.T.);
#215=FACE_BOUND('',#842,.T.);
#216=FACE_BOUND('',#843,.T.);
#217=FACE_BOUND('',#845,.T.);
#218=FACE_BOUND('',#846,.T.);
#219=FACE_BOUND('',#847,.T.);
#220=FACE_BOUND('',#860,.T.);
#221=FACE_BOUND('',#866,.T.);
#222=FACE_BOUND('',#868,.T.);
#223=FACE_BOUND('',#869,.T.);
#224=FACE_BOUND('',#877,.T.);
#225=FACE_BOUND('',#879,.T.);
#226=FACE_BOUND('',#880,.T.);
#227=FACE_BOUND('',#884,.T.);
#228=FACE_BOUND('',#885,.T.);
#229=FACE_BOUND('',#889,.T.);
#230=FACE_BOUND('',#896,.T.);
#231=FACE_BOUND('',#897,.T.);
#232=FACE_BOUND('',#899,.T.);
#233=FACE_BOUND('',#900,.T.);
#234=FACE_BOUND('',#901,.T.);
#235=FACE_BOUND('',#903,.T.);
#236=FACE_BOUND('',#905,.T.);
#237=FACE_BOUND('',#906,.T.);
#238=FACE_BOUND('',#907,.T.);
#239=FACE_BOUND('',#908,.T.);
#240=FACE_BOUND('',#909,.T.);
#241=FACE_BOUND('',#910,.T.);
#242=FACE_BOUND('',#911,.T.);
#243=FACE_BOUND('',#913,.T.);
#244=FACE_BOUND('',#914,.T.);
#245=FACE_BOUND('',#915,.T.);
#246=FACE_BOUND('',#916,.T.);
#247=FACE_BOUND('',#917,.T.);
#248=FACE_BOUND('',#918,.T.);
#249=FACE_BOUND('',#919,.T.);
#250=FACE_BOUND('',#920,.T.);
#251=FACE_BOUND('',#921,.T.);
#252=FACE_BOUND('',#922,.T.);
#253=PLANE('',#4356);
#254=PLANE('',#4357);
#255=PLANE('',#4358);
#256=PLANE('',#4395);
#257=PLANE('',#4398);
#258=PLANE('',#4409);
#259=PLANE('',#4410);
#260=PLANE('',#4411);
#261=PLANE('',#4412);
#262=PLANE('',#4413);
#263=PLANE('',#4423);
#264=PLANE('',#4424);
#265=PLANE('',#4425);
#266=PLANE('',#4450);
#267=PLANE('',#4451);
#268=PLANE('',#4452);
#269=PLANE('',#4453);
#270=PLANE('',#4454);
#271=PLANE('',#4465);
#272=PLANE('',#4469);
#273=PLANE('',#4470);
#274=PLANE('',#4472);
#275=PLANE('',#4494);
#276=PLANE('',#4497);
#277=PLANE('',#4498);
#278=PLANE('',#4499);
#279=PLANE('',#4509);
#280=PLANE('',#4513);
#281=PLANE('',#4514);
#282=PLANE('',#4516);
#283=PLANE('',#4538);
#284=PLANE('',#4541);
#285=PLANE('',#4542);
#286=PLANE('',#4543);
#287=PLANE('',#4561);
#288=PLANE('',#4562);
#289=PLANE('',#4563);
#290=PLANE('',#4568);
#291=PLANE('',#4600);
#292=PLANE('',#4603);
#293=PLANE('',#4606);
#294=PLANE('',#4609);
#295=PLANE('',#4610);
#296=PLANE('',#4611);
#297=PLANE('',#4614);
#298=PLANE('',#4623);
#299=PLANE('',#4624);
#300=PLANE('',#4625);
#301=PLANE('',#4626);
#302=PLANE('',#4629);
#303=PLANE('',#4632);
#304=PLANE('',#4635);
#305=PLANE('',#4636);
#306=PLANE('',#4637);
#307=PLANE('',#4638);
#308=PLANE('',#4641);
#309=PLANE('',#4642);
#310=PLANE('',#4650);
#311=PLANE('',#4665);
#312=PLANE('',#4682);
#313=PLANE('',#4683);
#314=PLANE('',#4684);
#315=PLANE('',#4689);
#316=PLANE('',#4721);
#317=PLANE('',#4724);
#318=PLANE('',#4727);
#319=PLANE('',#4730);
#320=PLANE('',#4731);
#321=PLANE('',#4732);
#322=PLANE('',#4735);
#323=PLANE('',#4744);
#324=PLANE('',#4745);
#325=PLANE('',#4746);
#326=PLANE('',#4747);
#327=PLANE('',#4750);
#328=PLANE('',#4753);
#329=PLANE('',#4756);
#330=PLANE('',#4757);
#331=PLANE('',#4758);
#332=PLANE('',#4759);
#333=PLANE('',#4762);
#334=PLANE('',#4763);
#335=PLANE('',#4771);
#336=PLANE('',#4786);
#337=FACE_OUTER_BOUND('',#545,.T.);
#338=FACE_OUTER_BOUND('',#546,.T.);
#339=FACE_OUTER_BOUND('',#547,.T.);
#340=FACE_OUTER_BOUND('',#548,.T.);
#341=FACE_OUTER_BOUND('',#552,.T.);
#342=FACE_OUTER_BOUND('',#553,.T.);
#343=FACE_OUTER_BOUND('',#569,.T.);
#344=FACE_OUTER_BOUND('',#570,.T.);
#345=FACE_OUTER_BOUND('',#571,.T.);
#346=FACE_OUTER_BOUND('',#572,.T.);
#347=FACE_OUTER_BOUND('',#573,.T.);
#348=FACE_OUTER_BOUND('',#574,.T.);
#349=FACE_OUTER_BOUND('',#575,.T.);
#350=FACE_OUTER_BOUND('',#576,.T.);
#351=FACE_OUTER_BOUND('',#577,.T.);
#352=FACE_OUTER_BOUND('',#578,.T.);
#353=FACE_OUTER_BOUND('',#579,.T.);
#354=FACE_OUTER_BOUND('',#580,.T.);
#355=FACE_OUTER_BOUND('',#581,.T.);
#356=FACE_OUTER_BOUND('',#582,.T.);
#357=FACE_OUTER_BOUND('',#583,.T.);
#358=FACE_OUTER_BOUND('',#584,.T.);
#359=FACE_OUTER_BOUND('',#585,.T.);
#360=FACE_OUTER_BOUND('',#586,.T.);
#361=FACE_OUTER_BOUND('',#587,.T.);
#362=FACE_OUTER_BOUND('',#588,.T.);
#363=FACE_OUTER_BOUND('',#589,.T.);
#364=FACE_OUTER_BOUND('',#593,.T.);
#365=FACE_OUTER_BOUND('',#594,.T.);
#366=FACE_OUTER_BOUND('',#610,.T.);
#367=FACE_OUTER_BOUND('',#611,.T.);
#368=FACE_OUTER_BOUND('',#612,.T.);
#369=FACE_OUTER_BOUND('',#613,.T.);
#370=FACE_OUTER_BOUND('',#617,.T.);
#371=FACE_OUTER_BOUND('',#618,.T.);
#372=FACE_OUTER_BOUND('',#627,.T.);
#373=FACE_OUTER_BOUND('',#628,.T.);
#374=FACE_OUTER_BOUND('',#629,.T.);
#375=FACE_OUTER_BOUND('',#630,.T.);
#376=FACE_OUTER_BOUND('',#631,.T.);
#377=FACE_OUTER_BOUND('',#632,.T.);
#378=FACE_OUTER_BOUND('',#633,.T.);
#379=FACE_OUTER_BOUND('',#634,.T.);
#380=FACE_OUTER_BOUND('',#635,.T.);
#381=FACE_OUTER_BOUND('',#636,.T.);
#382=FACE_OUTER_BOUND('',#640,.T.);
#383=FACE_OUTER_BOUND('',#641,.T.);
#384=FACE_OUTER_BOUND('',#642,.T.);
#385=FACE_OUTER_BOUND('',#651,.T.);
#386=FACE_OUTER_BOUND('',#652,.T.);
#387=FACE_OUTER_BOUND('',#653,.T.);
#388=FACE_OUTER_BOUND('',#654,.T.);
#389=FACE_OUTER_BOUND('',#655,.T.);
#390=FACE_OUTER_BOUND('',#656,.T.);
#391=FACE_OUTER_BOUND('',#657,.T.);
#392=FACE_OUTER_BOUND('',#658,.T.);
#393=FACE_OUTER_BOUND('',#669,.T.);
#394=FACE_OUTER_BOUND('',#670,.T.);
#395=FACE_OUTER_BOUND('',#671,.T.);
#396=FACE_OUTER_BOUND('',#672,.T.);
#397=FACE_OUTER_BOUND('',#673,.T.);
#398=FACE_OUTER_BOUND('',#674,.T.);
#399=FACE_OUTER_BOUND('',#675,.T.);
#400=FACE_OUTER_BOUND('',#676,.T.);
#401=FACE_OUTER_BOUND('',#677,.T.);
#402=FACE_OUTER_BOUND('',#678,.T.);
#403=FACE_OUTER_BOUND('',#679,.T.);
#404=FACE_OUTER_BOUND('',#680,.T.);
#405=FACE_OUTER_BOUND('',#691,.T.);
#406=FACE_OUTER_BOUND('',#692,.T.);
#407=FACE_OUTER_BOUND('',#693,.T.);
#408=FACE_OUTER_BOUND('',#694,.T.);
#409=FACE_OUTER_BOUND('',#695,.T.);
#410=FACE_OUTER_BOUND('',#696,.T.);
#411=FACE_OUTER_BOUND('',#697,.T.);
#412=FACE_OUTER_BOUND('',#698,.T.);
#413=FACE_OUTER_BOUND('',#709,.T.);
#414=FACE_OUTER_BOUND('',#710,.T.);
#415=FACE_OUTER_BOUND('',#711,.T.);
#416=FACE_OUTER_BOUND('',#712,.T.);
#417=FACE_OUTER_BOUND('',#713,.T.);
#418=FACE_OUTER_BOUND('',#714,.T.);
#419=FACE_OUTER_BOUND('',#715,.T.);
#420=FACE_OUTER_BOUND('',#716,.T.);
#421=FACE_OUTER_BOUND('',#717,.T.);
#422=FACE_OUTER_BOUND('',#718,.T.);
#423=FACE_OUTER_BOUND('',#719,.T.);
#424=FACE_OUTER_BOUND('',#720,.T.);
#425=FACE_OUTER_BOUND('',#731,.T.);
#426=FACE_OUTER_BOUND('',#732,.T.);
#427=FACE_OUTER_BOUND('',#733,.T.);
#428=FACE_OUTER_BOUND('',#734,.T.);
#429=FACE_OUTER_BOUND('',#735,.T.);
#430=FACE_OUTER_BOUND('',#736,.T.);
#431=FACE_OUTER_BOUND('',#737,.T.);
#432=FACE_OUTER_BOUND('',#738,.T.);
#433=FACE_OUTER_BOUND('',#739,.T.);
#434=FACE_OUTER_BOUND('',#744,.T.);
#435=FACE_OUTER_BOUND('',#748,.T.);
#436=FACE_OUTER_BOUND('',#749,.T.);
#437=FACE_OUTER_BOUND('',#750,.T.);
#438=FACE_OUTER_BOUND('',#751,.T.);
#439=FACE_OUTER_BOUND('',#752,.T.);
#440=FACE_OUTER_BOUND('',#753,.T.);
#441=FACE_OUTER_BOUND('',#754,.T.);
#442=FACE_OUTER_BOUND('',#755,.T.);
#443=FACE_OUTER_BOUND('',#756,.T.);
#444=FACE_OUTER_BOUND('',#757,.T.);
#445=FACE_OUTER_BOUND('',#758,.T.);
#446=FACE_OUTER_BOUND('',#759,.T.);
#447=FACE_OUTER_BOUND('',#761,.T.);
#448=FACE_OUTER_BOUND('',#762,.T.);
#449=FACE_OUTER_BOUND('',#763,.T.);
#450=FACE_OUTER_BOUND('',#764,.T.);
#451=FACE_OUTER_BOUND('',#765,.T.);
#452=FACE_OUTER_BOUND('',#767,.T.);
#453=FACE_OUTER_BOUND('',#770,.T.);
#454=FACE_OUTER_BOUND('',#771,.T.);
#455=FACE_OUTER_BOUND('',#772,.T.);
#456=FACE_OUTER_BOUND('',#773,.T.);
#457=FACE_OUTER_BOUND('',#774,.T.);
#458=FACE_OUTER_BOUND('',#775,.T.);
#459=FACE_OUTER_BOUND('',#776,.T.);
#460=FACE_OUTER_BOUND('',#778,.T.);
#461=FACE_OUTER_BOUND('',#781,.T.);
#462=FACE_OUTER_BOUND('',#782,.T.);
#463=FACE_OUTER_BOUND('',#783,.T.);
#464=FACE_OUTER_BOUND('',#786,.T.);
#465=FACE_OUTER_BOUND('',#787,.T.);
#466=FACE_OUTER_BOUND('',#788,.T.);
#467=FACE_OUTER_BOUND('',#790,.T.);
#468=FACE_OUTER_BOUND('',#791,.T.);
#469=FACE_OUTER_BOUND('',#792,.T.);
#470=FACE_OUTER_BOUND('',#793,.T.);
#471=FACE_OUTER_BOUND('',#794,.T.);
#472=FACE_OUTER_BOUND('',#795,.T.);
#473=FACE_OUTER_BOUND('',#798,.T.);
#474=FACE_OUTER_BOUND('',#802,.T.);
#475=FACE_OUTER_BOUND('',#804,.T.);
#476=FACE_OUTER_BOUND('',#812,.T.);
#477=FACE_OUTER_BOUND('',#823,.T.);
#478=FACE_OUTER_BOUND('',#824,.T.);
#479=FACE_OUTER_BOUND('',#825,.T.);
#480=FACE_OUTER_BOUND('',#826,.T.);
#481=FACE_OUTER_BOUND('',#827,.T.);
#482=FACE_OUTER_BOUND('',#828,.T.);
#483=FACE_OUTER_BOUND('',#829,.T.);
#484=FACE_OUTER_BOUND('',#830,.T.);
#485=FACE_OUTER_BOUND('',#831,.T.);
#486=FACE_OUTER_BOUND('',#832,.T.);
#487=FACE_OUTER_BOUND('',#833,.T.);
#488=FACE_OUTER_BOUND('',#834,.T.);
#489=FACE_OUTER_BOUND('',#835,.T.);
#490=FACE_OUTER_BOUND('',#836,.T.);
#491=FACE_OUTER_BOUND('',#837,.T.);
#492=FACE_OUTER_BOUND('',#838,.T.);
#493=FACE_OUTER_BOUND('',#839,.T.);
#494=FACE_OUTER_BOUND('',#844,.T.);
#495=FACE_OUTER_BOUND('',#848,.T.);
#496=FACE_OUTER_BOUND('',#849,.T.);
#497=FACE_OUTER_BOUND('',#850,.T.);
#498=FACE_OUTER_BOUND('',#851,.T.);
#499=FACE_OUTER_BOUND('',#852,.T.);
#500=FACE_OUTER_BOUND('',#853,.T.);
#501=FACE_OUTER_BOUND('',#854,.T.);
#502=FACE_OUTER_BOUND('',#855,.T.);
#503=FACE_OUTER_BOUND('',#856,.T.);
#504=FACE_OUTER_BOUND('',#857,.T.);
#505=FACE_OUTER_BOUND('',#858,.T.);
#506=FACE_OUTER_BOUND('',#859,.T.);
#507=FACE_OUTER_BOUND('',#861,.T.);
#508=FACE_OUTER_BOUND('',#862,.T.);
#509=FACE_OUTER_BOUND('',#863,.T.);
#510=FACE_OUTER_BOUND('',#864,.T.);
#511=FACE_OUTER_BOUND('',#865,.T.);
#512=FACE_OUTER_BOUND('',#867,.T.);
#513=FACE_OUTER_BOUND('',#870,.T.);
#514=FACE_OUTER_BOUND('',#871,.T.);
#515=FACE_OUTER_BOUND('',#872,.T.);
#516=FACE_OUTER_BOUND('',#873,.T.);
#517=FACE_OUTER_BOUND('',#874,.T.);
#518=FACE_OUTER_BOUND('',#875,.T.);
#519=FACE_OUTER_BOUND('',#876,.T.);
#520=FACE_OUTER_BOUND('',#878,.T.);
#521=FACE_OUTER_BOUND('',#881,.T.);
#522=FACE_OUTER_BOUND('',#882,.T.);
#523=FACE_OUTER_BOUND('',#883,.T.);
#524=FACE_OUTER_BOUND('',#886,.T.);
#525=FACE_OUTER_BOUND('',#887,.T.);
#526=FACE_OUTER_BOUND('',#888,.T.);
#527=FACE_OUTER_BOUND('',#890,.T.);
#528=FACE_OUTER_BOUND('',#891,.T.);
#529=FACE_OUTER_BOUND('',#892,.T.);
#530=FACE_OUTER_BOUND('',#893,.T.);
#531=FACE_OUTER_BOUND('',#894,.T.);
#532=FACE_OUTER_BOUND('',#895,.T.);
#533=FACE_OUTER_BOUND('',#898,.T.);
#534=FACE_OUTER_BOUND('',#902,.T.);
#535=FACE_OUTER_BOUND('',#904,.T.);
#536=FACE_OUTER_BOUND('',#912,.T.);
#537=FACE_OUTER_BOUND('',#923,.T.);
#538=FACE_OUTER_BOUND('',#924,.T.);
#539=FACE_OUTER_BOUND('',#925,.T.);
#540=FACE_OUTER_BOUND('',#926,.T.);
#541=FACE_OUTER_BOUND('',#927,.T.);
#542=FACE_OUTER_BOUND('',#928,.T.);
#543=FACE_OUTER_BOUND('',#929,.T.);
#544=FACE_OUTER_BOUND('',#930,.T.);
#545=EDGE_LOOP('',(#2799,#2800,#2801,#2802));
#546=EDGE_LOOP('',(#2803,#2804,#2805,#2806));
#547=EDGE_LOOP('',(#2807,#2808,#2809,#2810));
#548=EDGE_LOOP('',(#2811,#2812,#2813,#2814));
#549=EDGE_LOOP('',(#2815));
#550=EDGE_LOOP('',(#2816));
#551=EDGE_LOOP('',(#2817));
#552=EDGE_LOOP('',(#2818,#2819,#2820,#2821));
#553=EDGE_LOOP('',(#2822,#2823,#2824,#2825));
#554=EDGE_LOOP('',(#2826));
#555=EDGE_LOOP('',(#2827));
#556=EDGE_LOOP('',(#2828));
#557=EDGE_LOOP('',(#2829));
#558=EDGE_LOOP('',(#2830));
#559=EDGE_LOOP('',(#2831));
#560=EDGE_LOOP('',(#2832));
#561=EDGE_LOOP('',(#2833));
#562=EDGE_LOOP('',(#2834));
#563=EDGE_LOOP('',(#2835));
#564=EDGE_LOOP('',(#2836,#2837,#2838,#2839));
#565=EDGE_LOOP('',(#2840));
#566=EDGE_LOOP('',(#2841));
#567=EDGE_LOOP('',(#2842));
#568=EDGE_LOOP('',(#2843));
#569=EDGE_LOOP('',(#2844,#2845,#2846,#2847));
#570=EDGE_LOOP('',(#2848,#2849,#2850,#2851));
#571=EDGE_LOOP('',(#2852,#2853,#2854,#2855));
#572=EDGE_LOOP('',(#2856,#2857,#2858,#2859));
#573=EDGE_LOOP('',(#2860,#2861,#2862,#2863));
#574=EDGE_LOOP('',(#2864,#2865,#2866,#2867));
#575=EDGE_LOOP('',(#2868,#2869,#2870,#2871));
#576=EDGE_LOOP('',(#2872,#2873,#2874,#2875));
#577=EDGE_LOOP('',(#2876,#2877,#2878,#2879));
#578=EDGE_LOOP('',(#2880,#2881,#2882,#2883));
#579=EDGE_LOOP('',(#2884,#2885,#2886,#2887));
#580=EDGE_LOOP('',(#2888,#2889,#2890,#2891));
#581=EDGE_LOOP('',(#2892,#2893,#2894,#2895));
#582=EDGE_LOOP('',(#2896,#2897,#2898,#2899));
#583=EDGE_LOOP('',(#2900,#2901,#2902,#2903));
#584=EDGE_LOOP('',(#2904,#2905,#2906,#2907));
#585=EDGE_LOOP('',(#2908,#2909,#2910,#2911));
#586=EDGE_LOOP('',(#2912,#2913,#2914,#2915));
#587=EDGE_LOOP('',(#2916,#2917,#2918,#2919));
#588=EDGE_LOOP('',(#2920,#2921,#2922,#2923,#2924,#2925));
#589=EDGE_LOOP('',(#2926,#2927,#2928,#2929));
#590=EDGE_LOOP('',(#2930));
#591=EDGE_LOOP('',(#2931));
#592=EDGE_LOOP('',(#2932));
#593=EDGE_LOOP('',(#2933,#2934,#2935,#2936,#2937,#2938));
#594=EDGE_LOOP('',(#2939,#2940,#2941,#2942));
#595=EDGE_LOOP('',(#2943));
#596=EDGE_LOOP('',(#2944));
#597=EDGE_LOOP('',(#2945));
#598=EDGE_LOOP('',(#2946));
#599=EDGE_LOOP('',(#2947,#2948,#2949,#2950));
#600=EDGE_LOOP('',(#2951));
#601=EDGE_LOOP('',(#2952));
#602=EDGE_LOOP('',(#2953));
#603=EDGE_LOOP('',(#2954));
#604=EDGE_LOOP('',(#2955));
#605=EDGE_LOOP('',(#2956));
#606=EDGE_LOOP('',(#2957));
#607=EDGE_LOOP('',(#2958));
#608=EDGE_LOOP('',(#2959));
#609=EDGE_LOOP('',(#2960));
#610=EDGE_LOOP('',(#2961,#2962,#2963,#2964));
#611=EDGE_LOOP('',(#2965,#2966,#2967,#2968));
#612=EDGE_LOOP('',(#2969,#2970,#2971,#2972));
#613=EDGE_LOOP('',(#2973,#2974,#2975,#2976));
#614=EDGE_LOOP('',(#2977));
#615=EDGE_LOOP('',(#2978));
#616=EDGE_LOOP('',(#2979));
#617=EDGE_LOOP('',(#2980,#2981,#2982,#2983));
#618=EDGE_LOOP('',(#2984,#2985,#2986,#2987));
#619=EDGE_LOOP('',(#2988));
#620=EDGE_LOOP('',(#2989));
#621=EDGE_LOOP('',(#2990));
#622=EDGE_LOOP('',(#2991));
#623=EDGE_LOOP('',(#2992));
#624=EDGE_LOOP('',(#2993));
#625=EDGE_LOOP('',(#2994));
#626=EDGE_LOOP('',(#2995));
#627=EDGE_LOOP('',(#2996,#2997,#2998,#2999));
#628=EDGE_LOOP('',(#3000,#3001,#3002,#3003));
#629=EDGE_LOOP('',(#3004,#3005,#3006,#3007));
#630=EDGE_LOOP('',(#3008,#3009,#3010,#3011));
#631=EDGE_LOOP('',(#3012,#3013,#3014,#3015));
#632=EDGE_LOOP('',(#3016,#3017,#3018,#3019));
#633=EDGE_LOOP('',(#3020,#3021,#3022,#3023));
#634=EDGE_LOOP('',(#3024,#3025,#3026,#3027));
#635=EDGE_LOOP('',(#3028,#3029,#3030,#3031,#3032,#3033));
#636=EDGE_LOOP('',(#3034,#3035,#3036,#3037));
#637=EDGE_LOOP('',(#3038));
#638=EDGE_LOOP('',(#3039));
#639=EDGE_LOOP('',(#3040));
#640=EDGE_LOOP('',(#3041,#3042,#3043,#3044,#3045,#3046));
#641=EDGE_LOOP('',(#3047,#3048,#3049,#3050));
#642=EDGE_LOOP('',(#3051,#3052,#3053,#3054));
#643=EDGE_LOOP('',(#3055));
#644=EDGE_LOOP('',(#3056));
#645=EDGE_LOOP('',(#3057));
#646=EDGE_LOOP('',(#3058));
#647=EDGE_LOOP('',(#3059));
#648=EDGE_LOOP('',(#3060));
#649=EDGE_LOOP('',(#3061));
#650=EDGE_LOOP('',(#3062));
#651=EDGE_LOOP('',(#3063,#3064,#3065,#3066));
#652=EDGE_LOOP('',(#3067,#3068,#3069,#3070));
#653=EDGE_LOOP('',(#3071,#3072,#3073,#3074));
#654=EDGE_LOOP('',(#3075,#3076,#3077,#3078));
#655=EDGE_LOOP('',(#3079,#3080,#3081,#3082));
#656=EDGE_LOOP('',(#3083,#3084,#3085,#3086));
#657=EDGE_LOOP('',(#3087,#3088,#3089,#3090,#3091,#3092,#3093,#3094));
#658=EDGE_LOOP('',(#3095,#3096,#3097,#3098));
#659=EDGE_LOOP('',(#3099));
#660=EDGE_LOOP('',(#3100));
#661=EDGE_LOOP('',(#3101));
#662=EDGE_LOOP('',(#3102));
#663=EDGE_LOOP('',(#3103));
#664=EDGE_LOOP('',(#3104));
#665=EDGE_LOOP('',(#3105));
#666=EDGE_LOOP('',(#3106));
#667=EDGE_LOOP('',(#3107));
#668=EDGE_LOOP('',(#3108));
#669=EDGE_LOOP('',(#3109,#3110,#3111,#3112));
#670=EDGE_LOOP('',(#3113,#3114,#3115,#3116));
#671=EDGE_LOOP('',(#3117,#3118,#3119,#3120));
#672=EDGE_LOOP('',(#3121,#3122,#3123,#3124));
#673=EDGE_LOOP('',(#3125,#3126,#3127,#3128));
#674=EDGE_LOOP('',(#3129,#3130,#3131,#3132));
#675=EDGE_LOOP('',(#3133,#3134,#3135,#3136));
#676=EDGE_LOOP('',(#3137,#3138,#3139,#3140));
#677=EDGE_LOOP('',(#3141,#3142,#3143,#3144));
#678=EDGE_LOOP('',(#3145,#3146,#3147,#3148));
#679=EDGE_LOOP('',(#3149,#3150,#3151,#3152,#3153,#3154,#3155,#3156));
#680=EDGE_LOOP('',(#3157,#3158,#3159,#3160));
#681=EDGE_LOOP('',(#3161));
#682=EDGE_LOOP('',(#3162));
#683=EDGE_LOOP('',(#3163));
#684=EDGE_LOOP('',(#3164));
#685=EDGE_LOOP('',(#3165));
#686=EDGE_LOOP('',(#3166));
#687=EDGE_LOOP('',(#3167));
#688=EDGE_LOOP('',(#3168));
#689=EDGE_LOOP('',(#3169));
#690=EDGE_LOOP('',(#3170));
#691=EDGE_LOOP('',(#3171,#3172,#3173,#3174));
#692=EDGE_LOOP('',(#3175,#3176,#3177,#3178));
#693=EDGE_LOOP('',(#3179,#3180,#3181,#3182));
#694=EDGE_LOOP('',(#3183,#3184,#3185,#3186));
#695=EDGE_LOOP('',(#3187,#3188,#3189,#3190));
#696=EDGE_LOOP('',(#3191,#3192,#3193,#3194));
#697=EDGE_LOOP('',(#3195,#3196,#3197,#3198,#3199,#3200,#3201,#3202));
#698=EDGE_LOOP('',(#3203,#3204,#3205,#3206));
#699=EDGE_LOOP('',(#3207));
#700=EDGE_LOOP('',(#3208));
#701=EDGE_LOOP('',(#3209));
#702=EDGE_LOOP('',(#3210));
#703=EDGE_LOOP('',(#3211));
#704=EDGE_LOOP('',(#3212));
#705=EDGE_LOOP('',(#3213));
#706=EDGE_LOOP('',(#3214));
#707=EDGE_LOOP('',(#3215));
#708=EDGE_LOOP('',(#3216));
#709=EDGE_LOOP('',(#3217,#3218,#3219,#3220));
#710=EDGE_LOOP('',(#3221,#3222,#3223,#3224));
#711=EDGE_LOOP('',(#3225,#3226,#3227,#3228));
#712=EDGE_LOOP('',(#3229,#3230,#3231,#3232));
#713=EDGE_LOOP('',(#3233,#3234,#3235,#3236));
#714=EDGE_LOOP('',(#3237,#3238,#3239,#3240));
#715=EDGE_LOOP('',(#3241,#3242,#3243,#3244));
#716=EDGE_LOOP('',(#3245,#3246,#3247,#3248));
#717=EDGE_LOOP('',(#3249,#3250,#3251,#3252));
#718=EDGE_LOOP('',(#3253,#3254,#3255,#3256));
#719=EDGE_LOOP('',(#3257,#3258,#3259,#3260,#3261,#3262,#3263,#3264));
#720=EDGE_LOOP('',(#3265,#3266,#3267,#3268));
#721=EDGE_LOOP('',(#3269));
#722=EDGE_LOOP('',(#3270));
#723=EDGE_LOOP('',(#3271));
#724=EDGE_LOOP('',(#3272));
#725=EDGE_LOOP('',(#3273));
#726=EDGE_LOOP('',(#3274));
#727=EDGE_LOOP('',(#3275));
#728=EDGE_LOOP('',(#3276));
#729=EDGE_LOOP('',(#3277));
#730=EDGE_LOOP('',(#3278));
#731=EDGE_LOOP('',(#3279,#3280,#3281,#3282));
#732=EDGE_LOOP('',(#3283,#3284,#3285,#3286,#3287));
#733=EDGE_LOOP('',(#3288,#3289,#3290,#3291));
#734=EDGE_LOOP('',(#3292,#3293,#3294,#3295,#3296));
#735=EDGE_LOOP('',(#3297,#3298,#3299,#3300));
#736=EDGE_LOOP('',(#3301,#3302,#3303,#3304,#3305,#3306,#3307,#3308));
#737=EDGE_LOOP('',(#3309,#3310,#3311));
#738=EDGE_LOOP('',(#3312,#3313,#3314));
#739=EDGE_LOOP('',(#3315,#3316,#3317,#3318,#3319,#3320,#3321,#3322,#3323,
#3324,#3325,#3326));
#740=EDGE_LOOP('',(#3327));
#741=EDGE_LOOP('',(#3328));
#742=EDGE_LOOP('',(#3329));
#743=EDGE_LOOP('',(#3330));
#744=EDGE_LOOP('',(#3331,#3332,#3333,#3334,#3335,#3336,#3337,#3338,#3339,
#3340,#3341,#3342,#3343,#3344,#3345,#3346,#3347,#3348,#3349,#3350,#3351,
#3352,#3353,#3354,#3355,#3356,#3357,#3358,#3359,#3360));
#745=EDGE_LOOP('',(#3361));
#746=EDGE_LOOP('',(#3362));
#747=EDGE_LOOP('',(#3363));
#748=EDGE_LOOP('',(#3364,#3365,#3366,#3367));
#749=EDGE_LOOP('',(#3368,#3369,#3370,#3371,#3372,#3373));
#750=EDGE_LOOP('',(#3374,#3375,#3376,#3377,#3378,#3379));
#751=EDGE_LOOP('',(#3380,#3381,#3382,#3383,#3384,#3385));
#752=EDGE_LOOP('',(#3386,#3387,#3388,#3389));
#753=EDGE_LOOP('',(#3390,#3391,#3392,#3393));
#754=EDGE_LOOP('',(#3394,#3395,#3396,#3397));
#755=EDGE_LOOP('',(#3398,#3399,#3400,#3401));
#756=EDGE_LOOP('',(#3402,#3403,#3404,#3405));
#757=EDGE_LOOP('',(#3406,#3407,#3408,#3409));
#758=EDGE_LOOP('',(#3410,#3411,#3412,#3413));
#759=EDGE_LOOP('',(#3414,#3415,#3416,#3417));
#760=EDGE_LOOP('',(#3418,#3419));
#761=EDGE_LOOP('',(#3420,#3421,#3422,#3423));
#762=EDGE_LOOP('',(#3424,#3425,#3426,#3427));
#763=EDGE_LOOP('',(#3428,#3429,#3430,#3431));
#764=EDGE_LOOP('',(#3432,#3433,#3434,#3435));
#765=EDGE_LOOP('',(#3436,#3437,#3438,#3439));
#766=EDGE_LOOP('',(#3440));
#767=EDGE_LOOP('',(#3441,#3442,#3443,#3444));
#768=EDGE_LOOP('',(#3445));
#769=EDGE_LOOP('',(#3446));
#770=EDGE_LOOP('',(#3447,#3448,#3449,#3450));
#771=EDGE_LOOP('',(#3451,#3452,#3453,#3454));
#772=EDGE_LOOP('',(#3455,#3456,#3457,#3458));
#773=EDGE_LOOP('',(#3459,#3460,#3461,#3462));
#774=EDGE_LOOP('',(#3463,#3464,#3465,#3466));
#775=EDGE_LOOP('',(#3467,#3468,#3469,#3470));
#776=EDGE_LOOP('',(#3471,#3472,#3473,#3474));
#777=EDGE_LOOP('',(#3475,#3476));
#778=EDGE_LOOP('',(#3477,#3478,#3479,#3480));
#779=EDGE_LOOP('',(#3481));
#780=EDGE_LOOP('',(#3482));
#781=EDGE_LOOP('',(#3483,#3484,#3485,#3486));
#782=EDGE_LOOP('',(#3487,#3488,#3489,#3490));
#783=EDGE_LOOP('',(#3491,#3492,#3493,#3494));
#784=EDGE_LOOP('',(#3495));
#785=EDGE_LOOP('',(#3496));
#786=EDGE_LOOP('',(#3497,#3498,#3499,#3500));
#787=EDGE_LOOP('',(#3501,#3502,#3503,#3504));
#788=EDGE_LOOP('',(#3505,#3506,#3507,#3508));
#789=EDGE_LOOP('',(#3509,#3510));
#790=EDGE_LOOP('',(#3511,#3512,#3513,#3514));
#791=EDGE_LOOP('',(#3515,#3516,#3517,#3518));
#792=EDGE_LOOP('',(#3519,#3520,#3521,#3522));
#793=EDGE_LOOP('',(#3523,#3524,#3525,#3526));
#794=EDGE_LOOP('',(#3527,#3528,#3529,#3530));
#795=EDGE_LOOP('',(#3531,#3532,#3533,#3534));
#796=EDGE_LOOP('',(#3535));
#797=EDGE_LOOP('',(#3536));
#798=EDGE_LOOP('',(#3537,#3538,#3539,#3540));
#799=EDGE_LOOP('',(#3541,#3542));
#800=EDGE_LOOP('',(#3543,#3544));
#801=EDGE_LOOP('',(#3545,#3546));
#802=EDGE_LOOP('',(#3547,#3548,#3549,#3550));
#803=EDGE_LOOP('',(#3551));
#804=EDGE_LOOP('',(#3552,#3553));
#805=EDGE_LOOP('',(#3554));
#806=EDGE_LOOP('',(#3555));
#807=EDGE_LOOP('',(#3556));
#808=EDGE_LOOP('',(#3557));
#809=EDGE_LOOP('',(#3558));
#810=EDGE_LOOP('',(#3559));
#811=EDGE_LOOP('',(#3560));
#812=EDGE_LOOP('',(#3561,#3562,#3563,#3564,#3565,#3566));
#813=EDGE_LOOP('',(#3567));
#814=EDGE_LOOP('',(#3568));
#815=EDGE_LOOP('',(#3569));
#816=EDGE_LOOP('',(#3570));
#817=EDGE_LOOP('',(#3571));
#818=EDGE_LOOP('',(#3572));
#819=EDGE_LOOP('',(#3573));
#820=EDGE_LOOP('',(#3574));
#821=EDGE_LOOP('',(#3575));
#822=EDGE_LOOP('',(#3576));
#823=EDGE_LOOP('',(#3577,#3578,#3579,#3580));
#824=EDGE_LOOP('',(#3581,#3582,#3583,#3584));
#825=EDGE_LOOP('',(#3585,#3586,#3587,#3588));
#826=EDGE_LOOP('',(#3589,#3590,#3591,#3592));
#827=EDGE_LOOP('',(#3593,#3594,#3595,#3596));
#828=EDGE_LOOP('',(#3597,#3598,#3599,#3600));
#829=EDGE_LOOP('',(#3601,#3602,#3603,#3604));
#830=EDGE_LOOP('',(#3605,#3606,#3607,#3608,#3609,#3610,#3611,#3612,#3613,
#3614,#3615,#3616,#3617,#3618,#3619,#3620,#3621,#3622,#3623,#3624,#3625,
#3626));
#831=EDGE_LOOP('',(#3627,#3628,#3629,#3630));
#832=EDGE_LOOP('',(#3631,#3632,#3633,#3634,#3635));
#833=EDGE_LOOP('',(#3636,#3637,#3638,#3639));
#834=EDGE_LOOP('',(#3640,#3641,#3642,#3643,#3644));
#835=EDGE_LOOP('',(#3645,#3646,#3647,#3648));
#836=EDGE_LOOP('',(#3649,#3650,#3651,#3652,#3653,#3654,#3655,#3656));
#837=EDGE_LOOP('',(#3657,#3658,#3659));
#838=EDGE_LOOP('',(#3660,#3661,#3662));
#839=EDGE_LOOP('',(#3663,#3664,#3665,#3666,#3667,#3668,#3669,#3670,#3671,
#3672,#3673,#3674));
#840=EDGE_LOOP('',(#3675));
#841=EDGE_LOOP('',(#3676));
#842=EDGE_LOOP('',(#3677));
#843=EDGE_LOOP('',(#3678));
#844=EDGE_LOOP('',(#3679,#3680,#3681,#3682,#3683,#3684,#3685,#3686,#3687,
#3688,#3689,#3690,#3691,#3692,#3693,#3694,#3695,#3696,#3697,#3698,#3699,
#3700,#3701,#3702,#3703,#3704,#3705,#3706,#3707,#3708));
#845=EDGE_LOOP('',(#3709));
#846=EDGE_LOOP('',(#3710));
#847=EDGE_LOOP('',(#3711));
#848=EDGE_LOOP('',(#3712,#3713,#3714,#3715));
#849=EDGE_LOOP('',(#3716,#3717,#3718,#3719,#3720,#3721));
#850=EDGE_LOOP('',(#3722,#3723,#3724,#3725,#3726,#3727));
#851=EDGE_LOOP('',(#3728,#3729,#3730,#3731,#3732,#3733));
#852=EDGE_LOOP('',(#3734,#3735,#3736,#3737));
#853=EDGE_LOOP('',(#3738,#3739,#3740,#3741));
#854=EDGE_LOOP('',(#3742,#3743,#3744,#3745));
#855=EDGE_LOOP('',(#3746,#3747,#3748,#3749));
#856=EDGE_LOOP('',(#3750,#3751,#3752,#3753));
#857=EDGE_LOOP('',(#3754,#3755,#3756,#3757));
#858=EDGE_LOOP('',(#3758,#3759,#3760,#3761));
#859=EDGE_LOOP('',(#3762,#3763,#3764,#3765));
#860=EDGE_LOOP('',(#3766,#3767));
#861=EDGE_LOOP('',(#3768,#3769,#3770,#3771));
#862=EDGE_LOOP('',(#3772,#3773,#3774,#3775));
#863=EDGE_LOOP('',(#3776,#3777,#3778,#3779));
#864=EDGE_LOOP('',(#3780,#3781,#3782,#3783));
#865=EDGE_LOOP('',(#3784,#3785,#3786,#3787));
#866=EDGE_LOOP('',(#3788));
#867=EDGE_LOOP('',(#3789,#3790,#3791,#3792));
#868=EDGE_LOOP('',(#3793));
#869=EDGE_LOOP('',(#3794));
#870=EDGE_LOOP('',(#3795,#3796,#3797,#3798));
#871=EDGE_LOOP('',(#3799,#3800,#3801,#3802));
#872=EDGE_LOOP('',(#3803,#3804,#3805,#3806));
#873=EDGE_LOOP('',(#3807,#3808,#3809,#3810));
#874=EDGE_LOOP('',(#3811,#3812,#3813,#3814));
#875=EDGE_LOOP('',(#3815,#3816,#3817,#3818));
#876=EDGE_LOOP('',(#3819,#3820,#3821,#3822));
#877=EDGE_LOOP('',(#3823,#3824));
#878=EDGE_LOOP('',(#3825,#3826,#3827,#3828));
#879=EDGE_LOOP('',(#3829));
#880=EDGE_LOOP('',(#3830));
#881=EDGE_LOOP('',(#3831,#3832,#3833,#3834));
#882=EDGE_LOOP('',(#3835,#3836,#3837,#3838));
#883=EDGE_LOOP('',(#3839,#3840,#3841,#3842));
#884=EDGE_LOOP('',(#3843));
#885=EDGE_LOOP('',(#3844));
#886=EDGE_LOOP('',(#3845,#3846,#3847,#3848));
#887=EDGE_LOOP('',(#3849,#3850,#3851,#3852));
#888=EDGE_LOOP('',(#3853,#3854,#3855,#3856));
#889=EDGE_LOOP('',(#3857,#3858));
#890=EDGE_LOOP('',(#3859,#3860,#3861,#3862));
#891=EDGE_LOOP('',(#3863,#3864,#3865,#3866));
#892=EDGE_LOOP('',(#3867,#3868,#3869,#3870));
#893=EDGE_LOOP('',(#3871,#3872,#3873,#3874));
#894=EDGE_LOOP('',(#3875,#3876,#3877,#3878));
#895=EDGE_LOOP('',(#3879,#3880,#3881,#3882));
#896=EDGE_LOOP('',(#3883));
#897=EDGE_LOOP('',(#3884));
#898=EDGE_LOOP('',(#3885,#3886,#3887,#3888));
#899=EDGE_LOOP('',(#3889,#3890));
#900=EDGE_LOOP('',(#3891,#3892));
#901=EDGE_LOOP('',(#3893,#3894));
#902=EDGE_LOOP('',(#3895,#3896,#3897,#3898));
#903=EDGE_LOOP('',(#3899));
#904=EDGE_LOOP('',(#3900,#3901));
#905=EDGE_LOOP('',(#3902));
#906=EDGE_LOOP('',(#3903));
#907=EDGE_LOOP('',(#3904));
#908=EDGE_LOOP('',(#3905));
#909=EDGE_LOOP('',(#3906));
#910=EDGE_LOOP('',(#3907));
#911=EDGE_LOOP('',(#3908));
#912=EDGE_LOOP('',(#3909,#3910,#3911,#3912,#3913,#3914));
#913=EDGE_LOOP('',(#3915));
#914=EDGE_LOOP('',(#3916));
#915=EDGE_LOOP('',(#3917));
#916=EDGE_LOOP('',(#3918));
#917=EDGE_LOOP('',(#3919));
#918=EDGE_LOOP('',(#3920));
#919=EDGE_LOOP('',(#3921));
#920=EDGE_LOOP('',(#3922));
#921=EDGE_LOOP('',(#3923));
#922=EDGE_LOOP('',(#3924));
#923=EDGE_LOOP('',(#3925,#3926,#3927,#3928));
#924=EDGE_LOOP('',(#3929,#3930,#3931,#3932));
#925=EDGE_LOOP('',(#3933,#3934,#3935,#3936));
#926=EDGE_LOOP('',(#3937,#3938,#3939,#3940));
#927=EDGE_LOOP('',(#3941,#3942,#3943,#3944));
#928=EDGE_LOOP('',(#3945,#3946,#3947,#3948));
#929=EDGE_LOOP('',(#3949,#3950,#3951,#3952));
#930=EDGE_LOOP('',(#3953,#3954,#3955,#3956,#3957,#3958,#3959,#3960,#3961,
#3962,#3963,#3964,#3965,#3966,#3967,#3968,#3969,#3970,#3971,#3972,#3973,
#3974));
#931=LINE('',#6020,#1259);
#932=LINE('',#6026,#1260);
#933=LINE('',#6032,#1261);
#934=LINE('',#6037,#1262);
#935=LINE('',#6039,#1263);
#936=LINE('',#6041,#1264);
#937=LINE('',#6042,#1265);
#938=LINE('',#6045,#1266);
#939=LINE('',#6047,#1267);
#940=LINE('',#6048,#1268);
#941=LINE('',#6051,#1269);
#942=LINE('',#6053,#1270);
#943=LINE('',#6054,#1271);
#944=LINE('',#6079,#1272);
#945=LINE('',#6082,#1273);
#946=LINE('',#6094,#1274);
#947=LINE('',#6098,#1275);
#948=LINE('',#6102,#1276);
#949=LINE('',#6106,#1277);
#950=LINE('',#6110,#1278);
#951=LINE('',#6114,#1279);
#952=LINE('',#6118,#1280);
#953=LINE('',#6122,#1281);
#954=LINE('',#6126,#1282);
#955=LINE('',#6130,#1283);
#956=LINE('',#6133,#1284);
#957=LINE('',#6135,#1285);
#958=LINE('',#6136,#1286);
#959=LINE('',#6140,#1287);
#960=LINE('',#6143,#1288);
#961=LINE('',#6144,#1289);
#962=LINE('',#6150,#1290);
#963=LINE('',#6154,#1291);
#964=LINE('',#6158,#1292);
#965=LINE('',#6162,#1293);
#966=LINE('',#6165,#1294);
#967=LINE('',#6167,#1295);
#968=LINE('',#6168,#1296);
#969=LINE('',#6171,#1297);
#970=LINE('',#6172,#1298);
#971=LINE('',#6175,#1299);
#972=LINE('',#6176,#1300);
#973=LINE('',#6178,#1301);
#974=LINE('',#6184,#1302);
#975=LINE('',#6190,#1303);
#976=LINE('',#6196,#1304);
#977=LINE('',#6201,#1305);
#978=LINE('',#6203,#1306);
#979=LINE('',#6205,#1307);
#980=LINE('',#6206,#1308);
#981=LINE('',#6209,#1309);
#982=LINE('',#6211,#1310);
#983=LINE('',#6212,#1311);
#984=LINE('',#6215,#1312);
#985=LINE('',#6217,#1313);
#986=LINE('',#6218,#1314);
#987=LINE('',#6238,#1315);
#988=LINE('',#6242,#1316);
#989=LINE('',#6246,#1317);
#990=LINE('',#6250,#1318);
#991=LINE('',#6254,#1319);
#992=LINE('',#6258,#1320);
#993=LINE('',#6262,#1321);
#994=LINE('',#6266,#1322);
#995=LINE('',#6269,#1323);
#996=LINE('',#6271,#1324);
#997=LINE('',#6272,#1325);
#998=LINE('',#6275,#1326);
#999=LINE('',#6276,#1327);
#1000=LINE('',#6279,#1328);
#1001=LINE('',#6280,#1329);
#1002=LINE('',#6282,#1330);
#1003=LINE('',#6289,#1331);
#1004=LINE('',#6295,#1332);
#1005=LINE('',#6301,#1333);
#1006=LINE('',#6306,#1334);
#1007=LINE('',#6308,#1335);
#1008=LINE('',#6310,#1336);
#1009=LINE('',#6311,#1337);
#1010=LINE('',#6317,#1338);
#1011=LINE('',#6320,#1339);
#1012=LINE('',#6322,#1340);
#1013=LINE('',#6323,#1341);
#1014=LINE('',#6326,#1342);
#1015=LINE('',#6328,#1343);
#1016=LINE('',#6332,#1344);
#1017=LINE('',#6333,#1345);
#1018=LINE('',#6335,#1346);
#1019=LINE('',#6352,#1347);
#1020=LINE('',#6356,#1348);
#1021=LINE('',#6360,#1349);
#1022=LINE('',#6364,#1350);
#1023=LINE('',#6368,#1351);
#1024=LINE('',#6372,#1352);
#1025=LINE('',#6376,#1353);
#1026=LINE('',#6381,#1354);
#1027=LINE('',#6382,#1355);
#1028=LINE('',#6383,#1356);
#1029=LINE('',#6387,#1357);
#1030=LINE('',#6390,#1358);
#1031=LINE('',#6391,#1359);
#1032=LINE('',#6393,#1360);
#1033=LINE('',#6399,#1361);
#1034=LINE('',#6405,#1362);
#1035=LINE('',#6411,#1363);
#1036=LINE('',#6416,#1364);
#1037=LINE('',#6418,#1365);
#1038=LINE('',#6420,#1366);
#1039=LINE('',#6421,#1367);
#1040=LINE('',#6426,#1368);
#1041=LINE('',#6430,#1369);
#1042=LINE('',#6432,#1370);
#1043=LINE('',#6433,#1371);
#1044=LINE('',#6436,#1372);
#1045=LINE('',#6438,#1373);
#1046=LINE('',#6442,#1374);
#1047=LINE('',#6443,#1375);
#1048=LINE('',#6445,#1376);
#1049=LINE('',#6462,#1377);
#1050=LINE('',#6466,#1378);
#1051=LINE('',#6470,#1379);
#1052=LINE('',#6474,#1380);
#1053=LINE('',#6478,#1381);
#1054=LINE('',#6482,#1382);
#1055=LINE('',#6486,#1383);
#1056=LINE('',#6491,#1384);
#1057=LINE('',#6492,#1385);
#1058=LINE('',#6493,#1386);
#1059=LINE('',#6497,#1387);
#1060=LINE('',#6500,#1388);
#1061=LINE('',#6501,#1389);
#1062=LINE('',#6503,#1390);
#1063=LINE('',#6511,#1391);
#1064=LINE('',#6514,#1392);
#1065=LINE('',#6532,#1393);
#1066=LINE('',#6534,#1394);
#1067=LINE('',#6541,#1395);
#1068=LINE('',#6544,#1396);
#1069=LINE('',#6564,#1397);
#1070=LINE('',#6565,#1398);
#1071=LINE('',#6587,#1399);
#1072=LINE('',#6591,#1400);
#1073=LINE('',#6594,#1401);
#1074=LINE('',#6596,#1402);
#1075=LINE('',#6598,#1403);
#1076=LINE('',#6600,#1404);
#1077=LINE('',#6602,#1405);
#1078=LINE('',#6604,#1406);
#1079=LINE('',#6606,#1407);
#1080=LINE('',#6607,#1408);
#1081=LINE('',#6618,#1409);
#1082=LINE('',#6620,#1410);
#1083=LINE('',#6622,#1411);
#1084=LINE('',#6624,#1412);
#1085=LINE('',#6628,#1413);
#1086=LINE('',#6632,#1414);
#1087=LINE('',#6636,#1415);
#1088=LINE('',#6640,#1416);
#1089=LINE('',#6644,#1417);
#1090=LINE('',#6648,#1418);
#1091=LINE('',#6652,#1419);
#1092=LINE('',#6653,#1420);
#1093=LINE('',#6655,#1421);
#1094=LINE('',#6659,#1422);
#1095=LINE('',#6661,#1423);
#1096=LINE('',#6662,#1424);
#1097=LINE('',#6673,#1425);
#1098=LINE('',#6715,#1426);
#1099=LINE('',#6793,#1427);
#1100=LINE('',#6871,#1428);
#1101=LINE('',#6913,#1429);
#1102=LINE('',#6919,#1430);
#1103=LINE('',#6923,#1431);
#1104=LINE('',#6927,#1432);
#1105=LINE('',#6931,#1433);
#1106=LINE('',#6935,#1434);
#1107=LINE('',#6940,#1435);
#1108=LINE('',#6941,#1436);
#1109=LINE('',#6942,#1437);
#1110=LINE('',#6946,#1438);
#1111=LINE('',#6949,#1439);
#1112=LINE('',#6950,#1440);
#1113=LINE('',#6954,#1441);
#1114=LINE('',#6957,#1442);
#1115=LINE('',#6958,#1443);
#1116=LINE('',#6962,#1444);
#1117=LINE('',#6965,#1445);
#1118=LINE('',#6966,#1446);
#1119=LINE('',#6969,#1447);
#1120=LINE('',#6970,#1448);
#1121=LINE('',#6973,#1449);
#1122=LINE('',#6974,#1450);
#1123=LINE('',#6978,#1451);
#1124=LINE('',#6981,#1452);
#1125=LINE('',#6982,#1453);
#1126=LINE('',#6985,#1454);
#1127=LINE('',#6989,#1455);
#1128=LINE('',#6993,#1456);
#1129=LINE('',#6999,#1457);
#1130=LINE('',#7000,#1458);
#1131=LINE('',#7003,#1459);
#1132=LINE('',#7004,#1460);
#1133=LINE('',#7007,#1461);
#1134=LINE('',#7008,#1462);
#1135=LINE('',#7011,#1463);
#1136=LINE('',#7012,#1464);
#1137=LINE('',#7014,#1465);
#1138=LINE('',#7018,#1466);
#1139=LINE('',#7021,#1467);
#1140=LINE('',#7022,#1468);
#1141=LINE('',#7026,#1469);
#1142=LINE('',#7029,#1470);
#1143=LINE('',#7030,#1471);
#1144=LINE('',#7034,#1472);
#1145=LINE('',#7036,#1473);
#1146=LINE('',#7039,#1474);
#1147=LINE('',#7040,#1475);
#1148=LINE('',#7043,#1476);
#1149=LINE('',#7044,#1477);
#1150=LINE('',#7047,#1478);
#1151=LINE('',#7048,#1479);
#1152=LINE('',#7052,#1480);
#1153=LINE('',#7054,#1481);
#1154=LINE('',#7086,#1482);
#1155=LINE('',#7088,#1483);
#1156=LINE('',#7090,#1484);
#1157=LINE('',#7092,#1485);
#1158=LINE('',#7094,#1486);
#1159=LINE('',#7096,#1487);
#1160=LINE('',#7098,#1488);
#1161=LINE('',#7105,#1489);
#1162=LINE('',#7108,#1490);
#1163=LINE('',#7128,#1491);
#1164=LINE('',#7129,#1492);
#1165=LINE('',#7135,#1493);
#1166=LINE('',#7138,#1494);
#1167=LINE('',#7156,#1495);
#1168=LINE('',#7158,#1496);
#1169=LINE('',#7181,#1497);
#1170=LINE('',#7185,#1498);
#1171=LINE('',#7188,#1499);
#1172=LINE('',#7190,#1500);
#1173=LINE('',#7193,#1501);
#1174=LINE('',#7195,#1502);
#1175=LINE('',#7197,#1503);
#1176=LINE('',#7199,#1504);
#1177=LINE('',#7200,#1505);
#1178=LINE('',#7201,#1506);
#1179=LINE('',#7212,#1507);
#1180=LINE('',#7214,#1508);
#1181=LINE('',#7216,#1509);
#1182=LINE('',#7219,#1510);
#1183=LINE('',#7221,#1511);
#1184=LINE('',#7223,#1512);
#1185=LINE('',#7227,#1513);
#1186=LINE('',#7231,#1514);
#1187=LINE('',#7235,#1515);
#1188=LINE('',#7239,#1516);
#1189=LINE('',#7243,#1517);
#1190=LINE('',#7247,#1518);
#1191=LINE('',#7251,#1519);
#1192=LINE('',#7253,#1520);
#1193=LINE('',#7255,#1521);
#1194=LINE('',#7256,#1522);
#1195=LINE('',#7267,#1523);
#1196=LINE('',#7291,#1524);
#1197=LINE('',#7369,#1525);
#1198=LINE('',#7447,#1526);
#1199=LINE('',#7507,#1527);
#1200=LINE('',#7513,#1528);
#1201=LINE('',#7517,#1529);
#1202=LINE('',#7521,#1530);
#1203=LINE('',#7525,#1531);
#1204=LINE('',#7529,#1532);
#1205=LINE('',#7534,#1533);
#1206=LINE('',#7535,#1534);
#1207=LINE('',#7536,#1535);
#1208=LINE('',#7540,#1536);
#1209=LINE('',#7543,#1537);
#1210=LINE('',#7544,#1538);
#1211=LINE('',#7548,#1539);
#1212=LINE('',#7551,#1540);
#1213=LINE('',#7552,#1541);
#1214=LINE('',#7556,#1542);
#1215=LINE('',#7559,#1543);
#1216=LINE('',#7560,#1544);
#1217=LINE('',#7563,#1545);
#1218=LINE('',#7564,#1546);
#1219=LINE('',#7567,#1547);
#1220=LINE('',#7568,#1548);
#1221=LINE('',#7571,#1549);
#1222=LINE('',#7575,#1550);
#1223=LINE('',#7576,#1551);
#1224=LINE('',#7579,#1552);
#1225=LINE('',#7583,#1553);
#1226=LINE('',#7587,#1554);
#1227=LINE('',#7593,#1555);
#1228=LINE('',#7594,#1556);
#1229=LINE('',#7597,#1557);
#1230=LINE('',#7598,#1558);
#1231=LINE('',#7601,#1559);
#1232=LINE('',#7602,#1560);
#1233=LINE('',#7605,#1561);
#1234=LINE('',#7606,#1562);
#1235=LINE('',#7608,#1563);
#1236=LINE('',#7612,#1564);
#1237=LINE('',#7615,#1565);
#1238=LINE('',#7616,#1566);
#1239=LINE('',#7620,#1567);
#1240=LINE('',#7623,#1568);
#1241=LINE('',#7624,#1569);
#1242=LINE('',#7628,#1570);
#1243=LINE('',#7630,#1571);
#1244=LINE('',#7633,#1572);
#1245=LINE('',#7634,#1573);
#1246=LINE('',#7637,#1574);
#1247=LINE('',#7638,#1575);
#1248=LINE('',#7641,#1576);
#1249=LINE('',#7642,#1577);
#1250=LINE('',#7646,#1578);
#1251=LINE('',#7648,#1579);
#1252=LINE('',#7680,#1580);
#1253=LINE('',#7682,#1581);
#1254=LINE('',#7684,#1582);
#1255=LINE('',#7686,#1583);
#1256=LINE('',#7688,#1584);
#1257=LINE('',#7690,#1585);
#1258=LINE('',#7692,#1586);
#1259=VECTOR('',#4800,1.6);
#1260=VECTOR('',#4807,1.6);
#1261=VECTOR('',#4814,1.6);
#1262=VECTOR('',#4819,10.);
#1263=VECTOR('',#4820,10.);
#1264=VECTOR('',#4821,10.);
#1265=VECTOR('',#4822,10.);
#1266=VECTOR('',#4825,10.);
#1267=VECTOR('',#4826,10.);
#1268=VECTOR('',#4827,10.);
#1269=VECTOR('',#4830,10.);
#1270=VECTOR('',#4831,10.);
#1271=VECTOR('',#4832,10.);
#1272=VECTOR('',#4855,10.);
#1273=VECTOR('',#4858,10.);
#1274=VECTOR('',#4871,1.6);
#1275=VECTOR('',#4876,1.6);
#1276=VECTOR('',#4881,1.6);
#1277=VECTOR('',#4886,1.6);
#1278=VECTOR('',#4891,1.6);
#1279=VECTOR('',#4896,1.6);
#1280=VECTOR('',#4901,1.6);
#1281=VECTOR('',#4906,1.6);
#1282=VECTOR('',#4911,1.6);
#1283=VECTOR('',#4916,1.6);
#1284=VECTOR('',#4919,10.);
#1285=VECTOR('',#4920,10.);
#1286=VECTOR('',#4921,10.);
#1287=VECTOR('',#4926,10.);
#1288=VECTOR('',#4929,10.);
#1289=VECTOR('',#4930,10.);
#1290=VECTOR('',#4939,1.6);
#1291=VECTOR('',#4944,1.6);
#1292=VECTOR('',#4949,1.6);
#1293=VECTOR('',#4954,1.6);
#1294=VECTOR('',#4957,10.);
#1295=VECTOR('',#4958,10.);
#1296=VECTOR('',#4959,10.);
#1297=VECTOR('',#4962,10.);
#1298=VECTOR('',#4963,10.);
#1299=VECTOR('',#4966,10.);
#1300=VECTOR('',#4967,10.);
#1301=VECTOR('',#4970,10.);
#1302=VECTOR('',#4977,1.6);
#1303=VECTOR('',#4984,1.6);
#1304=VECTOR('',#4991,1.6);
#1305=VECTOR('',#4996,10.);
#1306=VECTOR('',#4997,10.);
#1307=VECTOR('',#4998,10.);
#1308=VECTOR('',#4999,10.);
#1309=VECTOR('',#5002,10.);
#1310=VECTOR('',#5003,10.);
#1311=VECTOR('',#5004,10.);
#1312=VECTOR('',#5007,10.);
#1313=VECTOR('',#5008,10.);
#1314=VECTOR('',#5009,10.);
#1315=VECTOR('',#5030,1.6);
#1316=VECTOR('',#5035,1.6);
#1317=VECTOR('',#5040,1.6);
#1318=VECTOR('',#5045,2.5);
#1319=VECTOR('',#5050,1.6);
#1320=VECTOR('',#5055,2.5);
#1321=VECTOR('',#5060,2.5);
#1322=VECTOR('',#5065,2.5);
#1323=VECTOR('',#5068,10.);
#1324=VECTOR('',#5069,10.);
#1325=VECTOR('',#5070,10.);
#1326=VECTOR('',#5073,10.);
#1327=VECTOR('',#5074,10.);
#1328=VECTOR('',#5077,10.);
#1329=VECTOR('',#5078,10.);
#1330=VECTOR('',#5081,10.);
#1331=VECTOR('',#5090,1.6);
#1332=VECTOR('',#5097,1.6);
#1333=VECTOR('',#5104,1.6);
#1334=VECTOR('',#5109,10.);
#1335=VECTOR('',#5110,10.);
#1336=VECTOR('',#5111,10.);
#1337=VECTOR('',#5112,10.);
#1338=VECTOR('',#5119,10.);
#1339=VECTOR('',#5122,10.);
#1340=VECTOR('',#5123,10.);
#1341=VECTOR('',#5124,10.);
#1342=VECTOR('',#5127,10.);
#1343=VECTOR('',#5128,10.);
#1344=VECTOR('',#5131,10.);
#1345=VECTOR('',#5132,10.);
#1346=VECTOR('',#5135,10.);
#1347=VECTOR('',#5152,1.6);
#1348=VECTOR('',#5157,1.6);
#1349=VECTOR('',#5162,7.);
#1350=VECTOR('',#5167,1.6);
#1351=VECTOR('',#5172,1.6);
#1352=VECTOR('',#5177,1.6);
#1353=VECTOR('',#5182,1.6);
#1354=VECTOR('',#5187,10.);
#1355=VECTOR('',#5188,10.);
#1356=VECTOR('',#5189,10.);
#1357=VECTOR('',#5194,10.);
#1358=VECTOR('',#5197,10.);
#1359=VECTOR('',#5198,10.);
#1360=VECTOR('',#5201,10.);
#1361=VECTOR('',#5208,1.6);
#1362=VECTOR('',#5215,1.6);
#1363=VECTOR('',#5222,1.6);
#1364=VECTOR('',#5227,10.);
#1365=VECTOR('',#5228,10.);
#1366=VECTOR('',#5229,10.);
#1367=VECTOR('',#5230,10.);
#1368=VECTOR('',#5235,10.);
#1369=VECTOR('',#5240,10.);
#1370=VECTOR('',#5241,10.);
#1371=VECTOR('',#5242,10.);
#1372=VECTOR('',#5245,10.);
#1373=VECTOR('',#5246,10.);
#1374=VECTOR('',#5249,10.);
#1375=VECTOR('',#5250,10.);
#1376=VECTOR('',#5253,10.);
#1377=VECTOR('',#5270,1.6);
#1378=VECTOR('',#5275,1.6);
#1379=VECTOR('',#5280,7.);
#1380=VECTOR('',#5285,1.6);
#1381=VECTOR('',#5290,1.6);
#1382=VECTOR('',#5295,1.6);
#1383=VECTOR('',#5300,1.6);
#1384=VECTOR('',#5305,10.);
#1385=VECTOR('',#5306,10.);
#1386=VECTOR('',#5307,10.);
#1387=VECTOR('',#5312,10.);
#1388=VECTOR('',#5315,10.);
#1389=VECTOR('',#5316,10.);
#1390=VECTOR('',#5319,10.);
#1391=VECTOR('',#5328,10.);
#1392=VECTOR('',#5331,10.);
#1393=VECTOR('',#5334,10.);
#1394=VECTOR('',#5335,10.);
#1395=VECTOR('',#5342,10.);
#1396=VECTOR('',#5345,10.);
#1397=VECTOR('',#5350,10.);
#1398=VECTOR('',#5351,10.);
#1399=VECTOR('',#5360,10.);
#1400=VECTOR('',#5363,10.);
#1401=VECTOR('',#5368,10.);
#1402=VECTOR('',#5371,10.);
#1403=VECTOR('',#5374,10.);
#1404=VECTOR('',#5375,10.);
#1405=VECTOR('',#5376,10.);
#1406=VECTOR('',#5377,10.);
#1407=VECTOR('',#5378,10.);
#1408=VECTOR('',#5379,10.);
#1409=VECTOR('',#5390,10.);
#1410=VECTOR('',#5391,10.);
#1411=VECTOR('',#5392,10.);
#1412=VECTOR('',#5393,10.);
#1413=VECTOR('',#5396,10.);
#1414=VECTOR('',#5399,10.);
#1415=VECTOR('',#5402,10.);
#1416=VECTOR('',#5405,10.);
#1417=VECTOR('',#5408,10.);
#1418=VECTOR('',#5411,10.);
#1419=VECTOR('',#5414,10.);
#1420=VECTOR('',#5415,10.);
#1421=VECTOR('',#5416,10.);
#1422=VECTOR('',#5419,10.);
#1423=VECTOR('',#5420,10.);
#1424=VECTOR('',#5421,10.);
#1425=VECTOR('',#5432,1.4);
#1426=VECTOR('',#5437,1.4);
#1427=VECTOR('',#5440,1.4);
#1428=VECTOR('',#5443,1.4);
#1429=VECTOR('',#5448,1.4);
#1430=VECTOR('',#5455,1.4);
#1431=VECTOR('',#5460,1.4);
#1432=VECTOR('',#5465,1.4);
#1433=VECTOR('',#5470,1.4);
#1434=VECTOR('',#5475,1.4);
#1435=VECTOR('',#5480,10.);
#1436=VECTOR('',#5481,10.);
#1437=VECTOR('',#5482,10.);
#1438=VECTOR('',#5487,10.);
#1439=VECTOR('',#5490,10.);
#1440=VECTOR('',#5491,10.);
#1441=VECTOR('',#5496,10.);
#1442=VECTOR('',#5499,10.);
#1443=VECTOR('',#5500,10.);
#1444=VECTOR('',#5505,10.);
#1445=VECTOR('',#5508,10.);
#1446=VECTOR('',#5509,10.);
#1447=VECTOR('',#5512,10.);
#1448=VECTOR('',#5513,10.);
#1449=VECTOR('',#5516,10.);
#1450=VECTOR('',#5517,10.);
#1451=VECTOR('',#5522,10.);
#1452=VECTOR('',#5525,10.);
#1453=VECTOR('',#5526,10.);
#1454=VECTOR('',#5529,1.4);
#1455=VECTOR('',#5534,1.4);
#1456=VECTOR('',#5539,1.4);
#1457=VECTOR('',#5546,10.);
#1458=VECTOR('',#5547,10.);
#1459=VECTOR('',#5550,10.);
#1460=VECTOR('',#5551,10.);
#1461=VECTOR('',#5554,10.);
#1462=VECTOR('',#5555,10.);
#1463=VECTOR('',#5558,10.);
#1464=VECTOR('',#5559,10.);
#1465=VECTOR('',#5562,10.);
#1466=VECTOR('',#5567,10.);
#1467=VECTOR('',#5570,10.);
#1468=VECTOR('',#5571,10.);
#1469=VECTOR('',#5576,10.);
#1470=VECTOR('',#5579,10.);
#1471=VECTOR('',#5580,10.);
#1472=VECTOR('',#5585,10.);
#1473=VECTOR('',#5588,10.);
#1474=VECTOR('',#5591,10.);
#1475=VECTOR('',#5592,10.);
#1476=VECTOR('',#5595,10.);
#1477=VECTOR('',#5596,10.);
#1478=VECTOR('',#5599,10.);
#1479=VECTOR('',#5600,10.);
#1480=VECTOR('',#5605,10.);
#1481=VECTOR('',#5608,10.);
#1482=VECTOR('',#5643,1.6);
#1483=VECTOR('',#5646,1.6);
#1484=VECTOR('',#5649,1.6);
#1485=VECTOR('',#5652,1.6);
#1486=VECTOR('',#5655,1.6);
#1487=VECTOR('',#5658,7.);
#1488=VECTOR('',#5661,1.6);
#1489=VECTOR('',#5668,10.);
#1490=VECTOR('',#5671,10.);
#1491=VECTOR('',#5676,10.);
#1492=VECTOR('',#5677,10.);
#1493=VECTOR('',#5682,10.);
#1494=VECTOR('',#5685,10.);
#1495=VECTOR('',#5688,10.);
#1496=VECTOR('',#5689,10.);
#1497=VECTOR('',#5700,10.);
#1498=VECTOR('',#5703,10.);
#1499=VECTOR('',#5708,10.);
#1500=VECTOR('',#5711,10.);
#1501=VECTOR('',#5714,10.);
#1502=VECTOR('',#5715,10.);
#1503=VECTOR('',#5716,10.);
#1504=VECTOR('',#5717,10.);
#1505=VECTOR('',#5718,10.);
#1506=VECTOR('',#5719,10.);
#1507=VECTOR('',#5730,10.);
#1508=VECTOR('',#5731,10.);
#1509=VECTOR('',#5732,10.);
#1510=VECTOR('',#5735,10.);
#1511=VECTOR('',#5736,10.);
#1512=VECTOR('',#5737,10.);
#1513=VECTOR('',#5740,10.);
#1514=VECTOR('',#5743,10.);
#1515=VECTOR('',#5746,10.);
#1516=VECTOR('',#5749,10.);
#1517=VECTOR('',#5752,10.);
#1518=VECTOR('',#5755,10.);
#1519=VECTOR('',#5758,10.);
#1520=VECTOR('',#5759,10.);
#1521=VECTOR('',#5760,10.);
#1522=VECTOR('',#5761,10.);
#1523=VECTOR('',#5772,1.4);
#1524=VECTOR('',#5777,1.4);
#1525=VECTOR('',#5780,1.4);
#1526=VECTOR('',#5783,1.4);
#1527=VECTOR('',#5788,1.4);
#1528=VECTOR('',#5795,1.4);
#1529=VECTOR('',#5800,1.4);
#1530=VECTOR('',#5805,1.4);
#1531=VECTOR('',#5810,1.4);
#1532=VECTOR('',#5815,1.4);
#1533=VECTOR('',#5820,10.);
#1534=VECTOR('',#5821,10.);
#1535=VECTOR('',#5822,10.);
#1536=VECTOR('',#5827,10.);
#1537=VECTOR('',#5830,10.);
#1538=VECTOR('',#5831,10.);
#1539=VECTOR('',#5836,10.);
#1540=VECTOR('',#5839,10.);
#1541=VECTOR('',#5840,10.);
#1542=VECTOR('',#5845,10.);
#1543=VECTOR('',#5848,10.);
#1544=VECTOR('',#5849,10.);
#1545=VECTOR('',#5852,10.);
#1546=VECTOR('',#5853,10.);
#1547=VECTOR('',#5856,10.);
#1548=VECTOR('',#5857,10.);
#1549=VECTOR('',#5860,10.);
#1550=VECTOR('',#5865,10.);
#1551=VECTOR('',#5866,10.);
#1552=VECTOR('',#5869,1.4);
#1553=VECTOR('',#5874,1.4);
#1554=VECTOR('',#5879,1.4);
#1555=VECTOR('',#5886,10.);
#1556=VECTOR('',#5887,10.);
#1557=VECTOR('',#5890,10.);
#1558=VECTOR('',#5891,10.);
#1559=VECTOR('',#5894,10.);
#1560=VECTOR('',#5895,10.);
#1561=VECTOR('',#5898,10.);
#1562=VECTOR('',#5899,10.);
#1563=VECTOR('',#5902,10.);
#1564=VECTOR('',#5907,10.);
#1565=VECTOR('',#5910,10.);
#1566=VECTOR('',#5911,10.);
#1567=VECTOR('',#5916,10.);
#1568=VECTOR('',#5919,10.);
#1569=VECTOR('',#5920,10.);
#1570=VECTOR('',#5925,10.);
#1571=VECTOR('',#5928,10.);
#1572=VECTOR('',#5931,10.);
#1573=VECTOR('',#5932,10.);
#1574=VECTOR('',#5935,10.);
#1575=VECTOR('',#5936,10.);
#1576=VECTOR('',#5939,10.);
#1577=VECTOR('',#5940,10.);
#1578=VECTOR('',#5945,10.);
#1579=VECTOR('',#5948,10.);
#1580=VECTOR('',#5983,1.6);
#1581=VECTOR('',#5986,1.6);
#1582=VECTOR('',#5989,1.6);
#1583=VECTOR('',#5992,1.6);
#1584=VECTOR('',#5995,1.6);
#1585=VECTOR('',#5998,7.);
#1586=VECTOR('',#6001,1.6);
#1587=CIRCLE('',#4348,1.6);
#1588=CIRCLE('',#4349,1.6);
#1589=CIRCLE('',#4351,1.6);
#1590=CIRCLE('',#4352,1.6);
#1591=CIRCLE('',#4354,1.6);
#1592=CIRCLE('',#4355,1.6);
#1593=CIRCLE('',#4359,1.6);
#1594=CIRCLE('',#4360,1.6);
#1595=CIRCLE('',#4361,1.6);
#1596=CIRCLE('',#4362,1.6);
#1597=CIRCLE('',#4363,1.6);
#1598=CIRCLE('',#4364,1.6);
#1599=CIRCLE('',#4365,1.6);
#1600=CIRCLE('',#4366,1.6);
#1601=CIRCLE('',#4367,1.6);
#1602=CIRCLE('',#4368,1.6);
#1603=CIRCLE('',#4369,5.);
#1604=CIRCLE('',#4370,15.);
#1605=CIRCLE('',#4371,1.6);
#1606=CIRCLE('',#4372,1.6);
#1607=CIRCLE('',#4373,1.6);
#1608=CIRCLE('',#4374,1.6);
#1609=CIRCLE('',#4376,1.6);
#1610=CIRCLE('',#4378,1.6);
#1611=CIRCLE('',#4380,1.6);
#1612=CIRCLE('',#4382,1.6);
#1613=CIRCLE('',#4384,1.6);
#1614=CIRCLE('',#4386,1.6);
#1615=CIRCLE('',#4388,1.6);
#1616=CIRCLE('',#4390,1.6);
#1617=CIRCLE('',#4392,1.6);
#1618=CIRCLE('',#4394,1.6);
#1619=CIRCLE('',#4397,15.);
#1620=CIRCLE('',#4400,5.);
#1621=CIRCLE('',#4402,1.6);
#1622=CIRCLE('',#4404,1.6);
#1623=CIRCLE('',#4406,1.6);
#1624=CIRCLE('',#4408,1.6);
#1625=CIRCLE('',#4415,1.6);
#1626=CIRCLE('',#4416,1.6);
#1627=CIRCLE('',#4418,1.6);
#1628=CIRCLE('',#4419,1.6);
#1629=CIRCLE('',#4421,1.6);
#1630=CIRCLE('',#4422,1.6);
#1631=CIRCLE('',#4426,1.6);
#1632=CIRCLE('',#4427,1.6);
#1633=CIRCLE('',#4428,1.6);
#1634=CIRCLE('',#4429,2.5);
#1635=CIRCLE('',#4430,1.6);
#1636=CIRCLE('',#4431,2.5);
#1637=CIRCLE('',#4432,2.5);
#1638=CIRCLE('',#4433,2.5);
#1639=CIRCLE('',#4435,1.6);
#1640=CIRCLE('',#4437,1.6);
#1641=CIRCLE('',#4439,1.6);
#1642=CIRCLE('',#4441,2.5);
#1643=CIRCLE('',#4443,1.6);
#1644=CIRCLE('',#4445,2.5);
#1645=CIRCLE('',#4447,2.5);
#1646=CIRCLE('',#4449,2.5);
#1647=CIRCLE('',#4457,1.6);
#1648=CIRCLE('',#4458,1.6);
#1649=CIRCLE('',#4460,1.6);
#1650=CIRCLE('',#4461,1.6);
#1651=CIRCLE('',#4463,1.6);
#1652=CIRCLE('',#4464,1.6);
#1653=CIRCLE('',#4467,77.0000624999756);
#1654=CIRCLE('',#4468,77.0000624999756);
#1655=CIRCLE('',#4471,80.0000624999756);
#1656=CIRCLE('',#4473,1.6);
#1657=CIRCLE('',#4474,1.6);
#1658=CIRCLE('',#4475,7.);
#1659=CIRCLE('',#4476,1.6);
#1660=CIRCLE('',#4477,1.6);
#1661=CIRCLE('',#4478,1.6);
#1662=CIRCLE('',#4479,1.6);
#1663=CIRCLE('',#4481,1.6);
#1664=CIRCLE('',#4483,1.6);
#1665=CIRCLE('',#4485,7.);
#1666=CIRCLE('',#4487,1.6);
#1667=CIRCLE('',#4489,1.6);
#1668=CIRCLE('',#4491,1.6);
#1669=CIRCLE('',#4493,1.6);
#1670=CIRCLE('',#4496,80.0000624999756);
#1671=CIRCLE('',#4501,1.6);
#1672=CIRCLE('',#4502,1.6);
#1673=CIRCLE('',#4504,1.6);
#1674=CIRCLE('',#4505,1.6);
#1675=CIRCLE('',#4507,1.6);
#1676=CIRCLE('',#4508,1.6);
#1677=CIRCLE('',#4511,77.0000624999756);
#1678=CIRCLE('',#4512,77.0000624999756);
#1679=CIRCLE('',#4515,80.0000624999756);
#1680=CIRCLE('',#4517,1.6);
#1681=CIRCLE('',#4518,1.6);
#1682=CIRCLE('',#4519,7.);
#1683=CIRCLE('',#4520,1.6);
#1684=CIRCLE('',#4521,1.6);
#1685=CIRCLE('',#4522,1.6);
#1686=CIRCLE('',#4523,1.6);
#1687=CIRCLE('',#4525,1.6);
#1688=CIRCLE('',#4527,1.6);
#1689=CIRCLE('',#4529,7.);
#1690=CIRCLE('',#4531,1.6);
#1691=CIRCLE('',#4533,1.6);
#1692=CIRCLE('',#4535,1.6);
#1693=CIRCLE('',#4537,1.6);
#1694=CIRCLE('',#4540,80.0000624999756);
#1695=CIRCLE('',#4546,15.);
#1696=CIRCLE('',#4547,15.);
#1697=CIRCLE('',#4549,15.);
#1698=CIRCLE('',#4551,15.);
#1699=CIRCLE('',#4552,15.);
#1700=CIRCLE('',#4554,15.);
#1701=CIRCLE('',#4555,19.3750000149012);
#1702=CIRCLE('',#4556,21.3750000149);
#1703=CIRCLE('',#4558,19.3750000149012);
#1704=CIRCLE('',#4559,19.3750000149012);
#1705=CIRCLE('',#4560,19.3750000149012);
#1706=CIRCLE('',#4564,1.4);
#1707=CIRCLE('',#4565,1.4);
#1708=CIRCLE('',#4566,1.4);
#1709=CIRCLE('',#4567,1.4);
#1710=CIRCLE('',#4569,107.);
#1711=CIRCLE('',#4570,5.00000000000002);
#1712=CIRCLE('',#4571,107.);
#1713=CIRCLE('',#4572,5.00000000000002);
#1714=CIRCLE('',#4573,107.);
#1715=CIRCLE('',#4574,5.00000000000003);
#1716=CIRCLE('',#4575,107.);
#1717=CIRCLE('',#4576,110.);
#1718=CIRCLE('',#4577,1.4);
#1719=CIRCLE('',#4578,1.4);
#1720=CIRCLE('',#4579,1.4);
#1721=CIRCLE('',#4581,1.4);
#1722=CIRCLE('',#4582,1.4);
#1723=CIRCLE('',#4587,1.4);
#1724=CIRCLE('',#4588,1.4);
#1725=CIRCLE('',#4590,1.4);
#1726=CIRCLE('',#4591,1.4);
#1727=CIRCLE('',#4593,1.4);
#1728=CIRCLE('',#4595,1.4);
#1729=CIRCLE('',#4597,1.4);
#1730=CIRCLE('',#4599,1.4);
#1731=CIRCLE('',#4602,107.);
#1732=CIRCLE('',#4605,5.00000000000003);
#1733=CIRCLE('',#4608,107.);
#1734=CIRCLE('',#4613,21.3750000149);
#1735=CIRCLE('',#4616,1.4);
#1736=CIRCLE('',#4618,1.4);
#1737=CIRCLE('',#4620,1.4);
#1738=CIRCLE('',#4622,107.);
#1739=CIRCLE('',#4628,5.00000000000002);
#1740=CIRCLE('',#4631,107.);
#1741=CIRCLE('',#4634,5.00000000000002);
#1742=CIRCLE('',#4640,110.);
#1743=CIRCLE('',#4643,1.6);
#1744=CIRCLE('',#4644,7.);
#1745=CIRCLE('',#4645,1.6);
#1746=CIRCLE('',#4646,1.6);
#1747=CIRCLE('',#4647,1.6);
#1748=CIRCLE('',#4648,1.6);
#1749=CIRCLE('',#4649,1.6);
#1750=CIRCLE('',#4651,1.6);
#1751=CIRCLE('',#4652,1.6);
#1752=CIRCLE('',#4653,1.6);
#1753=CIRCLE('',#4654,1.6);
#1754=CIRCLE('',#4655,1.6);
#1755=CIRCLE('',#4656,7.);
#1756=CIRCLE('',#4657,1.6);
#1757=CIRCLE('',#4667,15.);
#1758=CIRCLE('',#4668,15.);
#1759=CIRCLE('',#4670,15.);
#1760=CIRCLE('',#4672,15.);
#1761=CIRCLE('',#4673,15.);
#1762=CIRCLE('',#4675,15.);
#1763=CIRCLE('',#4676,19.3750000149012);
#1764=CIRCLE('',#4677,21.3750000149);
#1765=CIRCLE('',#4679,19.3750000149012);
#1766=CIRCLE('',#4680,19.3750000149012);
#1767=CIRCLE('',#4681,19.3750000149012);
#1768=CIRCLE('',#4685,1.4);
#1769=CIRCLE('',#4686,1.4);
#1770=CIRCLE('',#4687,1.4);
#1771=CIRCLE('',#4688,1.4);
#1772=CIRCLE('',#4690,110.);
#1773=CIRCLE('',#4691,107.);
#1774=CIRCLE('',#4692,5.00000000000003);
#1775=CIRCLE('',#4693,107.);
#1776=CIRCLE('',#4694,5.00000000000002);
#1777=CIRCLE('',#4695,107.);
#1778=CIRCLE('',#4696,5.00000000000002);
#1779=CIRCLE('',#4697,107.);
#1780=CIRCLE('',#4698,1.4);
#1781=CIRCLE('',#4699,1.4);
#1782=CIRCLE('',#4700,1.4);
#1783=CIRCLE('',#4702,1.4);
#1784=CIRCLE('',#4703,1.4);
#1785=CIRCLE('',#4708,1.4);
#1786=CIRCLE('',#4709,1.4);
#1787=CIRCLE('',#4711,1.4);
#1788=CIRCLE('',#4712,1.4);
#1789=CIRCLE('',#4714,1.4);
#1790=CIRCLE('',#4716,1.4);
#1791=CIRCLE('',#4718,1.4);
#1792=CIRCLE('',#4720,1.4);
#1793=CIRCLE('',#4723,107.);
#1794=CIRCLE('',#4726,5.00000000000003);
#1795=CIRCLE('',#4729,107.);
#1796=CIRCLE('',#4734,21.3750000149);
#1797=CIRCLE('',#4737,1.4);
#1798=CIRCLE('',#4739,1.4);
#1799=CIRCLE('',#4741,1.4);
#1800=CIRCLE('',#4743,107.);
#1801=CIRCLE('',#4749,5.00000000000002);
#1802=CIRCLE('',#4752,107.);
#1803=CIRCLE('',#4755,5.00000000000002);
#1804=CIRCLE('',#4761,110.);
#1805=CIRCLE('',#4764,1.6);
#1806=CIRCLE('',#4765,7.);
#1807=CIRCLE('',#4766,1.6);
#1808=CIRCLE('',#4767,1.6);
#1809=CIRCLE('',#4768,1.6);
#1810=CIRCLE('',#4769,1.6);
#1811=CIRCLE('',#4770,1.6);
#1812=CIRCLE('',#4772,1.6);
#1813=CIRCLE('',#4773,1.6);
#1814=CIRCLE('',#4774,1.6);
#1815=CIRCLE('',#4775,1.6);
#1816=CIRCLE('',#4776,1.6);
#1817=CIRCLE('',#4777,7.);
#1818=CIRCLE('',#4778,1.6);
#1819=VERTEX_POINT('',#6017);
#1820=VERTEX_POINT('',#6019);
#1821=VERTEX_POINT('',#6023);
#1822=VERTEX_POINT('',#6025);
#1823=VERTEX_POINT('',#6029);
#1824=VERTEX_POINT('',#6031);
#1825=VERTEX_POINT('',#6035);
#1826=VERTEX_POINT('',#6036);
#1827=VERTEX_POINT('',#6038);
#1828=VERTEX_POINT('',#6040);
#1829=VERTEX_POINT('',#6044);
#1830=VERTEX_POINT('',#6046);
#1831=VERTEX_POINT('',#6050);
#1832=VERTEX_POINT('',#6052);
#1833=VERTEX_POINT('',#6055);
#1834=VERTEX_POINT('',#6057);
#1835=VERTEX_POINT('',#6059);
#1836=VERTEX_POINT('',#6061);
#1837=VERTEX_POINT('',#6063);
#1838=VERTEX_POINT('',#6065);
#1839=VERTEX_POINT('',#6067);
#1840=VERTEX_POINT('',#6069);
#1841=VERTEX_POINT('',#6071);
#1842=VERTEX_POINT('',#6073);
#1843=VERTEX_POINT('',#6075);
#1844=VERTEX_POINT('',#6076);
#1845=VERTEX_POINT('',#6078);
#1846=VERTEX_POINT('',#6080);
#1847=VERTEX_POINT('',#6083);
#1848=VERTEX_POINT('',#6085);
#1849=VERTEX_POINT('',#6087);
#1850=VERTEX_POINT('',#6089);
#1851=VERTEX_POINT('',#6092);
#1852=VERTEX_POINT('',#6096);
#1853=VERTEX_POINT('',#6100);
#1854=VERTEX_POINT('',#6104);
#1855=VERTEX_POINT('',#6108);
#1856=VERTEX_POINT('',#6112);
#1857=VERTEX_POINT('',#6116);
#1858=VERTEX_POINT('',#6120);
#1859=VERTEX_POINT('',#6124);
#1860=VERTEX_POINT('',#6128);
#1861=VERTEX_POINT('',#6132);
#1862=VERTEX_POINT('',#6134);
#1863=VERTEX_POINT('',#6138);
#1864=VERTEX_POINT('',#6142);
#1865=VERTEX_POINT('',#6148);
#1866=VERTEX_POINT('',#6152);
#1867=VERTEX_POINT('',#6156);
#1868=VERTEX_POINT('',#6160);
#1869=VERTEX_POINT('',#6164);
#1870=VERTEX_POINT('',#6166);
#1871=VERTEX_POINT('',#6170);
#1872=VERTEX_POINT('',#6174);
#1873=VERTEX_POINT('',#6181);
#1874=VERTEX_POINT('',#6183);
#1875=VERTEX_POINT('',#6187);
#1876=VERTEX_POINT('',#6189);
#1877=VERTEX_POINT('',#6193);
#1878=VERTEX_POINT('',#6195);
#1879=VERTEX_POINT('',#6199);
#1880=VERTEX_POINT('',#6200);
#1881=VERTEX_POINT('',#6202);
#1882=VERTEX_POINT('',#6204);
#1883=VERTEX_POINT('',#6208);
#1884=VERTEX_POINT('',#6210);
#1885=VERTEX_POINT('',#6214);
#1886=VERTEX_POINT('',#6216);
#1887=VERTEX_POINT('',#6219);
#1888=VERTEX_POINT('',#6221);
#1889=VERTEX_POINT('',#6223);
#1890=VERTEX_POINT('',#6225);
#1891=VERTEX_POINT('',#6227);
#1892=VERTEX_POINT('',#6229);
#1893=VERTEX_POINT('',#6231);
#1894=VERTEX_POINT('',#6233);
#1895=VERTEX_POINT('',#6236);
#1896=VERTEX_POINT('',#6240);
#1897=VERTEX_POINT('',#6244);
#1898=VERTEX_POINT('',#6248);
#1899=VERTEX_POINT('',#6252);
#1900=VERTEX_POINT('',#6256);
#1901=VERTEX_POINT('',#6260);
#1902=VERTEX_POINT('',#6264);
#1903=VERTEX_POINT('',#6268);
#1904=VERTEX_POINT('',#6270);
#1905=VERTEX_POINT('',#6274);
#1906=VERTEX_POINT('',#6278);
#1907=VERTEX_POINT('',#6286);
#1908=VERTEX_POINT('',#6288);
#1909=VERTEX_POINT('',#6292);
#1910=VERTEX_POINT('',#6294);
#1911=VERTEX_POINT('',#6298);
#1912=VERTEX_POINT('',#6300);
#1913=VERTEX_POINT('',#6304);
#1914=VERTEX_POINT('',#6305);
#1915=VERTEX_POINT('',#6307);
#1916=VERTEX_POINT('',#6309);
#1917=VERTEX_POINT('',#6313);
#1918=VERTEX_POINT('',#6315);
#1919=VERTEX_POINT('',#6319);
#1920=VERTEX_POINT('',#6321);
#1921=VERTEX_POINT('',#6325);
#1922=VERTEX_POINT('',#6327);
#1923=VERTEX_POINT('',#6329);
#1924=VERTEX_POINT('',#6331);
#1925=VERTEX_POINT('',#6336);
#1926=VERTEX_POINT('',#6338);
#1927=VERTEX_POINT('',#6340);
#1928=VERTEX_POINT('',#6342);
#1929=VERTEX_POINT('',#6344);
#1930=VERTEX_POINT('',#6346);
#1931=VERTEX_POINT('',#6348);
#1932=VERTEX_POINT('',#6351);
#1933=VERTEX_POINT('',#6355);
#1934=VERTEX_POINT('',#6359);
#1935=VERTEX_POINT('',#6363);
#1936=VERTEX_POINT('',#6367);
#1937=VERTEX_POINT('',#6371);
#1938=VERTEX_POINT('',#6375);
#1939=VERTEX_POINT('',#6379);
#1940=VERTEX_POINT('',#6380);
#1941=VERTEX_POINT('',#6385);
#1942=VERTEX_POINT('',#6389);
#1943=VERTEX_POINT('',#6396);
#1944=VERTEX_POINT('',#6398);
#1945=VERTEX_POINT('',#6402);
#1946=VERTEX_POINT('',#6404);
#1947=VERTEX_POINT('',#6408);
#1948=VERTEX_POINT('',#6410);
#1949=VERTEX_POINT('',#6414);
#1950=VERTEX_POINT('',#6415);
#1951=VERTEX_POINT('',#6417);
#1952=VERTEX_POINT('',#6419);
#1953=VERTEX_POINT('',#6423);
#1954=VERTEX_POINT('',#6425);
#1955=VERTEX_POINT('',#6429);
#1956=VERTEX_POINT('',#6431);
#1957=VERTEX_POINT('',#6435);
#1958=VERTEX_POINT('',#6437);
#1959=VERTEX_POINT('',#6439);
#1960=VERTEX_POINT('',#6441);
#1961=VERTEX_POINT('',#6446);
#1962=VERTEX_POINT('',#6448);
#1963=VERTEX_POINT('',#6450);
#1964=VERTEX_POINT('',#6452);
#1965=VERTEX_POINT('',#6454);
#1966=VERTEX_POINT('',#6456);
#1967=VERTEX_POINT('',#6458);
#1968=VERTEX_POINT('',#6461);
#1969=VERTEX_POINT('',#6465);
#1970=VERTEX_POINT('',#6469);
#1971=VERTEX_POINT('',#6473);
#1972=VERTEX_POINT('',#6477);
#1973=VERTEX_POINT('',#6481);
#1974=VERTEX_POINT('',#6485);
#1975=VERTEX_POINT('',#6489);
#1976=VERTEX_POINT('',#6490);
#1977=VERTEX_POINT('',#6495);
#1978=VERTEX_POINT('',#6499);
#1979=VERTEX_POINT('',#6507);
#1980=VERTEX_POINT('',#6508);
#1981=VERTEX_POINT('',#6510);
#1982=VERTEX_POINT('',#6512);
#1983=VERTEX_POINT('',#6516);
#1984=VERTEX_POINT('',#6531);
#1985=VERTEX_POINT('',#6533);
#1986=VERTEX_POINT('',#6537);
#1987=VERTEX_POINT('',#6538);
#1988=VERTEX_POINT('',#6540);
#1989=VERTEX_POINT('',#6542);
#1990=VERTEX_POINT('',#6546);
#1991=VERTEX_POINT('',#6561);
#1992=VERTEX_POINT('',#6563);
#1993=VERTEX_POINT('',#6584);
#1994=VERTEX_POINT('',#6586);
#1995=VERTEX_POINT('',#6588);
#1996=VERTEX_POINT('',#6590);
#1997=VERTEX_POINT('',#6599);
#1998=VERTEX_POINT('',#6601);
#1999=VERTEX_POINT('',#6603);
#2000=VERTEX_POINT('',#6605);
#2001=VERTEX_POINT('',#6608);
#2002=VERTEX_POINT('',#6610);
#2003=VERTEX_POINT('',#6612);
#2004=VERTEX_POINT('',#6614);
#2005=VERTEX_POINT('',#6617);
#2006=VERTEX_POINT('',#6619);
#2007=VERTEX_POINT('',#6621);
#2008=VERTEX_POINT('',#6623);
#2009=VERTEX_POINT('',#6625);
#2010=VERTEX_POINT('',#6627);
#2011=VERTEX_POINT('',#6629);
#2012=VERTEX_POINT('',#6631);
#2013=VERTEX_POINT('',#6633);
#2014=VERTEX_POINT('',#6635);
#2015=VERTEX_POINT('',#6637);
#2016=VERTEX_POINT('',#6639);
#2017=VERTEX_POINT('',#6641);
#2018=VERTEX_POINT('',#6643);
#2019=VERTEX_POINT('',#6645);
#2020=VERTEX_POINT('',#6647);
#2021=VERTEX_POINT('',#6649);
#2022=VERTEX_POINT('',#6651);
#2023=VERTEX_POINT('',#6654);
#2024=VERTEX_POINT('',#6656);
#2025=VERTEX_POINT('',#6658);
#2026=VERTEX_POINT('',#6660);
#2027=VERTEX_POINT('',#6663);
#2028=VERTEX_POINT('',#6665);
#2029=VERTEX_POINT('',#6667);
#2030=VERTEX_POINT('',#6670);
#2031=VERTEX_POINT('',#6672);
#2032=VERTEX_POINT('',#6676);
#2033=VERTEX_POINT('',#6677);
#2034=VERTEX_POINT('',#6714);
#2035=VERTEX_POINT('',#6716);
#2036=VERTEX_POINT('',#6754);
#2037=VERTEX_POINT('',#6755);
#2038=VERTEX_POINT('',#6792);
#2039=VERTEX_POINT('',#6794);
#2040=VERTEX_POINT('',#6832);
#2041=VERTEX_POINT('',#6833);
#2042=VERTEX_POINT('',#6870);
#2043=VERTEX_POINT('',#6872);
#2044=VERTEX_POINT('',#6910);
#2045=VERTEX_POINT('',#6912);
#2046=VERTEX_POINT('',#6916);
#2047=VERTEX_POINT('',#6918);
#2048=VERTEX_POINT('',#6922);
#2049=VERTEX_POINT('',#6926);
#2050=VERTEX_POINT('',#6930);
#2051=VERTEX_POINT('',#6934);
#2052=VERTEX_POINT('',#6938);
#2053=VERTEX_POINT('',#6939);
#2054=VERTEX_POINT('',#6944);
#2055=VERTEX_POINT('',#6948);
#2056=VERTEX_POINT('',#6952);
#2057=VERTEX_POINT('',#6956);
#2058=VERTEX_POINT('',#6960);
#2059=VERTEX_POINT('',#6964);
#2060=VERTEX_POINT('',#6968);
#2061=VERTEX_POINT('',#6972);
#2062=VERTEX_POINT('',#6976);
#2063=VERTEX_POINT('',#6980);
#2064=VERTEX_POINT('',#6984);
#2065=VERTEX_POINT('',#6988);
#2066=VERTEX_POINT('',#6992);
#2067=VERTEX_POINT('',#6996);
#2068=VERTEX_POINT('',#6997);
#2069=VERTEX_POINT('',#7002);
#2070=VERTEX_POINT('',#7006);
#2071=VERTEX_POINT('',#7010);
#2072=VERTEX_POINT('',#7016);
#2073=VERTEX_POINT('',#7020);
#2074=VERTEX_POINT('',#7024);
#2075=VERTEX_POINT('',#7028);
#2076=VERTEX_POINT('',#7032);
#2077=VERTEX_POINT('',#7038);
#2078=VERTEX_POINT('',#7042);
#2079=VERTEX_POINT('',#7046);
#2080=VERTEX_POINT('',#7050);
#2081=VERTEX_POINT('',#7056);
#2082=VERTEX_POINT('',#7058);
#2083=VERTEX_POINT('',#7060);
#2084=VERTEX_POINT('',#7062);
#2085=VERTEX_POINT('',#7064);
#2086=VERTEX_POINT('',#7066);
#2087=VERTEX_POINT('',#7068);
#2088=VERTEX_POINT('',#7071);
#2089=VERTEX_POINT('',#7073);
#2090=VERTEX_POINT('',#7075);
#2091=VERTEX_POINT('',#7077);
#2092=VERTEX_POINT('',#7079);
#2093=VERTEX_POINT('',#7081);
#2094=VERTEX_POINT('',#7083);
#2095=VERTEX_POINT('',#7101);
#2096=VERTEX_POINT('',#7102);
#2097=VERTEX_POINT('',#7104);
#2098=VERTEX_POINT('',#7106);
#2099=VERTEX_POINT('',#7110);
#2100=VERTEX_POINT('',#7125);
#2101=VERTEX_POINT('',#7127);
#2102=VERTEX_POINT('',#7131);
#2103=VERTEX_POINT('',#7132);
#2104=VERTEX_POINT('',#7134);
#2105=VERTEX_POINT('',#7136);
#2106=VERTEX_POINT('',#7140);
#2107=VERTEX_POINT('',#7155);
#2108=VERTEX_POINT('',#7157);
#2109=VERTEX_POINT('',#7178);
#2110=VERTEX_POINT('',#7180);
#2111=VERTEX_POINT('',#7182);
#2112=VERTEX_POINT('',#7184);
#2113=VERTEX_POINT('',#7192);
#2114=VERTEX_POINT('',#7194);
#2115=VERTEX_POINT('',#7196);
#2116=VERTEX_POINT('',#7198);
#2117=VERTEX_POINT('',#7202);
#2118=VERTEX_POINT('',#7204);
#2119=VERTEX_POINT('',#7206);
#2120=VERTEX_POINT('',#7208);
#2121=VERTEX_POINT('',#7211);
#2122=VERTEX_POINT('',#7213);
#2123=VERTEX_POINT('',#7215);
#2124=VERTEX_POINT('',#7217);
#2125=VERTEX_POINT('',#7220);
#2126=VERTEX_POINT('',#7222);
#2127=VERTEX_POINT('',#7224);
#2128=VERTEX_POINT('',#7226);
#2129=VERTEX_POINT('',#7228);
#2130=VERTEX_POINT('',#7230);
#2131=VERTEX_POINT('',#7232);
#2132=VERTEX_POINT('',#7234);
#2133=VERTEX_POINT('',#7236);
#2134=VERTEX_POINT('',#7238);
#2135=VERTEX_POINT('',#7240);
#2136=VERTEX_POINT('',#7242);
#2137=VERTEX_POINT('',#7244);
#2138=VERTEX_POINT('',#7246);
#2139=VERTEX_POINT('',#7248);
#2140=VERTEX_POINT('',#7250);
#2141=VERTEX_POINT('',#7252);
#2142=VERTEX_POINT('',#7254);
#2143=VERTEX_POINT('',#7257);
#2144=VERTEX_POINT('',#7259);
#2145=VERTEX_POINT('',#7261);
#2146=VERTEX_POINT('',#7264);
#2147=VERTEX_POINT('',#7266);
#2148=VERTEX_POINT('',#7270);
#2149=VERTEX_POINT('',#7271);
#2150=VERTEX_POINT('',#7290);
#2151=VERTEX_POINT('',#7292);
#2152=VERTEX_POINT('',#7348);
#2153=VERTEX_POINT('',#7349);
#2154=VERTEX_POINT('',#7368);
#2155=VERTEX_POINT('',#7370);
#2156=VERTEX_POINT('',#7426);
#2157=VERTEX_POINT('',#7427);
#2158=VERTEX_POINT('',#7446);
#2159=VERTEX_POINT('',#7448);
#2160=VERTEX_POINT('',#7504);
#2161=VERTEX_POINT('',#7506);
#2162=VERTEX_POINT('',#7510);
#2163=VERTEX_POINT('',#7512);
#2164=VERTEX_POINT('',#7516);
#2165=VERTEX_POINT('',#7520);
#2166=VERTEX_POINT('',#7524);
#2167=VERTEX_POINT('',#7528);
#2168=VERTEX_POINT('',#7532);
#2169=VERTEX_POINT('',#7533);
#2170=VERTEX_POINT('',#7538);
#2171=VERTEX_POINT('',#7542);
#2172=VERTEX_POINT('',#7546);
#2173=VERTEX_POINT('',#7550);
#2174=VERTEX_POINT('',#7554);
#2175=VERTEX_POINT('',#7558);
#2176=VERTEX_POINT('',#7562);
#2177=VERTEX_POINT('',#7566);
#2178=VERTEX_POINT('',#7570);
#2179=VERTEX_POINT('',#7574);
#2180=VERTEX_POINT('',#7578);
#2181=VERTEX_POINT('',#7582);
#2182=VERTEX_POINT('',#7586);
#2183=VERTEX_POINT('',#7590);
#2184=VERTEX_POINT('',#7591);
#2185=VERTEX_POINT('',#7596);
#2186=VERTEX_POINT('',#7600);
#2187=VERTEX_POINT('',#7604);
#2188=VERTEX_POINT('',#7610);
#2189=VERTEX_POINT('',#7614);
#2190=VERTEX_POINT('',#7618);
#2191=VERTEX_POINT('',#7622);
#2192=VERTEX_POINT('',#7626);
#2193=VERTEX_POINT('',#7632);
#2194=VERTEX_POINT('',#7636);
#2195=VERTEX_POINT('',#7640);
#2196=VERTEX_POINT('',#7644);
#2197=VERTEX_POINT('',#7650);
#2198=VERTEX_POINT('',#7652);
#2199=VERTEX_POINT('',#7654);
#2200=VERTEX_POINT('',#7656);
#2201=VERTEX_POINT('',#7658);
#2202=VERTEX_POINT('',#7660);
#2203=VERTEX_POINT('',#7662);
#2204=VERTEX_POINT('',#7665);
#2205=VERTEX_POINT('',#7667);
#2206=VERTEX_POINT('',#7669);
#2207=VERTEX_POINT('',#7671);
#2208=VERTEX_POINT('',#7673);
#2209=VERTEX_POINT('',#7675);
#2210=VERTEX_POINT('',#7677);
#2211=EDGE_CURVE('',#1819,#1819,#1587,.T.);
#2212=EDGE_CURVE('',#1819,#1820,#931,.T.);
#2213=EDGE_CURVE('',#1820,#1820,#1588,.T.);
#2214=EDGE_CURVE('',#1821,#1821,#1589,.T.);
#2215=EDGE_CURVE('',#1821,#1822,#932,.T.);
#2216=EDGE_CURVE('',#1822,#1822,#1590,.T.);
#2217=EDGE_CURVE('',#1823,#1823,#1591,.T.);
#2218=EDGE_CURVE('',#1823,#1824,#933,.T.);
#2219=EDGE_CURVE('',#1824,#1824,#1592,.T.);
#2220=EDGE_CURVE('',#1825,#1826,#934,.T.);
#2221=EDGE_CURVE('',#1825,#1827,#935,.T.);
#2222=EDGE_CURVE('',#1828,#1827,#936,.T.);
#2223=EDGE_CURVE('',#1826,#1828,#937,.T.);
#2224=EDGE_CURVE('',#1827,#1829,#938,.T.);
#2225=EDGE_CURVE('',#1829,#1830,#939,.T.);
#2226=EDGE_CURVE('',#1830,#1828,#940,.T.);
#2227=EDGE_CURVE('',#1831,#1826,#941,.T.);
#2228=EDGE_CURVE('',#1832,#1831,#942,.T.);
#2229=EDGE_CURVE('',#1825,#1832,#943,.T.);
#2230=EDGE_CURVE('',#1833,#1833,#1593,.T.);
#2231=EDGE_CURVE('',#1834,#1834,#1594,.T.);
#2232=EDGE_CURVE('',#1835,#1835,#1595,.T.);
#2233=EDGE_CURVE('',#1836,#1836,#1596,.T.);
#2234=EDGE_CURVE('',#1837,#1837,#1597,.T.);
#2235=EDGE_CURVE('',#1838,#1838,#1598,.T.);
#2236=EDGE_CURVE('',#1839,#1839,#1599,.T.);
#2237=EDGE_CURVE('',#1840,#1840,#1600,.T.);
#2238=EDGE_CURVE('',#1841,#1841,#1601,.T.);
#2239=EDGE_CURVE('',#1842,#1842,#1602,.T.);
#2240=EDGE_CURVE('',#1843,#1844,#1603,.T.);
#2241=EDGE_CURVE('',#1844,#1845,#944,.T.);
#2242=EDGE_CURVE('',#1845,#1846,#1604,.T.);
#2243=EDGE_CURVE('',#1846,#1843,#945,.T.);
#2244=EDGE_CURVE('',#1847,#1847,#1605,.T.);
#2245=EDGE_CURVE('',#1848,#1848,#1606,.T.);
#2246=EDGE_CURVE('',#1849,#1849,#1607,.T.);
#2247=EDGE_CURVE('',#1850,#1850,#1608,.T.);
#2248=EDGE_CURVE('',#1851,#1851,#1609,.T.);
#2249=EDGE_CURVE('',#1851,#1833,#946,.T.);
#2250=EDGE_CURVE('',#1852,#1852,#1610,.T.);
#2251=EDGE_CURVE('',#1852,#1834,#947,.T.);
#2252=EDGE_CURVE('',#1853,#1853,#1611,.T.);
#2253=EDGE_CURVE('',#1853,#1835,#948,.T.);
#2254=EDGE_CURVE('',#1854,#1854,#1612,.T.);
#2255=EDGE_CURVE('',#1854,#1836,#949,.T.);
#2256=EDGE_CURVE('',#1855,#1855,#1613,.T.);
#2257=EDGE_CURVE('',#1855,#1837,#950,.T.);
#2258=EDGE_CURVE('',#1856,#1856,#1614,.T.);
#2259=EDGE_CURVE('',#1856,#1838,#951,.T.);
#2260=EDGE_CURVE('',#1857,#1857,#1615,.T.);
#2261=EDGE_CURVE('',#1857,#1839,#952,.T.);
#2262=EDGE_CURVE('',#1858,#1858,#1616,.T.);
#2263=EDGE_CURVE('',#1858,#1840,#953,.T.);
#2264=EDGE_CURVE('',#1859,#1859,#1617,.T.);
#2265=EDGE_CURVE('',#1859,#1841,#954,.T.);
#2266=EDGE_CURVE('',#1860,#1860,#1618,.T.);
#2267=EDGE_CURVE('',#1860,#1842,#955,.T.);
#2268=EDGE_CURVE('',#1844,#1861,#956,.T.);
#2269=EDGE_CURVE('',#1862,#1861,#957,.T.);
#2270=EDGE_CURVE('',#1845,#1862,#958,.T.);
#2271=EDGE_CURVE('',#1863,#1862,#1619,.T.);
#2272=EDGE_CURVE('',#1846,#1863,#959,.T.);
#2273=EDGE_CURVE('',#1864,#1863,#960,.T.);
#2274=EDGE_CURVE('',#1843,#1864,#961,.T.);
#2275=EDGE_CURVE('',#1861,#1864,#1620,.T.);
#2276=EDGE_CURVE('',#1865,#1865,#1621,.T.);
#2277=EDGE_CURVE('',#1865,#1847,#962,.T.);
#2278=EDGE_CURVE('',#1866,#1866,#1622,.T.);
#2279=EDGE_CURVE('',#1866,#1848,#963,.T.);
#2280=EDGE_CURVE('',#1867,#1867,#1623,.T.);
#2281=EDGE_CURVE('',#1867,#1849,#964,.T.);
#2282=EDGE_CURVE('',#1868,#1868,#1624,.T.);
#2283=EDGE_CURVE('',#1868,#1850,#965,.T.);
#2284=EDGE_CURVE('',#1831,#1869,#966,.T.);
#2285=EDGE_CURVE('',#1870,#1869,#967,.T.);
#2286=EDGE_CURVE('',#1832,#1870,#968,.T.);
#2287=EDGE_CURVE('',#1871,#1870,#969,.T.);
#2288=EDGE_CURVE('',#1871,#1829,#970,.T.);
#2289=EDGE_CURVE('',#1872,#1871,#971,.T.);
#2290=EDGE_CURVE('',#1830,#1872,#972,.T.);
#2291=EDGE_CURVE('',#1869,#1872,#973,.T.);
#2292=EDGE_CURVE('',#1873,#1873,#1625,.T.);
#2293=EDGE_CURVE('',#1873,#1874,#974,.T.);
#2294=EDGE_CURVE('',#1874,#1874,#1626,.T.);
#2295=EDGE_CURVE('',#1875,#1875,#1627,.T.);
#2296=EDGE_CURVE('',#1875,#1876,#975,.T.);
#2297=EDGE_CURVE('',#1876,#1876,#1628,.T.);
#2298=EDGE_CURVE('',#1877,#1877,#1629,.T.);
#2299=EDGE_CURVE('',#1877,#1878,#976,.T.);
#2300=EDGE_CURVE('',#1878,#1878,#1630,.T.);
#2301=EDGE_CURVE('',#1879,#1880,#977,.T.);
#2302=EDGE_CURVE('',#1879,#1881,#978,.T.);
#2303=EDGE_CURVE('',#1882,#1881,#979,.T.);
#2304=EDGE_CURVE('',#1880,#1882,#980,.T.);
#2305=EDGE_CURVE('',#1881,#1883,#981,.T.);
#2306=EDGE_CURVE('',#1883,#1884,#982,.T.);
#2307=EDGE_CURVE('',#1884,#1882,#983,.T.);
#2308=EDGE_CURVE('',#1885,#1880,#984,.T.);
#2309=EDGE_CURVE('',#1886,#1885,#985,.T.);
#2310=EDGE_CURVE('',#1886,#1879,#986,.T.);
#2311=EDGE_CURVE('',#1887,#1887,#1631,.T.);
#2312=EDGE_CURVE('',#1888,#1888,#1632,.T.);
#2313=EDGE_CURVE('',#1889,#1889,#1633,.T.);
#2314=EDGE_CURVE('',#1890,#1890,#1634,.T.);
#2315=EDGE_CURVE('',#1891,#1891,#1635,.T.);
#2316=EDGE_CURVE('',#1892,#1892,#1636,.T.);
#2317=EDGE_CURVE('',#1893,#1893,#1637,.T.);
#2318=EDGE_CURVE('',#1894,#1894,#1638,.T.);
#2319=EDGE_CURVE('',#1895,#1895,#1639,.T.);
#2320=EDGE_CURVE('',#1895,#1887,#987,.T.);
#2321=EDGE_CURVE('',#1896,#1896,#1640,.T.);
#2322=EDGE_CURVE('',#1896,#1888,#988,.T.);
#2323=EDGE_CURVE('',#1897,#1897,#1641,.T.);
#2324=EDGE_CURVE('',#1897,#1889,#989,.T.);
#2325=EDGE_CURVE('',#1898,#1898,#1642,.T.);
#2326=EDGE_CURVE('',#1898,#1890,#990,.T.);
#2327=EDGE_CURVE('',#1899,#1899,#1643,.T.);
#2328=EDGE_CURVE('',#1899,#1891,#991,.T.);
#2329=EDGE_CURVE('',#1900,#1900,#1644,.T.);
#2330=EDGE_CURVE('',#1900,#1892,#992,.T.);
#2331=EDGE_CURVE('',#1901,#1901,#1645,.T.);
#2332=EDGE_CURVE('',#1901,#1893,#993,.T.);
#2333=EDGE_CURVE('',#1902,#1902,#1646,.T.);
#2334=EDGE_CURVE('',#1902,#1894,#994,.T.);
#2335=EDGE_CURVE('',#1886,#1903,#995,.T.);
#2336=EDGE_CURVE('',#1904,#1903,#996,.T.);
#2337=EDGE_CURVE('',#1904,#1883,#997,.T.);
#2338=EDGE_CURVE('',#1905,#1904,#998,.T.);
#2339=EDGE_CURVE('',#1905,#1884,#999,.T.);
#2340=EDGE_CURVE('',#1906,#1905,#1000,.T.);
#2341=EDGE_CURVE('',#1885,#1906,#1001,.T.);
#2342=EDGE_CURVE('',#1903,#1906,#1002,.T.);
#2343=EDGE_CURVE('',#1907,#1907,#1647,.T.);
#2344=EDGE_CURVE('',#1907,#1908,#1003,.T.);
#2345=EDGE_CURVE('',#1908,#1908,#1648,.T.);
#2346=EDGE_CURVE('',#1909,#1909,#1649,.T.);
#2347=EDGE_CURVE('',#1909,#1910,#1004,.T.);
#2348=EDGE_CURVE('',#1910,#1910,#1650,.T.);
#2349=EDGE_CURVE('',#1911,#1911,#1651,.T.);
#2350=EDGE_CURVE('',#1911,#1912,#1005,.T.);
#2351=EDGE_CURVE('',#1912,#1912,#1652,.T.);
#2352=EDGE_CURVE('',#1913,#1914,#1006,.T.);
#2353=EDGE_CURVE('',#1913,#1915,#1007,.T.);
#2354=EDGE_CURVE('',#1916,#1915,#1008,.T.);
#2355=EDGE_CURVE('',#1914,#1916,#1009,.T.);
#2356=EDGE_CURVE('',#1914,#1917,#1653,.T.);
#2357=EDGE_CURVE('',#1918,#1916,#1654,.T.);
#2358=EDGE_CURVE('',#1917,#1918,#1010,.T.);
#2359=EDGE_CURVE('',#1917,#1919,#1011,.T.);
#2360=EDGE_CURVE('',#1920,#1918,#1012,.T.);
#2361=EDGE_CURVE('',#1919,#1920,#1013,.T.);
#2362=EDGE_CURVE('',#1915,#1921,#1014,.T.);
#2363=EDGE_CURVE('',#1921,#1922,#1015,.T.);
#2364=EDGE_CURVE('',#1922,#1923,#1655,.T.);
#2365=EDGE_CURVE('',#1923,#1924,#1016,.T.);
#2366=EDGE_CURVE('',#1924,#1920,#1017,.T.);
#2367=EDGE_CURVE('',#1919,#1913,#1018,.T.);
#2368=EDGE_CURVE('',#1925,#1925,#1656,.T.);
#2369=EDGE_CURVE('',#1926,#1926,#1657,.T.);
#2370=EDGE_CURVE('',#1927,#1927,#1658,.T.);
#2371=EDGE_CURVE('',#1928,#1928,#1659,.T.);
#2372=EDGE_CURVE('',#1929,#1929,#1660,.T.);
#2373=EDGE_CURVE('',#1930,#1930,#1661,.T.);
#2374=EDGE_CURVE('',#1931,#1931,#1662,.T.);
#2375=EDGE_CURVE('',#1925,#1932,#1019,.T.);
#2376=EDGE_CURVE('',#1932,#1932,#1663,.T.);
#2377=EDGE_CURVE('',#1926,#1933,#1020,.T.);
#2378=EDGE_CURVE('',#1933,#1933,#1664,.T.);
#2379=EDGE_CURVE('',#1927,#1934,#1021,.T.);
#2380=EDGE_CURVE('',#1934,#1934,#1665,.T.);
#2381=EDGE_CURVE('',#1928,#1935,#1022,.T.);
#2382=EDGE_CURVE('',#1935,#1935,#1666,.T.);
#2383=EDGE_CURVE('',#1929,#1936,#1023,.T.);
#2384=EDGE_CURVE('',#1936,#1936,#1667,.T.);
#2385=EDGE_CURVE('',#1930,#1937,#1024,.T.);
#2386=EDGE_CURVE('',#1937,#1937,#1668,.T.);
#2387=EDGE_CURVE('',#1931,#1938,#1025,.T.);
#2388=EDGE_CURVE('',#1938,#1938,#1669,.T.);
#2389=EDGE_CURVE('',#1939,#1940,#1026,.T.);
#2390=EDGE_CURVE('',#1939,#1924,#1027,.T.);
#2391=EDGE_CURVE('',#1940,#1923,#1028,.T.);
#2392=EDGE_CURVE('',#1941,#1940,#1670,.T.);
#2393=EDGE_CURVE('',#1941,#1922,#1029,.T.);
#2394=EDGE_CURVE('',#1942,#1941,#1030,.T.);
#2395=EDGE_CURVE('',#1942,#1921,#1031,.T.);
#2396=EDGE_CURVE('',#1939,#1942,#1032,.T.);
#2397=EDGE_CURVE('',#1943,#1943,#1671,.T.);
#2398=EDGE_CURVE('',#1943,#1944,#1033,.T.);
#2399=EDGE_CURVE('',#1944,#1944,#1672,.T.);
#2400=EDGE_CURVE('',#1945,#1945,#1673,.T.);
#2401=EDGE_CURVE('',#1945,#1946,#1034,.T.);
#2402=EDGE_CURVE('',#1946,#1946,#1674,.T.);
#2403=EDGE_CURVE('',#1947,#1947,#1675,.T.);
#2404=EDGE_CURVE('',#1947,#1948,#1035,.T.);
#2405=EDGE_CURVE('',#1948,#1948,#1676,.T.);
#2406=EDGE_CURVE('',#1949,#1950,#1036,.T.);
#2407=EDGE_CURVE('',#1950,#1951,#1037,.T.);
#2408=EDGE_CURVE('',#1951,#1952,#1038,.T.);
#2409=EDGE_CURVE('',#1949,#1952,#1039,.T.);
#2410=EDGE_CURVE('',#1950,#1953,#1677,.T.);
#2411=EDGE_CURVE('',#1953,#1954,#1040,.T.);
#2412=EDGE_CURVE('',#1954,#1951,#1678,.T.);
#2413=EDGE_CURVE('',#1953,#1955,#1041,.T.);
#2414=EDGE_CURVE('',#1955,#1956,#1042,.T.);
#2415=EDGE_CURVE('',#1956,#1954,#1043,.T.);
#2416=EDGE_CURVE('',#1957,#1956,#1044,.T.);
#2417=EDGE_CURVE('',#1958,#1957,#1045,.T.);
#2418=EDGE_CURVE('',#1959,#1958,#1679,.T.);
#2419=EDGE_CURVE('',#1960,#1959,#1046,.T.);
#2420=EDGE_CURVE('',#1952,#1960,#1047,.T.);
#2421=EDGE_CURVE('',#1955,#1949,#1048,.T.);
#2422=EDGE_CURVE('',#1961,#1961,#1680,.T.);
#2423=EDGE_CURVE('',#1962,#1962,#1681,.T.);
#2424=EDGE_CURVE('',#1963,#1963,#1682,.T.);
#2425=EDGE_CURVE('',#1964,#1964,#1683,.T.);
#2426=EDGE_CURVE('',#1965,#1965,#1684,.T.);
#2427=EDGE_CURVE('',#1966,#1966,#1685,.T.);
#2428=EDGE_CURVE('',#1967,#1967,#1686,.T.);
#2429=EDGE_CURVE('',#1961,#1968,#1049,.T.);
#2430=EDGE_CURVE('',#1968,#1968,#1687,.T.);
#2431=EDGE_CURVE('',#1962,#1969,#1050,.T.);
#2432=EDGE_CURVE('',#1969,#1969,#1688,.T.);
#2433=EDGE_CURVE('',#1963,#1970,#1051,.T.);
#2434=EDGE_CURVE('',#1970,#1970,#1689,.T.);
#2435=EDGE_CURVE('',#1964,#1971,#1052,.T.);
#2436=EDGE_CURVE('',#1971,#1971,#1690,.T.);
#2437=EDGE_CURVE('',#1965,#1972,#1053,.T.);
#2438=EDGE_CURVE('',#1972,#1972,#1691,.T.);
#2439=EDGE_CURVE('',#1966,#1973,#1054,.T.);
#2440=EDGE_CURVE('',#1973,#1973,#1692,.T.);
#2441=EDGE_CURVE('',#1967,#1974,#1055,.T.);
#2442=EDGE_CURVE('',#1974,#1974,#1693,.T.);
#2443=EDGE_CURVE('',#1975,#1976,#1056,.T.);
#2444=EDGE_CURVE('',#1976,#1958,#1057,.T.);
#2445=EDGE_CURVE('',#1975,#1957,#1058,.T.);
#2446=EDGE_CURVE('',#1977,#1976,#1694,.T.);
#2447=EDGE_CURVE('',#1977,#1959,#1059,.T.);
#2448=EDGE_CURVE('',#1978,#1977,#1060,.T.);
#2449=EDGE_CURVE('',#1978,#1960,#1061,.T.);
#2450=EDGE_CURVE('',#1975,#1978,#1062,.T.);
#2451=EDGE_CURVE('',#1979,#1980,#1695,.T.);
#2452=EDGE_CURVE('',#1981,#1980,#1063,.T.);
#2453=EDGE_CURVE('',#1981,#1982,#1696,.T.);
#2454=EDGE_CURVE('',#1982,#1979,#1064,.T.);
#2455=EDGE_CURVE('',#1983,#1982,#29,.T.);
#2456=EDGE_CURVE('',#1984,#1981,#1065,.T.);
#2457=EDGE_CURVE('',#1984,#1985,#1066,.T.);
#2458=EDGE_CURVE('',#1985,#1983,#1697,.T.);
#2459=EDGE_CURVE('',#1986,#1987,#1698,.T.);
#2460=EDGE_CURVE('',#1987,#1988,#1067,.T.);
#2461=EDGE_CURVE('',#1988,#1989,#1699,.T.);
#2462=EDGE_CURVE('',#1986,#1989,#1068,.T.);
#2463=EDGE_CURVE('',#1988,#1990,#30,.T.);
#2464=EDGE_CURVE('',#1990,#1991,#1700,.T.);
#2465=EDGE_CURVE('',#1991,#1992,#1069,.T.);
#2466=EDGE_CURVE('',#1989,#1992,#1070,.T.);
#2467=EDGE_CURVE('',#1990,#1983,#1701,.T.);
#2468=EDGE_CURVE('',#1985,#1991,#1702,.T.);
#2469=EDGE_CURVE('',#1993,#1988,#1703,.T.);
#2470=EDGE_CURVE('',#1994,#1993,#1071,.T.);
#2471=EDGE_CURVE('',#1995,#1994,#1704,.T.);
#2472=EDGE_CURVE('',#1995,#1996,#1072,.T.);
#2473=EDGE_CURVE('',#1982,#1996,#1705,.T.);
#2474=EDGE_CURVE('',#1987,#1993,#1073,.T.);
#2475=EDGE_CURVE('',#1996,#1979,#1074,.T.);
#2476=EDGE_CURVE('',#1994,#1995,#1075,.T.);
#2477=EDGE_CURVE('',#1997,#1986,#1076,.T.);
#2478=EDGE_CURVE('',#1998,#1997,#1077,.T.);
#2479=EDGE_CURVE('',#1999,#1998,#1078,.T.);
#2480=EDGE_CURVE('',#1999,#2000,#1079,.T.);
#2481=EDGE_CURVE('',#1980,#2000,#1080,.T.);
#2482=EDGE_CURVE('',#2001,#2001,#1706,.T.);
#2483=EDGE_CURVE('',#2002,#2002,#1707,.T.);
#2484=EDGE_CURVE('',#2003,#2003,#1708,.T.);
#2485=EDGE_CURVE('',#2004,#2004,#1709,.T.);
#2486=EDGE_CURVE('',#1992,#2005,#1081,.T.);
#2487=EDGE_CURVE('',#2005,#2006,#1082,.T.);
#2488=EDGE_CURVE('',#2006,#2007,#1083,.T.);
#2489=EDGE_CURVE('',#2007,#2008,#1084,.T.);
#2490=EDGE_CURVE('',#2008,#2009,#1710,.T.);
#2491=EDGE_CURVE('',#2009,#2010,#1085,.T.);
#2492=EDGE_CURVE('',#2010,#2011,#1711,.T.);
#2493=EDGE_CURVE('',#2011,#2012,#1086,.T.);
#2494=EDGE_CURVE('',#2012,#2013,#1712,.T.);
#2495=EDGE_CURVE('',#2013,#2014,#1087,.T.);
#2496=EDGE_CURVE('',#2014,#2015,#1713,.T.);
#2497=EDGE_CURVE('',#2015,#2016,#1088,.T.);
#2498=EDGE_CURVE('',#2016,#2017,#1714,.T.);
#2499=EDGE_CURVE('',#2017,#2018,#1089,.T.);
#2500=EDGE_CURVE('',#2018,#2019,#1715,.T.);
#2501=EDGE_CURVE('',#2019,#2020,#1090,.T.);
#2502=EDGE_CURVE('',#2020,#2021,#1716,.T.);
#2503=EDGE_CURVE('',#2021,#2022,#1091,.T.);
#2504=EDGE_CURVE('',#2022,#1984,#1092,.T.);
#2505=EDGE_CURVE('',#2000,#2023,#1093,.T.);
#2506=EDGE_CURVE('',#2023,#2024,#1717,.T.);
#2507=EDGE_CURVE('',#2024,#2025,#1094,.T.);
#2508=EDGE_CURVE('',#2025,#2026,#1095,.T.);
#2509=EDGE_CURVE('',#2026,#1997,#1096,.T.);
#2510=EDGE_CURVE('',#2027,#2027,#1718,.T.);
#2511=EDGE_CURVE('',#2028,#2028,#1719,.T.);
#2512=EDGE_CURVE('',#2029,#2029,#1720,.T.);
#2513=EDGE_CURVE('',#2030,#2030,#1721,.T.);
#2514=EDGE_CURVE('',#2030,#2031,#1097,.T.);
#2515=EDGE_CURVE('',#2031,#2031,#1722,.T.);
#2516=EDGE_CURVE('',#2032,#2033,#31,.T.);
#2517=EDGE_CURVE('',#2033,#2032,#32,.T.);
#2518=EDGE_CURVE('',#2033,#2034,#1098,.T.);
#2519=EDGE_CURVE('',#2035,#2034,#33,.T.);
#2520=EDGE_CURVE('',#2034,#2035,#34,.T.);
#2521=EDGE_CURVE('',#2036,#2037,#35,.T.);
#2522=EDGE_CURVE('',#2037,#2036,#36,.T.);
#2523=EDGE_CURVE('',#2037,#2038,#1099,.T.);
#2524=EDGE_CURVE('',#2039,#2038,#37,.T.);
#2525=EDGE_CURVE('',#2038,#2039,#38,.T.);
#2526=EDGE_CURVE('',#2040,#2041,#39,.T.);
#2527=EDGE_CURVE('',#2041,#2040,#40,.T.);
#2528=EDGE_CURVE('',#2041,#2042,#1100,.T.);
#2529=EDGE_CURVE('',#2043,#2042,#41,.T.);
#2530=EDGE_CURVE('',#2042,#2043,#42,.T.);
#2531=EDGE_CURVE('',#2044,#2044,#1723,.T.);
#2532=EDGE_CURVE('',#2044,#2045,#1101,.T.);
#2533=EDGE_CURVE('',#2045,#2045,#1724,.T.);
#2534=EDGE_CURVE('',#2046,#2046,#1725,.T.);
#2535=EDGE_CURVE('',#2046,#2047,#1102,.T.);
#2536=EDGE_CURVE('',#2047,#2047,#1726,.T.);
#2537=EDGE_CURVE('',#2004,#2048,#1103,.T.);
#2538=EDGE_CURVE('',#2048,#2048,#1727,.T.);
#2539=EDGE_CURVE('',#2003,#2049,#1104,.T.);
#2540=EDGE_CURVE('',#2049,#2049,#1728,.T.);
#2541=EDGE_CURVE('',#2002,#2050,#1105,.T.);
#2542=EDGE_CURVE('',#2050,#2050,#1729,.T.);
#2543=EDGE_CURVE('',#2001,#2051,#1106,.T.);
#2544=EDGE_CURVE('',#2051,#2051,#1730,.T.);
#2545=EDGE_CURVE('',#2052,#2053,#1107,.T.);
#2546=EDGE_CURVE('',#2052,#2016,#1108,.T.);
#2547=EDGE_CURVE('',#2053,#2015,#1109,.T.);
#2548=EDGE_CURVE('',#2054,#2052,#1731,.T.);
#2549=EDGE_CURVE('',#2054,#2017,#1110,.T.);
#2550=EDGE_CURVE('',#2055,#2054,#1111,.T.);
#2551=EDGE_CURVE('',#2055,#2018,#1112,.T.);
#2552=EDGE_CURVE('',#2056,#2055,#1732,.T.);
#2553=EDGE_CURVE('',#2056,#2019,#1113,.T.);
#2554=EDGE_CURVE('',#2057,#2056,#1114,.T.);
#2555=EDGE_CURVE('',#2057,#2020,#1115,.T.);
#2556=EDGE_CURVE('',#2058,#2057,#1733,.T.);
#2557=EDGE_CURVE('',#2058,#2021,#1116,.T.);
#2558=EDGE_CURVE('',#2059,#2058,#1117,.T.);
#2559=EDGE_CURVE('',#2059,#2022,#1118,.T.);
#2560=EDGE_CURVE('',#2060,#2059,#1119,.T.);
#2561=EDGE_CURVE('',#2060,#1984,#1120,.T.);
#2562=EDGE_CURVE('',#2061,#2060,#1121,.T.);
#2563=EDGE_CURVE('',#2061,#1985,#1122,.T.);
#2564=EDGE_CURVE('',#2062,#2061,#1734,.T.);
#2565=EDGE_CURVE('',#2062,#1991,#1123,.T.);
#2566=EDGE_CURVE('',#2063,#2062,#1124,.T.);
#2567=EDGE_CURVE('',#2063,#1992,#1125,.T.);
#2568=EDGE_CURVE('',#2027,#2064,#1126,.T.);
#2569=EDGE_CURVE('',#2064,#2064,#1735,.T.);
#2570=EDGE_CURVE('',#2028,#2065,#1127,.T.);
#2571=EDGE_CURVE('',#2065,#2065,#1736,.T.);
#2572=EDGE_CURVE('',#2029,#2066,#1128,.T.);
#2573=EDGE_CURVE('',#2066,#2066,#1737,.T.);
#2574=EDGE_CURVE('',#2067,#2068,#1738,.T.);
#2575=EDGE_CURVE('',#2067,#2009,#1129,.T.);
#2576=EDGE_CURVE('',#2068,#2008,#1130,.T.);
#2577=EDGE_CURVE('',#2068,#2069,#1131,.T.);
#2578=EDGE_CURVE('',#2069,#2007,#1132,.T.);
#2579=EDGE_CURVE('',#2069,#2070,#1133,.T.);
#2580=EDGE_CURVE('',#2070,#2006,#1134,.T.);
#2581=EDGE_CURVE('',#2070,#2071,#1135,.T.);
#2582=EDGE_CURVE('',#2071,#2005,#1136,.T.);
#2583=EDGE_CURVE('',#2071,#2063,#1137,.T.);
#2584=EDGE_CURVE('',#2053,#2072,#1739,.T.);
#2585=EDGE_CURVE('',#2072,#2014,#1138,.T.);
#2586=EDGE_CURVE('',#2072,#2073,#1139,.T.);
#2587=EDGE_CURVE('',#2073,#2013,#1140,.T.);
#2588=EDGE_CURVE('',#2073,#2074,#1740,.T.);
#2589=EDGE_CURVE('',#2074,#2012,#1141,.T.);
#2590=EDGE_CURVE('',#2074,#2075,#1142,.T.);
#2591=EDGE_CURVE('',#2075,#2011,#1143,.T.);
#2592=EDGE_CURVE('',#2075,#2076,#1741,.T.);
#2593=EDGE_CURVE('',#2076,#2010,#1144,.T.);
#2594=EDGE_CURVE('',#2076,#2067,#1145,.T.);
#2595=EDGE_CURVE('',#1998,#2077,#1146,.T.);
#2596=EDGE_CURVE('',#2077,#2026,#1147,.T.);
#2597=EDGE_CURVE('',#2077,#2078,#1148,.T.);
#2598=EDGE_CURVE('',#2078,#2025,#1149,.T.);
#2599=EDGE_CURVE('',#2078,#2079,#1150,.T.);
#2600=EDGE_CURVE('',#2079,#2024,#1151,.T.);
#2601=EDGE_CURVE('',#2080,#2079,#1742,.T.);
#2602=EDGE_CURVE('',#2080,#2023,#1152,.T.);
#2603=EDGE_CURVE('',#2080,#1999,#1153,.T.);
#2604=EDGE_CURVE('',#2081,#2081,#1743,.T.);
#2605=EDGE_CURVE('',#2082,#2082,#1744,.T.);
#2606=EDGE_CURVE('',#2083,#2083,#1745,.T.);
#2607=EDGE_CURVE('',#2084,#2084,#1746,.T.);
#2608=EDGE_CURVE('',#2085,#2085,#1747,.T.);
#2609=EDGE_CURVE('',#2086,#2086,#1748,.T.);
#2610=EDGE_CURVE('',#2087,#2087,#1749,.T.);
#2611=EDGE_CURVE('',#2088,#2088,#1750,.T.);
#2612=EDGE_CURVE('',#2089,#2089,#1751,.T.);
#2613=EDGE_CURVE('',#2090,#2090,#1752,.T.);
#2614=EDGE_CURVE('',#2091,#2091,#1753,.T.);
#2615=EDGE_CURVE('',#2092,#2092,#1754,.T.);
#2616=EDGE_CURVE('',#2093,#2093,#1755,.T.);
#2617=EDGE_CURVE('',#2094,#2094,#1756,.T.);
#2618=EDGE_CURVE('',#2087,#2088,#1154,.T.);
#2619=EDGE_CURVE('',#2086,#2089,#1155,.T.);
#2620=EDGE_CURVE('',#2085,#2090,#1156,.T.);
#2621=EDGE_CURVE('',#2084,#2091,#1157,.T.);
#2622=EDGE_CURVE('',#2083,#2092,#1158,.T.);
#2623=EDGE_CURVE('',#2082,#2093,#1159,.T.);
#2624=EDGE_CURVE('',#2081,#2094,#1160,.T.);
#2625=EDGE_CURVE('',#2095,#2096,#1757,.T.);
#2626=EDGE_CURVE('',#2097,#2095,#1161,.T.);
#2627=EDGE_CURVE('',#2098,#2097,#1758,.T.);
#2628=EDGE_CURVE('',#2098,#2096,#1162,.T.);
#2629=EDGE_CURVE('',#2099,#2097,#43,.T.);
#2630=EDGE_CURVE('',#2100,#2099,#1759,.T.);
#2631=EDGE_CURVE('',#2101,#2100,#1163,.T.);
#2632=EDGE_CURVE('',#2101,#2098,#1164,.T.);
#2633=EDGE_CURVE('',#2102,#2103,#1760,.T.);
#2634=EDGE_CURVE('',#2102,#2104,#1165,.T.);
#2635=EDGE_CURVE('',#2105,#2104,#1761,.T.);
#2636=EDGE_CURVE('',#2103,#2105,#1166,.T.);
#2637=EDGE_CURVE('',#2105,#2106,#44,.T.);
#2638=EDGE_CURVE('',#2104,#2107,#1167,.T.);
#2639=EDGE_CURVE('',#2108,#2107,#1168,.T.);
#2640=EDGE_CURVE('',#2106,#2108,#1762,.T.);
#2641=EDGE_CURVE('',#2106,#2099,#1763,.T.);
#2642=EDGE_CURVE('',#2100,#2108,#1764,.T.);
#2643=EDGE_CURVE('',#2097,#2109,#1765,.T.);
#2644=EDGE_CURVE('',#2110,#2109,#1169,.T.);
#2645=EDGE_CURVE('',#2110,#2111,#1766,.T.);
#2646=EDGE_CURVE('',#2111,#2112,#1170,.T.);
#2647=EDGE_CURVE('',#2112,#2105,#1767,.T.);
#2648=EDGE_CURVE('',#2103,#2112,#1171,.T.);
#2649=EDGE_CURVE('',#2109,#2095,#1172,.T.);
#2650=EDGE_CURVE('',#2096,#2113,#1173,.T.);
#2651=EDGE_CURVE('',#2114,#2113,#1174,.T.);
#2652=EDGE_CURVE('',#2114,#2115,#1175,.T.);
#2653=EDGE_CURVE('',#2115,#2116,#1176,.T.);
#2654=EDGE_CURVE('',#2116,#2102,#1177,.T.);
#2655=EDGE_CURVE('',#2111,#2110,#1178,.T.);
#2656=EDGE_CURVE('',#2117,#2117,#1768,.T.);
#2657=EDGE_CURVE('',#2118,#2118,#1769,.T.);
#2658=EDGE_CURVE('',#2119,#2119,#1770,.T.);
#2659=EDGE_CURVE('',#2120,#2120,#1771,.T.);
#2660=EDGE_CURVE('',#2121,#2116,#1179,.T.);
#2661=EDGE_CURVE('',#2122,#2121,#1180,.T.);
#2662=EDGE_CURVE('',#2123,#2122,#1181,.T.);
#2663=EDGE_CURVE('',#2124,#2123,#1772,.T.);
#2664=EDGE_CURVE('',#2113,#2124,#1182,.T.);
#2665=EDGE_CURVE('',#2125,#2101,#1183,.T.);
#2666=EDGE_CURVE('',#2126,#2125,#1184,.T.);
#2667=EDGE_CURVE('',#2127,#2126,#1773,.T.);
#2668=EDGE_CURVE('',#2128,#2127,#1185,.T.);
#2669=EDGE_CURVE('',#2129,#2128,#1774,.T.);
#2670=EDGE_CURVE('',#2130,#2129,#1186,.T.);
#2671=EDGE_CURVE('',#2131,#2130,#1775,.T.);
#2672=EDGE_CURVE('',#2132,#2131,#1187,.T.);
#2673=EDGE_CURVE('',#2133,#2132,#1776,.T.);
#2674=EDGE_CURVE('',#2134,#2133,#1188,.T.);
#2675=EDGE_CURVE('',#2135,#2134,#1777,.T.);
#2676=EDGE_CURVE('',#2136,#2135,#1189,.T.);
#2677=EDGE_CURVE('',#2137,#2136,#1778,.T.);
#2678=EDGE_CURVE('',#2138,#2137,#1190,.T.);
#2679=EDGE_CURVE('',#2139,#2138,#1779,.T.);
#2680=EDGE_CURVE('',#2140,#2139,#1191,.T.);
#2681=EDGE_CURVE('',#2141,#2140,#1192,.T.);
#2682=EDGE_CURVE('',#2142,#2141,#1193,.T.);
#2683=EDGE_CURVE('',#2107,#2142,#1194,.T.);
#2684=EDGE_CURVE('',#2143,#2143,#1780,.T.);
#2685=EDGE_CURVE('',#2144,#2144,#1781,.T.);
#2686=EDGE_CURVE('',#2145,#2145,#1782,.T.);
#2687=EDGE_CURVE('',#2146,#2146,#1783,.T.);
#2688=EDGE_CURVE('',#2146,#2147,#1195,.T.);
#2689=EDGE_CURVE('',#2147,#2147,#1784,.T.);
#2690=EDGE_CURVE('',#2148,#2149,#45,.T.);
#2691=EDGE_CURVE('',#2149,#2150,#1196,.T.);
#2692=EDGE_CURVE('',#2150,#2151,#46,.T.);
#2693=EDGE_CURVE('',#2151,#2150,#47,.T.);
#2694=EDGE_CURVE('',#2149,#2148,#48,.T.);
#2695=EDGE_CURVE('',#2152,#2153,#49,.T.);
#2696=EDGE_CURVE('',#2153,#2154,#1197,.T.);
#2697=EDGE_CURVE('',#2154,#2155,#50,.T.);
#2698=EDGE_CURVE('',#2155,#2154,#51,.T.);
#2699=EDGE_CURVE('',#2153,#2152,#52,.T.);
#2700=EDGE_CURVE('',#2156,#2157,#53,.T.);
#2701=EDGE_CURVE('',#2157,#2158,#1198,.T.);
#2702=EDGE_CURVE('',#2158,#2159,#54,.T.);
#2703=EDGE_CURVE('',#2159,#2158,#55,.T.);
#2704=EDGE_CURVE('',#2157,#2156,#56,.T.);
#2705=EDGE_CURVE('',#2160,#2160,#1785,.T.);
#2706=EDGE_CURVE('',#2160,#2161,#1199,.T.);
#2707=EDGE_CURVE('',#2161,#2161,#1786,.T.);
#2708=EDGE_CURVE('',#2162,#2162,#1787,.T.);
#2709=EDGE_CURVE('',#2162,#2163,#1200,.T.);
#2710=EDGE_CURVE('',#2163,#2163,#1788,.T.);
#2711=EDGE_CURVE('',#2120,#2164,#1201,.T.);
#2712=EDGE_CURVE('',#2164,#2164,#1789,.T.);
#2713=EDGE_CURVE('',#2119,#2165,#1202,.T.);
#2714=EDGE_CURVE('',#2165,#2165,#1790,.T.);
#2715=EDGE_CURVE('',#2118,#2166,#1203,.T.);
#2716=EDGE_CURVE('',#2166,#2166,#1791,.T.);
#2717=EDGE_CURVE('',#2117,#2167,#1204,.T.);
#2718=EDGE_CURVE('',#2167,#2167,#1792,.T.);
#2719=EDGE_CURVE('',#2168,#2169,#1205,.T.);
#2720=EDGE_CURVE('',#2169,#2132,#1206,.T.);
#2721=EDGE_CURVE('',#2168,#2131,#1207,.T.);
#2722=EDGE_CURVE('',#2170,#2168,#1793,.T.);
#2723=EDGE_CURVE('',#2170,#2130,#1208,.T.);
#2724=EDGE_CURVE('',#2171,#2170,#1209,.T.);
#2725=EDGE_CURVE('',#2171,#2129,#1210,.T.);
#2726=EDGE_CURVE('',#2172,#2171,#1794,.T.);
#2727=EDGE_CURVE('',#2172,#2128,#1211,.T.);
#2728=EDGE_CURVE('',#2173,#2172,#1212,.T.);
#2729=EDGE_CURVE('',#2173,#2127,#1213,.T.);
#2730=EDGE_CURVE('',#2174,#2173,#1795,.T.);
#2731=EDGE_CURVE('',#2174,#2126,#1214,.T.);
#2732=EDGE_CURVE('',#2175,#2174,#1215,.T.);
#2733=EDGE_CURVE('',#2175,#2125,#1216,.T.);
#2734=EDGE_CURVE('',#2176,#2175,#1217,.T.);
#2735=EDGE_CURVE('',#2176,#2101,#1218,.T.);
#2736=EDGE_CURVE('',#2177,#2100,#1219,.T.);
#2737=EDGE_CURVE('',#2177,#2176,#1220,.T.);
#2738=EDGE_CURVE('',#2178,#2108,#1221,.T.);
#2739=EDGE_CURVE('',#2178,#2177,#1796,.T.);
#2740=EDGE_CURVE('',#2179,#2107,#1222,.T.);
#2741=EDGE_CURVE('',#2179,#2178,#1223,.T.);
#2742=EDGE_CURVE('',#2143,#2180,#1224,.T.);
#2743=EDGE_CURVE('',#2180,#2180,#1797,.T.);
#2744=EDGE_CURVE('',#2144,#2181,#1225,.T.);
#2745=EDGE_CURVE('',#2181,#2181,#1798,.T.);
#2746=EDGE_CURVE('',#2145,#2182,#1226,.T.);
#2747=EDGE_CURVE('',#2182,#2182,#1799,.T.);
#2748=EDGE_CURVE('',#2183,#2184,#1800,.T.);
#2749=EDGE_CURVE('',#2184,#2139,#1227,.T.);
#2750=EDGE_CURVE('',#2183,#2138,#1228,.T.);
#2751=EDGE_CURVE('',#2184,#2185,#1229,.T.);
#2752=EDGE_CURVE('',#2185,#2140,#1230,.T.);
#2753=EDGE_CURVE('',#2185,#2186,#1231,.T.);
#2754=EDGE_CURVE('',#2186,#2141,#1232,.T.);
#2755=EDGE_CURVE('',#2186,#2187,#1233,.T.);
#2756=EDGE_CURVE('',#2187,#2142,#1234,.T.);
#2757=EDGE_CURVE('',#2187,#2179,#1235,.T.);
#2758=EDGE_CURVE('',#2169,#2188,#1801,.T.);
#2759=EDGE_CURVE('',#2188,#2133,#1236,.T.);
#2760=EDGE_CURVE('',#2188,#2189,#1237,.T.);
#2761=EDGE_CURVE('',#2189,#2134,#1238,.T.);
#2762=EDGE_CURVE('',#2189,#2190,#1802,.T.);
#2763=EDGE_CURVE('',#2190,#2135,#1239,.T.);
#2764=EDGE_CURVE('',#2190,#2191,#1240,.T.);
#2765=EDGE_CURVE('',#2191,#2136,#1241,.T.);
#2766=EDGE_CURVE('',#2191,#2192,#1803,.T.);
#2767=EDGE_CURVE('',#2192,#2137,#1242,.T.);
#2768=EDGE_CURVE('',#2192,#2183,#1243,.T.);
#2769=EDGE_CURVE('',#2115,#2193,#1244,.T.);
#2770=EDGE_CURVE('',#2193,#2121,#1245,.T.);
#2771=EDGE_CURVE('',#2193,#2194,#1246,.T.);
#2772=EDGE_CURVE('',#2194,#2122,#1247,.T.);
#2773=EDGE_CURVE('',#2194,#2195,#1248,.T.);
#2774=EDGE_CURVE('',#2195,#2123,#1249,.T.);
#2775=EDGE_CURVE('',#2196,#2195,#1804,.T.);
#2776=EDGE_CURVE('',#2196,#2124,#1250,.T.);
#2777=EDGE_CURVE('',#2196,#2114,#1251,.T.);
#2778=EDGE_CURVE('',#2197,#2197,#1805,.T.);
#2779=EDGE_CURVE('',#2198,#2198,#1806,.T.);
#2780=EDGE_CURVE('',#2199,#2199,#1807,.T.);
#2781=EDGE_CURVE('',#2200,#2200,#1808,.T.);
#2782=EDGE_CURVE('',#2201,#2201,#1809,.T.);
#2783=EDGE_CURVE('',#2202,#2202,#1810,.T.);
#2784=EDGE_CURVE('',#2203,#2203,#1811,.T.);
#2785=EDGE_CURVE('',#2204,#2204,#1812,.T.);
#2786=EDGE_CURVE('',#2205,#2205,#1813,.T.);
#2787=EDGE_CURVE('',#2206,#2206,#1814,.T.);
#2788=EDGE_CURVE('',#2207,#2207,#1815,.T.);
#2789=EDGE_CURVE('',#2208,#2208,#1816,.T.);
#2790=EDGE_CURVE('',#2209,#2209,#1817,.T.);
#2791=EDGE_CURVE('',#2210,#2210,#1818,.T.);
#2792=EDGE_CURVE('',#2203,#2204,#1252,.T.);
#2793=EDGE_CURVE('',#2202,#2205,#1253,.T.);
#2794=EDGE_CURVE('',#2201,#2206,#1254,.T.);
#2795=EDGE_CURVE('',#2200,#2207,#1255,.T.);
#2796=EDGE_CURVE('',#2199,#2208,#1256,.T.);
#2797=EDGE_CURVE('',#2198,#2209,#1257,.T.);
#2798=EDGE_CURVE('',#2197,#2210,#1258,.T.);
#2799=ORIENTED_EDGE('',*,*,#2211,.F.);
#2800=ORIENTED_EDGE('',*,*,#2212,.T.);
#2801=ORIENTED_EDGE('',*,*,#2213,.F.);
#2802=ORIENTED_EDGE('',*,*,#2212,.F.);
#2803=ORIENTED_EDGE('',*,*,#2214,.F.);
#2804=ORIENTED_EDGE('',*,*,#2215,.T.);
#2805=ORIENTED_EDGE('',*,*,#2216,.F.);
#2806=ORIENTED_EDGE('',*,*,#2215,.F.);
#2807=ORIENTED_EDGE('',*,*,#2217,.F.);
#2808=ORIENTED_EDGE('',*,*,#2218,.T.);
#2809=ORIENTED_EDGE('',*,*,#2219,.F.);
#2810=ORIENTED_EDGE('',*,*,#2218,.F.);
#2811=ORIENTED_EDGE('',*,*,#2220,.F.);
#2812=ORIENTED_EDGE('',*,*,#2221,.T.);
#2813=ORIENTED_EDGE('',*,*,#2222,.F.);
#2814=ORIENTED_EDGE('',*,*,#2223,.F.);
#2815=ORIENTED_EDGE('',*,*,#2213,.T.);
#2816=ORIENTED_EDGE('',*,*,#2216,.T.);
#2817=ORIENTED_EDGE('',*,*,#2219,.T.);
#2818=ORIENTED_EDGE('',*,*,#2222,.T.);
#2819=ORIENTED_EDGE('',*,*,#2224,.T.);
#2820=ORIENTED_EDGE('',*,*,#2225,.T.);
#2821=ORIENTED_EDGE('',*,*,#2226,.T.);
#2822=ORIENTED_EDGE('',*,*,#2220,.T.);
#2823=ORIENTED_EDGE('',*,*,#2227,.F.);
#2824=ORIENTED_EDGE('',*,*,#2228,.F.);
#2825=ORIENTED_EDGE('',*,*,#2229,.F.);
#2826=ORIENTED_EDGE('',*,*,#2230,.T.);
#2827=ORIENTED_EDGE('',*,*,#2231,.T.);
#2828=ORIENTED_EDGE('',*,*,#2232,.T.);
#2829=ORIENTED_EDGE('',*,*,#2233,.T.);
#2830=ORIENTED_EDGE('',*,*,#2234,.T.);
#2831=ORIENTED_EDGE('',*,*,#2235,.T.);
#2832=ORIENTED_EDGE('',*,*,#2236,.T.);
#2833=ORIENTED_EDGE('',*,*,#2237,.T.);
#2834=ORIENTED_EDGE('',*,*,#2238,.T.);
#2835=ORIENTED_EDGE('',*,*,#2239,.T.);
#2836=ORIENTED_EDGE('',*,*,#2240,.T.);
#2837=ORIENTED_EDGE('',*,*,#2241,.T.);
#2838=ORIENTED_EDGE('',*,*,#2242,.T.);
#2839=ORIENTED_EDGE('',*,*,#2243,.T.);
#2840=ORIENTED_EDGE('',*,*,#2244,.T.);
#2841=ORIENTED_EDGE('',*,*,#2245,.T.);
#2842=ORIENTED_EDGE('',*,*,#2246,.T.);
#2843=ORIENTED_EDGE('',*,*,#2247,.T.);
#2844=ORIENTED_EDGE('',*,*,#2248,.F.);
#2845=ORIENTED_EDGE('',*,*,#2249,.T.);
#2846=ORIENTED_EDGE('',*,*,#2230,.F.);
#2847=ORIENTED_EDGE('',*,*,#2249,.F.);
#2848=ORIENTED_EDGE('',*,*,#2250,.F.);
#2849=ORIENTED_EDGE('',*,*,#2251,.T.);
#2850=ORIENTED_EDGE('',*,*,#2231,.F.);
#2851=ORIENTED_EDGE('',*,*,#2251,.F.);
#2852=ORIENTED_EDGE('',*,*,#2252,.F.);
#2853=ORIENTED_EDGE('',*,*,#2253,.T.);
#2854=ORIENTED_EDGE('',*,*,#2232,.F.);
#2855=ORIENTED_EDGE('',*,*,#2253,.F.);
#2856=ORIENTED_EDGE('',*,*,#2254,.F.);
#2857=ORIENTED_EDGE('',*,*,#2255,.T.);
#2858=ORIENTED_EDGE('',*,*,#2233,.F.);
#2859=ORIENTED_EDGE('',*,*,#2255,.F.);
#2860=ORIENTED_EDGE('',*,*,#2256,.F.);
#2861=ORIENTED_EDGE('',*,*,#2257,.T.);
#2862=ORIENTED_EDGE('',*,*,#2234,.F.);
#2863=ORIENTED_EDGE('',*,*,#2257,.F.);
#2864=ORIENTED_EDGE('',*,*,#2258,.F.);
#2865=ORIENTED_EDGE('',*,*,#2259,.T.);
#2866=ORIENTED_EDGE('',*,*,#2235,.F.);
#2867=ORIENTED_EDGE('',*,*,#2259,.F.);
#2868=ORIENTED_EDGE('',*,*,#2260,.F.);
#2869=ORIENTED_EDGE('',*,*,#2261,.T.);
#2870=ORIENTED_EDGE('',*,*,#2236,.F.);
#2871=ORIENTED_EDGE('',*,*,#2261,.F.);
#2872=ORIENTED_EDGE('',*,*,#2262,.F.);
#2873=ORIENTED_EDGE('',*,*,#2263,.T.);
#2874=ORIENTED_EDGE('',*,*,#2237,.F.);
#2875=ORIENTED_EDGE('',*,*,#2263,.F.);
#2876=ORIENTED_EDGE('',*,*,#2264,.F.);
#2877=ORIENTED_EDGE('',*,*,#2265,.T.);
#2878=ORIENTED_EDGE('',*,*,#2238,.F.);
#2879=ORIENTED_EDGE('',*,*,#2265,.F.);
#2880=ORIENTED_EDGE('',*,*,#2266,.F.);
#2881=ORIENTED_EDGE('',*,*,#2267,.T.);
#2882=ORIENTED_EDGE('',*,*,#2239,.F.);
#2883=ORIENTED_EDGE('',*,*,#2267,.F.);
#2884=ORIENTED_EDGE('',*,*,#2241,.F.);
#2885=ORIENTED_EDGE('',*,*,#2268,.T.);
#2886=ORIENTED_EDGE('',*,*,#2269,.F.);
#2887=ORIENTED_EDGE('',*,*,#2270,.F.);
#2888=ORIENTED_EDGE('',*,*,#2242,.F.);
#2889=ORIENTED_EDGE('',*,*,#2270,.T.);
#2890=ORIENTED_EDGE('',*,*,#2271,.F.);
#2891=ORIENTED_EDGE('',*,*,#2272,.F.);
#2892=ORIENTED_EDGE('',*,*,#2243,.F.);
#2893=ORIENTED_EDGE('',*,*,#2272,.T.);
#2894=ORIENTED_EDGE('',*,*,#2273,.F.);
#2895=ORIENTED_EDGE('',*,*,#2274,.F.);
#2896=ORIENTED_EDGE('',*,*,#2240,.F.);
#2897=ORIENTED_EDGE('',*,*,#2274,.T.);
#2898=ORIENTED_EDGE('',*,*,#2275,.F.);
#2899=ORIENTED_EDGE('',*,*,#2268,.F.);
#2900=ORIENTED_EDGE('',*,*,#2276,.F.);
#2901=ORIENTED_EDGE('',*,*,#2277,.T.);
#2902=ORIENTED_EDGE('',*,*,#2244,.F.);
#2903=ORIENTED_EDGE('',*,*,#2277,.F.);
#2904=ORIENTED_EDGE('',*,*,#2278,.F.);
#2905=ORIENTED_EDGE('',*,*,#2279,.T.);
#2906=ORIENTED_EDGE('',*,*,#2245,.F.);
#2907=ORIENTED_EDGE('',*,*,#2279,.F.);
#2908=ORIENTED_EDGE('',*,*,#2280,.F.);
#2909=ORIENTED_EDGE('',*,*,#2281,.T.);
#2910=ORIENTED_EDGE('',*,*,#2246,.F.);
#2911=ORIENTED_EDGE('',*,*,#2281,.F.);
#2912=ORIENTED_EDGE('',*,*,#2282,.F.);
#2913=ORIENTED_EDGE('',*,*,#2283,.T.);
#2914=ORIENTED_EDGE('',*,*,#2247,.F.);
#2915=ORIENTED_EDGE('',*,*,#2283,.F.);
#2916=ORIENTED_EDGE('',*,*,#2228,.T.);
#2917=ORIENTED_EDGE('',*,*,#2284,.T.);
#2918=ORIENTED_EDGE('',*,*,#2285,.F.);
#2919=ORIENTED_EDGE('',*,*,#2286,.F.);
#2920=ORIENTED_EDGE('',*,*,#2229,.T.);
#2921=ORIENTED_EDGE('',*,*,#2286,.T.);
#2922=ORIENTED_EDGE('',*,*,#2287,.F.);
#2923=ORIENTED_EDGE('',*,*,#2288,.T.);
#2924=ORIENTED_EDGE('',*,*,#2224,.F.);
#2925=ORIENTED_EDGE('',*,*,#2221,.F.);
#2926=ORIENTED_EDGE('',*,*,#2288,.F.);
#2927=ORIENTED_EDGE('',*,*,#2289,.F.);
#2928=ORIENTED_EDGE('',*,*,#2290,.F.);
#2929=ORIENTED_EDGE('',*,*,#2225,.F.);
#2930=ORIENTED_EDGE('',*,*,#2211,.T.);
#2931=ORIENTED_EDGE('',*,*,#2214,.T.);
#2932=ORIENTED_EDGE('',*,*,#2217,.T.);
#2933=ORIENTED_EDGE('',*,*,#2227,.T.);
#2934=ORIENTED_EDGE('',*,*,#2223,.T.);
#2935=ORIENTED_EDGE('',*,*,#2226,.F.);
#2936=ORIENTED_EDGE('',*,*,#2290,.T.);
#2937=ORIENTED_EDGE('',*,*,#2291,.F.);
#2938=ORIENTED_EDGE('',*,*,#2284,.F.);
#2939=ORIENTED_EDGE('',*,*,#2291,.T.);
#2940=ORIENTED_EDGE('',*,*,#2289,.T.);
#2941=ORIENTED_EDGE('',*,*,#2287,.T.);
#2942=ORIENTED_EDGE('',*,*,#2285,.T.);
#2943=ORIENTED_EDGE('',*,*,#2282,.T.);
#2944=ORIENTED_EDGE('',*,*,#2280,.T.);
#2945=ORIENTED_EDGE('',*,*,#2278,.T.);
#2946=ORIENTED_EDGE('',*,*,#2276,.T.);
#2947=ORIENTED_EDGE('',*,*,#2275,.T.);
#2948=ORIENTED_EDGE('',*,*,#2273,.T.);
#2949=ORIENTED_EDGE('',*,*,#2271,.T.);
#2950=ORIENTED_EDGE('',*,*,#2269,.T.);
#2951=ORIENTED_EDGE('',*,*,#2266,.T.);
#2952=ORIENTED_EDGE('',*,*,#2264,.T.);
#2953=ORIENTED_EDGE('',*,*,#2262,.T.);
#2954=ORIENTED_EDGE('',*,*,#2260,.T.);
#2955=ORIENTED_EDGE('',*,*,#2258,.T.);
#2956=ORIENTED_EDGE('',*,*,#2256,.T.);
#2957=ORIENTED_EDGE('',*,*,#2254,.T.);
#2958=ORIENTED_EDGE('',*,*,#2252,.T.);
#2959=ORIENTED_EDGE('',*,*,#2250,.T.);
#2960=ORIENTED_EDGE('',*,*,#2248,.T.);
#2961=ORIENTED_EDGE('',*,*,#2292,.F.);
#2962=ORIENTED_EDGE('',*,*,#2293,.T.);
#2963=ORIENTED_EDGE('',*,*,#2294,.F.);
#2964=ORIENTED_EDGE('',*,*,#2293,.F.);
#2965=ORIENTED_EDGE('',*,*,#2295,.F.);
#2966=ORIENTED_EDGE('',*,*,#2296,.T.);
#2967=ORIENTED_EDGE('',*,*,#2297,.F.);
#2968=ORIENTED_EDGE('',*,*,#2296,.F.);
#2969=ORIENTED_EDGE('',*,*,#2298,.F.);
#2970=ORIENTED_EDGE('',*,*,#2299,.T.);
#2971=ORIENTED_EDGE('',*,*,#2300,.F.);
#2972=ORIENTED_EDGE('',*,*,#2299,.F.);
#2973=ORIENTED_EDGE('',*,*,#2301,.F.);
#2974=ORIENTED_EDGE('',*,*,#2302,.T.);
#2975=ORIENTED_EDGE('',*,*,#2303,.F.);
#2976=ORIENTED_EDGE('',*,*,#2304,.F.);
#2977=ORIENTED_EDGE('',*,*,#2292,.T.);
#2978=ORIENTED_EDGE('',*,*,#2295,.T.);
#2979=ORIENTED_EDGE('',*,*,#2298,.T.);
#2980=ORIENTED_EDGE('',*,*,#2303,.T.);
#2981=ORIENTED_EDGE('',*,*,#2305,.T.);
#2982=ORIENTED_EDGE('',*,*,#2306,.T.);
#2983=ORIENTED_EDGE('',*,*,#2307,.T.);
#2984=ORIENTED_EDGE('',*,*,#2301,.T.);
#2985=ORIENTED_EDGE('',*,*,#2308,.F.);
#2986=ORIENTED_EDGE('',*,*,#2309,.F.);
#2987=ORIENTED_EDGE('',*,*,#2310,.T.);
#2988=ORIENTED_EDGE('',*,*,#2311,.T.);
#2989=ORIENTED_EDGE('',*,*,#2312,.T.);
#2990=ORIENTED_EDGE('',*,*,#2313,.T.);
#2991=ORIENTED_EDGE('',*,*,#2314,.T.);
#2992=ORIENTED_EDGE('',*,*,#2315,.T.);
#2993=ORIENTED_EDGE('',*,*,#2316,.T.);
#2994=ORIENTED_EDGE('',*,*,#2317,.T.);
#2995=ORIENTED_EDGE('',*,*,#2318,.T.);
#2996=ORIENTED_EDGE('',*,*,#2319,.F.);
#2997=ORIENTED_EDGE('',*,*,#2320,.T.);
#2998=ORIENTED_EDGE('',*,*,#2311,.F.);
#2999=ORIENTED_EDGE('',*,*,#2320,.F.);
#3000=ORIENTED_EDGE('',*,*,#2321,.F.);
#3001=ORIENTED_EDGE('',*,*,#2322,.T.);
#3002=ORIENTED_EDGE('',*,*,#2312,.F.);
#3003=ORIENTED_EDGE('',*,*,#2322,.F.);
#3004=ORIENTED_EDGE('',*,*,#2323,.F.);
#3005=ORIENTED_EDGE('',*,*,#2324,.T.);
#3006=ORIENTED_EDGE('',*,*,#2313,.F.);
#3007=ORIENTED_EDGE('',*,*,#2324,.F.);
#3008=ORIENTED_EDGE('',*,*,#2325,.F.);
#3009=ORIENTED_EDGE('',*,*,#2326,.T.);
#3010=ORIENTED_EDGE('',*,*,#2314,.F.);
#3011=ORIENTED_EDGE('',*,*,#2326,.F.);
#3012=ORIENTED_EDGE('',*,*,#2327,.F.);
#3013=ORIENTED_EDGE('',*,*,#2328,.T.);
#3014=ORIENTED_EDGE('',*,*,#2315,.F.);
#3015=ORIENTED_EDGE('',*,*,#2328,.F.);
#3016=ORIENTED_EDGE('',*,*,#2329,.F.);
#3017=ORIENTED_EDGE('',*,*,#2330,.T.);
#3018=ORIENTED_EDGE('',*,*,#2316,.F.);
#3019=ORIENTED_EDGE('',*,*,#2330,.F.);
#3020=ORIENTED_EDGE('',*,*,#2331,.F.);
#3021=ORIENTED_EDGE('',*,*,#2332,.T.);
#3022=ORIENTED_EDGE('',*,*,#2317,.F.);
#3023=ORIENTED_EDGE('',*,*,#2332,.F.);
#3024=ORIENTED_EDGE('',*,*,#2333,.F.);
#3025=ORIENTED_EDGE('',*,*,#2334,.T.);
#3026=ORIENTED_EDGE('',*,*,#2318,.F.);
#3027=ORIENTED_EDGE('',*,*,#2334,.F.);
#3028=ORIENTED_EDGE('',*,*,#2310,.F.);
#3029=ORIENTED_EDGE('',*,*,#2335,.T.);
#3030=ORIENTED_EDGE('',*,*,#2336,.F.);
#3031=ORIENTED_EDGE('',*,*,#2337,.T.);
#3032=ORIENTED_EDGE('',*,*,#2305,.F.);
#3033=ORIENTED_EDGE('',*,*,#2302,.F.);
#3034=ORIENTED_EDGE('',*,*,#2337,.F.);
#3035=ORIENTED_EDGE('',*,*,#2338,.F.);
#3036=ORIENTED_EDGE('',*,*,#2339,.T.);
#3037=ORIENTED_EDGE('',*,*,#2306,.F.);
#3038=ORIENTED_EDGE('',*,*,#2294,.T.);
#3039=ORIENTED_EDGE('',*,*,#2297,.T.);
#3040=ORIENTED_EDGE('',*,*,#2300,.T.);
#3041=ORIENTED_EDGE('',*,*,#2308,.T.);
#3042=ORIENTED_EDGE('',*,*,#2304,.T.);
#3043=ORIENTED_EDGE('',*,*,#2307,.F.);
#3044=ORIENTED_EDGE('',*,*,#2339,.F.);
#3045=ORIENTED_EDGE('',*,*,#2340,.F.);
#3046=ORIENTED_EDGE('',*,*,#2341,.F.);
#3047=ORIENTED_EDGE('',*,*,#2309,.T.);
#3048=ORIENTED_EDGE('',*,*,#2341,.T.);
#3049=ORIENTED_EDGE('',*,*,#2342,.F.);
#3050=ORIENTED_EDGE('',*,*,#2335,.F.);
#3051=ORIENTED_EDGE('',*,*,#2342,.T.);
#3052=ORIENTED_EDGE('',*,*,#2340,.T.);
#3053=ORIENTED_EDGE('',*,*,#2338,.T.);
#3054=ORIENTED_EDGE('',*,*,#2336,.T.);
#3055=ORIENTED_EDGE('',*,*,#2333,.T.);
#3056=ORIENTED_EDGE('',*,*,#2331,.T.);
#3057=ORIENTED_EDGE('',*,*,#2329,.T.);
#3058=ORIENTED_EDGE('',*,*,#2327,.T.);
#3059=ORIENTED_EDGE('',*,*,#2325,.T.);
#3060=ORIENTED_EDGE('',*,*,#2323,.T.);
#3061=ORIENTED_EDGE('',*,*,#2321,.T.);
#3062=ORIENTED_EDGE('',*,*,#2319,.T.);
#3063=ORIENTED_EDGE('',*,*,#2343,.F.);
#3064=ORIENTED_EDGE('',*,*,#2344,.T.);
#3065=ORIENTED_EDGE('',*,*,#2345,.F.);
#3066=ORIENTED_EDGE('',*,*,#2344,.F.);
#3067=ORIENTED_EDGE('',*,*,#2346,.F.);
#3068=ORIENTED_EDGE('',*,*,#2347,.T.);
#3069=ORIENTED_EDGE('',*,*,#2348,.F.);
#3070=ORIENTED_EDGE('',*,*,#2347,.F.);
#3071=ORIENTED_EDGE('',*,*,#2349,.F.);
#3072=ORIENTED_EDGE('',*,*,#2350,.T.);
#3073=ORIENTED_EDGE('',*,*,#2351,.F.);
#3074=ORIENTED_EDGE('',*,*,#2350,.F.);
#3075=ORIENTED_EDGE('',*,*,#2352,.F.);
#3076=ORIENTED_EDGE('',*,*,#2353,.T.);
#3077=ORIENTED_EDGE('',*,*,#2354,.F.);
#3078=ORIENTED_EDGE('',*,*,#2355,.F.);
#3079=ORIENTED_EDGE('',*,*,#2356,.F.);
#3080=ORIENTED_EDGE('',*,*,#2355,.T.);
#3081=ORIENTED_EDGE('',*,*,#2357,.F.);
#3082=ORIENTED_EDGE('',*,*,#2358,.F.);
#3083=ORIENTED_EDGE('',*,*,#2359,.F.);
#3084=ORIENTED_EDGE('',*,*,#2358,.T.);
#3085=ORIENTED_EDGE('',*,*,#2360,.F.);
#3086=ORIENTED_EDGE('',*,*,#2361,.F.);
#3087=ORIENTED_EDGE('',*,*,#2360,.T.);
#3088=ORIENTED_EDGE('',*,*,#2357,.T.);
#3089=ORIENTED_EDGE('',*,*,#2354,.T.);
#3090=ORIENTED_EDGE('',*,*,#2362,.T.);
#3091=ORIENTED_EDGE('',*,*,#2363,.T.);
#3092=ORIENTED_EDGE('',*,*,#2364,.T.);
#3093=ORIENTED_EDGE('',*,*,#2365,.T.);
#3094=ORIENTED_EDGE('',*,*,#2366,.T.);
#3095=ORIENTED_EDGE('',*,*,#2352,.T.);
#3096=ORIENTED_EDGE('',*,*,#2356,.T.);
#3097=ORIENTED_EDGE('',*,*,#2359,.T.);
#3098=ORIENTED_EDGE('',*,*,#2367,.T.);
#3099=ORIENTED_EDGE('',*,*,#2343,.T.);
#3100=ORIENTED_EDGE('',*,*,#2346,.T.);
#3101=ORIENTED_EDGE('',*,*,#2349,.T.);
#3102=ORIENTED_EDGE('',*,*,#2368,.T.);
#3103=ORIENTED_EDGE('',*,*,#2369,.T.);
#3104=ORIENTED_EDGE('',*,*,#2370,.T.);
#3105=ORIENTED_EDGE('',*,*,#2371,.T.);
#3106=ORIENTED_EDGE('',*,*,#2372,.T.);
#3107=ORIENTED_EDGE('',*,*,#2373,.T.);
#3108=ORIENTED_EDGE('',*,*,#2374,.T.);
#3109=ORIENTED_EDGE('',*,*,#2368,.F.);
#3110=ORIENTED_EDGE('',*,*,#2375,.T.);
#3111=ORIENTED_EDGE('',*,*,#2376,.T.);
#3112=ORIENTED_EDGE('',*,*,#2375,.F.);
#3113=ORIENTED_EDGE('',*,*,#2369,.F.);
#3114=ORIENTED_EDGE('',*,*,#2377,.T.);
#3115=ORIENTED_EDGE('',*,*,#2378,.T.);
#3116=ORIENTED_EDGE('',*,*,#2377,.F.);
#3117=ORIENTED_EDGE('',*,*,#2370,.F.);
#3118=ORIENTED_EDGE('',*,*,#2379,.T.);
#3119=ORIENTED_EDGE('',*,*,#2380,.T.);
#3120=ORIENTED_EDGE('',*,*,#2379,.F.);
#3121=ORIENTED_EDGE('',*,*,#2371,.F.);
#3122=ORIENTED_EDGE('',*,*,#2381,.T.);
#3123=ORIENTED_EDGE('',*,*,#2382,.T.);
#3124=ORIENTED_EDGE('',*,*,#2381,.F.);
#3125=ORIENTED_EDGE('',*,*,#2372,.F.);
#3126=ORIENTED_EDGE('',*,*,#2383,.T.);
#3127=ORIENTED_EDGE('',*,*,#2384,.T.);
#3128=ORIENTED_EDGE('',*,*,#2383,.F.);
#3129=ORIENTED_EDGE('',*,*,#2373,.F.);
#3130=ORIENTED_EDGE('',*,*,#2385,.T.);
#3131=ORIENTED_EDGE('',*,*,#2386,.T.);
#3132=ORIENTED_EDGE('',*,*,#2385,.F.);
#3133=ORIENTED_EDGE('',*,*,#2374,.F.);
#3134=ORIENTED_EDGE('',*,*,#2387,.T.);
#3135=ORIENTED_EDGE('',*,*,#2388,.T.);
#3136=ORIENTED_EDGE('',*,*,#2387,.F.);
#3137=ORIENTED_EDGE('',*,*,#2389,.F.);
#3138=ORIENTED_EDGE('',*,*,#2390,.T.);
#3139=ORIENTED_EDGE('',*,*,#2365,.F.);
#3140=ORIENTED_EDGE('',*,*,#2391,.F.);
#3141=ORIENTED_EDGE('',*,*,#2392,.T.);
#3142=ORIENTED_EDGE('',*,*,#2391,.T.);
#3143=ORIENTED_EDGE('',*,*,#2364,.F.);
#3144=ORIENTED_EDGE('',*,*,#2393,.F.);
#3145=ORIENTED_EDGE('',*,*,#2394,.T.);
#3146=ORIENTED_EDGE('',*,*,#2393,.T.);
#3147=ORIENTED_EDGE('',*,*,#2363,.F.);
#3148=ORIENTED_EDGE('',*,*,#2395,.F.);
#3149=ORIENTED_EDGE('',*,*,#2396,.T.);
#3150=ORIENTED_EDGE('',*,*,#2395,.T.);
#3151=ORIENTED_EDGE('',*,*,#2362,.F.);
#3152=ORIENTED_EDGE('',*,*,#2353,.F.);
#3153=ORIENTED_EDGE('',*,*,#2367,.F.);
#3154=ORIENTED_EDGE('',*,*,#2361,.T.);
#3155=ORIENTED_EDGE('',*,*,#2366,.F.);
#3156=ORIENTED_EDGE('',*,*,#2390,.F.);
#3157=ORIENTED_EDGE('',*,*,#2396,.F.);
#3158=ORIENTED_EDGE('',*,*,#2389,.T.);
#3159=ORIENTED_EDGE('',*,*,#2392,.F.);
#3160=ORIENTED_EDGE('',*,*,#2394,.F.);
#3161=ORIENTED_EDGE('',*,*,#2345,.T.);
#3162=ORIENTED_EDGE('',*,*,#2348,.T.);
#3163=ORIENTED_EDGE('',*,*,#2351,.T.);
#3164=ORIENTED_EDGE('',*,*,#2388,.F.);
#3165=ORIENTED_EDGE('',*,*,#2386,.F.);
#3166=ORIENTED_EDGE('',*,*,#2384,.F.);
#3167=ORIENTED_EDGE('',*,*,#2382,.F.);
#3168=ORIENTED_EDGE('',*,*,#2380,.F.);
#3169=ORIENTED_EDGE('',*,*,#2378,.F.);
#3170=ORIENTED_EDGE('',*,*,#2376,.F.);
#3171=ORIENTED_EDGE('',*,*,#2397,.F.);
#3172=ORIENTED_EDGE('',*,*,#2398,.T.);
#3173=ORIENTED_EDGE('',*,*,#2399,.F.);
#3174=ORIENTED_EDGE('',*,*,#2398,.F.);
#3175=ORIENTED_EDGE('',*,*,#2400,.F.);
#3176=ORIENTED_EDGE('',*,*,#2401,.T.);
#3177=ORIENTED_EDGE('',*,*,#2402,.F.);
#3178=ORIENTED_EDGE('',*,*,#2401,.F.);
#3179=ORIENTED_EDGE('',*,*,#2403,.F.);
#3180=ORIENTED_EDGE('',*,*,#2404,.T.);
#3181=ORIENTED_EDGE('',*,*,#2405,.F.);
#3182=ORIENTED_EDGE('',*,*,#2404,.F.);
#3183=ORIENTED_EDGE('',*,*,#2406,.T.);
#3184=ORIENTED_EDGE('',*,*,#2407,.T.);
#3185=ORIENTED_EDGE('',*,*,#2408,.T.);
#3186=ORIENTED_EDGE('',*,*,#2409,.F.);
#3187=ORIENTED_EDGE('',*,*,#2410,.T.);
#3188=ORIENTED_EDGE('',*,*,#2411,.T.);
#3189=ORIENTED_EDGE('',*,*,#2412,.T.);
#3190=ORIENTED_EDGE('',*,*,#2407,.F.);
#3191=ORIENTED_EDGE('',*,*,#2413,.T.);
#3192=ORIENTED_EDGE('',*,*,#2414,.T.);
#3193=ORIENTED_EDGE('',*,*,#2415,.T.);
#3194=ORIENTED_EDGE('',*,*,#2411,.F.);
#3195=ORIENTED_EDGE('',*,*,#2415,.F.);
#3196=ORIENTED_EDGE('',*,*,#2416,.F.);
#3197=ORIENTED_EDGE('',*,*,#2417,.F.);
#3198=ORIENTED_EDGE('',*,*,#2418,.F.);
#3199=ORIENTED_EDGE('',*,*,#2419,.F.);
#3200=ORIENTED_EDGE('',*,*,#2420,.F.);
#3201=ORIENTED_EDGE('',*,*,#2408,.F.);
#3202=ORIENTED_EDGE('',*,*,#2412,.F.);
#3203=ORIENTED_EDGE('',*,*,#2406,.F.);
#3204=ORIENTED_EDGE('',*,*,#2421,.F.);
#3205=ORIENTED_EDGE('',*,*,#2413,.F.);
#3206=ORIENTED_EDGE('',*,*,#2410,.F.);
#3207=ORIENTED_EDGE('',*,*,#2399,.T.);
#3208=ORIENTED_EDGE('',*,*,#2402,.T.);
#3209=ORIENTED_EDGE('',*,*,#2405,.T.);
#3210=ORIENTED_EDGE('',*,*,#2422,.F.);
#3211=ORIENTED_EDGE('',*,*,#2423,.F.);
#3212=ORIENTED_EDGE('',*,*,#2424,.F.);
#3213=ORIENTED_EDGE('',*,*,#2425,.F.);
#3214=ORIENTED_EDGE('',*,*,#2426,.F.);
#3215=ORIENTED_EDGE('',*,*,#2427,.F.);
#3216=ORIENTED_EDGE('',*,*,#2428,.F.);
#3217=ORIENTED_EDGE('',*,*,#2422,.T.);
#3218=ORIENTED_EDGE('',*,*,#2429,.T.);
#3219=ORIENTED_EDGE('',*,*,#2430,.F.);
#3220=ORIENTED_EDGE('',*,*,#2429,.F.);
#3221=ORIENTED_EDGE('',*,*,#2423,.T.);
#3222=ORIENTED_EDGE('',*,*,#2431,.T.);
#3223=ORIENTED_EDGE('',*,*,#2432,.F.);
#3224=ORIENTED_EDGE('',*,*,#2431,.F.);
#3225=ORIENTED_EDGE('',*,*,#2424,.T.);
#3226=ORIENTED_EDGE('',*,*,#2433,.T.);
#3227=ORIENTED_EDGE('',*,*,#2434,.F.);
#3228=ORIENTED_EDGE('',*,*,#2433,.F.);
#3229=ORIENTED_EDGE('',*,*,#2425,.T.);
#3230=ORIENTED_EDGE('',*,*,#2435,.T.);
#3231=ORIENTED_EDGE('',*,*,#2436,.F.);
#3232=ORIENTED_EDGE('',*,*,#2435,.F.);
#3233=ORIENTED_EDGE('',*,*,#2426,.T.);
#3234=ORIENTED_EDGE('',*,*,#2437,.T.);
#3235=ORIENTED_EDGE('',*,*,#2438,.F.);
#3236=ORIENTED_EDGE('',*,*,#2437,.F.);
#3237=ORIENTED_EDGE('',*,*,#2427,.T.);
#3238=ORIENTED_EDGE('',*,*,#2439,.T.);
#3239=ORIENTED_EDGE('',*,*,#2440,.F.);
#3240=ORIENTED_EDGE('',*,*,#2439,.F.);
#3241=ORIENTED_EDGE('',*,*,#2428,.T.);
#3242=ORIENTED_EDGE('',*,*,#2441,.T.);
#3243=ORIENTED_EDGE('',*,*,#2442,.F.);
#3244=ORIENTED_EDGE('',*,*,#2441,.F.);
#3245=ORIENTED_EDGE('',*,*,#2443,.T.);
#3246=ORIENTED_EDGE('',*,*,#2444,.T.);
#3247=ORIENTED_EDGE('',*,*,#2417,.T.);
#3248=ORIENTED_EDGE('',*,*,#2445,.F.);
#3249=ORIENTED_EDGE('',*,*,#2446,.F.);
#3250=ORIENTED_EDGE('',*,*,#2447,.T.);
#3251=ORIENTED_EDGE('',*,*,#2418,.T.);
#3252=ORIENTED_EDGE('',*,*,#2444,.F.);
#3253=ORIENTED_EDGE('',*,*,#2448,.F.);
#3254=ORIENTED_EDGE('',*,*,#2449,.T.);
#3255=ORIENTED_EDGE('',*,*,#2419,.T.);
#3256=ORIENTED_EDGE('',*,*,#2447,.F.);
#3257=ORIENTED_EDGE('',*,*,#2450,.F.);
#3258=ORIENTED_EDGE('',*,*,#2445,.T.);
#3259=ORIENTED_EDGE('',*,*,#2416,.T.);
#3260=ORIENTED_EDGE('',*,*,#2414,.F.);
#3261=ORIENTED_EDGE('',*,*,#2421,.T.);
#3262=ORIENTED_EDGE('',*,*,#2409,.T.);
#3263=ORIENTED_EDGE('',*,*,#2420,.T.);
#3264=ORIENTED_EDGE('',*,*,#2449,.F.);
#3265=ORIENTED_EDGE('',*,*,#2450,.T.);
#3266=ORIENTED_EDGE('',*,*,#2448,.T.);
#3267=ORIENTED_EDGE('',*,*,#2446,.T.);
#3268=ORIENTED_EDGE('',*,*,#2443,.F.);
#3269=ORIENTED_EDGE('',*,*,#2397,.T.);
#3270=ORIENTED_EDGE('',*,*,#2400,.T.);
#3271=ORIENTED_EDGE('',*,*,#2403,.T.);
#3272=ORIENTED_EDGE('',*,*,#2442,.T.);
#3273=ORIENTED_EDGE('',*,*,#2440,.T.);
#3274=ORIENTED_EDGE('',*,*,#2438,.T.);
#3275=ORIENTED_EDGE('',*,*,#2436,.T.);
#3276=ORIENTED_EDGE('',*,*,#2434,.T.);
#3277=ORIENTED_EDGE('',*,*,#2432,.T.);
#3278=ORIENTED_EDGE('',*,*,#2430,.T.);
#3279=ORIENTED_EDGE('',*,*,#2451,.T.);
#3280=ORIENTED_EDGE('',*,*,#2452,.F.);
#3281=ORIENTED_EDGE('',*,*,#2453,.T.);
#3282=ORIENTED_EDGE('',*,*,#2454,.T.);
#3283=ORIENTED_EDGE('',*,*,#2455,.T.);
#3284=ORIENTED_EDGE('',*,*,#2453,.F.);
#3285=ORIENTED_EDGE('',*,*,#2456,.F.);
#3286=ORIENTED_EDGE('',*,*,#2457,.T.);
#3287=ORIENTED_EDGE('',*,*,#2458,.T.);
#3288=ORIENTED_EDGE('',*,*,#2459,.T.);
#3289=ORIENTED_EDGE('',*,*,#2460,.T.);
#3290=ORIENTED_EDGE('',*,*,#2461,.T.);
#3291=ORIENTED_EDGE('',*,*,#2462,.F.);
#3292=ORIENTED_EDGE('',*,*,#2463,.T.);
#3293=ORIENTED_EDGE('',*,*,#2464,.T.);
#3294=ORIENTED_EDGE('',*,*,#2465,.T.);
#3295=ORIENTED_EDGE('',*,*,#2466,.F.);
#3296=ORIENTED_EDGE('',*,*,#2461,.F.);
#3297=ORIENTED_EDGE('',*,*,#2467,.T.);
#3298=ORIENTED_EDGE('',*,*,#2458,.F.);
#3299=ORIENTED_EDGE('',*,*,#2468,.T.);
#3300=ORIENTED_EDGE('',*,*,#2464,.F.);
#3301=ORIENTED_EDGE('',*,*,#2455,.F.);
#3302=ORIENTED_EDGE('',*,*,#2467,.F.);
#3303=ORIENTED_EDGE('',*,*,#2463,.F.);
#3304=ORIENTED_EDGE('',*,*,#2469,.F.);
#3305=ORIENTED_EDGE('',*,*,#2470,.F.);
#3306=ORIENTED_EDGE('',*,*,#2471,.F.);
#3307=ORIENTED_EDGE('',*,*,#2472,.T.);
#3308=ORIENTED_EDGE('',*,*,#2473,.F.);
#3309=ORIENTED_EDGE('',*,*,#2460,.F.);
#3310=ORIENTED_EDGE('',*,*,#2474,.T.);
#3311=ORIENTED_EDGE('',*,*,#2469,.T.);
#3312=ORIENTED_EDGE('',*,*,#2454,.F.);
#3313=ORIENTED_EDGE('',*,*,#2473,.T.);
#3314=ORIENTED_EDGE('',*,*,#2475,.T.);
#3315=ORIENTED_EDGE('',*,*,#2451,.F.);
#3316=ORIENTED_EDGE('',*,*,#2475,.F.);
#3317=ORIENTED_EDGE('',*,*,#2472,.F.);
#3318=ORIENTED_EDGE('',*,*,#2476,.F.);
#3319=ORIENTED_EDGE('',*,*,#2470,.T.);
#3320=ORIENTED_EDGE('',*,*,#2474,.F.);
#3321=ORIENTED_EDGE('',*,*,#2459,.F.);
#3322=ORIENTED_EDGE('',*,*,#2477,.F.);
#3323=ORIENTED_EDGE('',*,*,#2478,.F.);
#3324=ORIENTED_EDGE('',*,*,#2479,.F.);
#3325=ORIENTED_EDGE('',*,*,#2480,.T.);
#3326=ORIENTED_EDGE('',*,*,#2481,.F.);
#3327=ORIENTED_EDGE('',*,*,#2482,.T.);
#3328=ORIENTED_EDGE('',*,*,#2483,.T.);
#3329=ORIENTED_EDGE('',*,*,#2484,.T.);
#3330=ORIENTED_EDGE('',*,*,#2485,.T.);
#3331=ORIENTED_EDGE('',*,*,#2462,.T.);
#3332=ORIENTED_EDGE('',*,*,#2466,.T.);
#3333=ORIENTED_EDGE('',*,*,#2486,.T.);
#3334=ORIENTED_EDGE('',*,*,#2487,.T.);
#3335=ORIENTED_EDGE('',*,*,#2488,.T.);
#3336=ORIENTED_EDGE('',*,*,#2489,.T.);
#3337=ORIENTED_EDGE('',*,*,#2490,.T.);
#3338=ORIENTED_EDGE('',*,*,#2491,.T.);
#3339=ORIENTED_EDGE('',*,*,#2492,.T.);
#3340=ORIENTED_EDGE('',*,*,#2493,.T.);
#3341=ORIENTED_EDGE('',*,*,#2494,.T.);
#3342=ORIENTED_EDGE('',*,*,#2495,.T.);
#3343=ORIENTED_EDGE('',*,*,#2496,.T.);
#3344=ORIENTED_EDGE('',*,*,#2497,.T.);
#3345=ORIENTED_EDGE('',*,*,#2498,.T.);
#3346=ORIENTED_EDGE('',*,*,#2499,.T.);
#3347=ORIENTED_EDGE('',*,*,#2500,.T.);
#3348=ORIENTED_EDGE('',*,*,#2501,.T.);
#3349=ORIENTED_EDGE('',*,*,#2502,.T.);
#3350=ORIENTED_EDGE('',*,*,#2503,.T.);
#3351=ORIENTED_EDGE('',*,*,#2504,.T.);
#3352=ORIENTED_EDGE('',*,*,#2456,.T.);
#3353=ORIENTED_EDGE('',*,*,#2452,.T.);
#3354=ORIENTED_EDGE('',*,*,#2481,.T.);
#3355=ORIENTED_EDGE('',*,*,#2505,.T.);
#3356=ORIENTED_EDGE('',*,*,#2506,.T.);
#3357=ORIENTED_EDGE('',*,*,#2507,.T.);
#3358=ORIENTED_EDGE('',*,*,#2508,.T.);
#3359=ORIENTED_EDGE('',*,*,#2509,.T.);
#3360=ORIENTED_EDGE('',*,*,#2477,.T.);
#3361=ORIENTED_EDGE('',*,*,#2510,.T.);
#3362=ORIENTED_EDGE('',*,*,#2511,.T.);
#3363=ORIENTED_EDGE('',*,*,#2512,.T.);
#3364=ORIENTED_EDGE('',*,*,#2513,.F.);
#3365=ORIENTED_EDGE('',*,*,#2514,.T.);
#3366=ORIENTED_EDGE('',*,*,#2515,.F.);
#3367=ORIENTED_EDGE('',*,*,#2514,.F.);
#3368=ORIENTED_EDGE('',*,*,#2516,.F.);
#3369=ORIENTED_EDGE('',*,*,#2517,.F.);
#3370=ORIENTED_EDGE('',*,*,#2518,.T.);
#3371=ORIENTED_EDGE('',*,*,#2519,.F.);
#3372=ORIENTED_EDGE('',*,*,#2520,.F.);
#3373=ORIENTED_EDGE('',*,*,#2518,.F.);
#3374=ORIENTED_EDGE('',*,*,#2521,.F.);
#3375=ORIENTED_EDGE('',*,*,#2522,.F.);
#3376=ORIENTED_EDGE('',*,*,#2523,.T.);
#3377=ORIENTED_EDGE('',*,*,#2524,.F.);
#3378=ORIENTED_EDGE('',*,*,#2525,.F.);
#3379=ORIENTED_EDGE('',*,*,#2523,.F.);
#3380=ORIENTED_EDGE('',*,*,#2526,.F.);
#3381=ORIENTED_EDGE('',*,*,#2527,.F.);
#3382=ORIENTED_EDGE('',*,*,#2528,.T.);
#3383=ORIENTED_EDGE('',*,*,#2529,.F.);
#3384=ORIENTED_EDGE('',*,*,#2530,.F.);
#3385=ORIENTED_EDGE('',*,*,#2528,.F.);
#3386=ORIENTED_EDGE('',*,*,#2531,.F.);
#3387=ORIENTED_EDGE('',*,*,#2532,.T.);
#3388=ORIENTED_EDGE('',*,*,#2533,.F.);
#3389=ORIENTED_EDGE('',*,*,#2532,.F.);
#3390=ORIENTED_EDGE('',*,*,#2534,.F.);
#3391=ORIENTED_EDGE('',*,*,#2535,.T.);
#3392=ORIENTED_EDGE('',*,*,#2536,.F.);
#3393=ORIENTED_EDGE('',*,*,#2535,.F.);
#3394=ORIENTED_EDGE('',*,*,#2485,.F.);
#3395=ORIENTED_EDGE('',*,*,#2537,.T.);
#3396=ORIENTED_EDGE('',*,*,#2538,.F.);
#3397=ORIENTED_EDGE('',*,*,#2537,.F.);
#3398=ORIENTED_EDGE('',*,*,#2484,.F.);
#3399=ORIENTED_EDGE('',*,*,#2539,.T.);
#3400=ORIENTED_EDGE('',*,*,#2540,.F.);
#3401=ORIENTED_EDGE('',*,*,#2539,.F.);
#3402=ORIENTED_EDGE('',*,*,#2483,.F.);
#3403=ORIENTED_EDGE('',*,*,#2541,.T.);
#3404=ORIENTED_EDGE('',*,*,#2542,.F.);
#3405=ORIENTED_EDGE('',*,*,#2541,.F.);
#3406=ORIENTED_EDGE('',*,*,#2482,.F.);
#3407=ORIENTED_EDGE('',*,*,#2543,.T.);
#3408=ORIENTED_EDGE('',*,*,#2544,.F.);
#3409=ORIENTED_EDGE('',*,*,#2543,.F.);
#3410=ORIENTED_EDGE('',*,*,#2545,.F.);
#3411=ORIENTED_EDGE('',*,*,#2546,.T.);
#3412=ORIENTED_EDGE('',*,*,#2497,.F.);
#3413=ORIENTED_EDGE('',*,*,#2547,.F.);
#3414=ORIENTED_EDGE('',*,*,#2548,.F.);
#3415=ORIENTED_EDGE('',*,*,#2549,.T.);
#3416=ORIENTED_EDGE('',*,*,#2498,.F.);
#3417=ORIENTED_EDGE('',*,*,#2546,.F.);
#3418=ORIENTED_EDGE('',*,*,#2529,.T.);
#3419=ORIENTED_EDGE('',*,*,#2530,.T.);
#3420=ORIENTED_EDGE('',*,*,#2550,.F.);
#3421=ORIENTED_EDGE('',*,*,#2551,.T.);
#3422=ORIENTED_EDGE('',*,*,#2499,.F.);
#3423=ORIENTED_EDGE('',*,*,#2549,.F.);
#3424=ORIENTED_EDGE('',*,*,#2552,.F.);
#3425=ORIENTED_EDGE('',*,*,#2553,.T.);
#3426=ORIENTED_EDGE('',*,*,#2500,.F.);
#3427=ORIENTED_EDGE('',*,*,#2551,.F.);
#3428=ORIENTED_EDGE('',*,*,#2554,.F.);
#3429=ORIENTED_EDGE('',*,*,#2555,.T.);
#3430=ORIENTED_EDGE('',*,*,#2501,.F.);
#3431=ORIENTED_EDGE('',*,*,#2553,.F.);
#3432=ORIENTED_EDGE('',*,*,#2556,.F.);
#3433=ORIENTED_EDGE('',*,*,#2557,.T.);
#3434=ORIENTED_EDGE('',*,*,#2502,.F.);
#3435=ORIENTED_EDGE('',*,*,#2555,.F.);
#3436=ORIENTED_EDGE('',*,*,#2558,.F.);
#3437=ORIENTED_EDGE('',*,*,#2559,.T.);
#3438=ORIENTED_EDGE('',*,*,#2503,.F.);
#3439=ORIENTED_EDGE('',*,*,#2557,.F.);
#3440=ORIENTED_EDGE('',*,*,#2515,.T.);
#3441=ORIENTED_EDGE('',*,*,#2560,.F.);
#3442=ORIENTED_EDGE('',*,*,#2561,.T.);
#3443=ORIENTED_EDGE('',*,*,#2504,.F.);
#3444=ORIENTED_EDGE('',*,*,#2559,.F.);
#3445=ORIENTED_EDGE('',*,*,#2538,.T.);
#3446=ORIENTED_EDGE('',*,*,#2540,.T.);
#3447=ORIENTED_EDGE('',*,*,#2457,.F.);
#3448=ORIENTED_EDGE('',*,*,#2561,.F.);
#3449=ORIENTED_EDGE('',*,*,#2562,.F.);
#3450=ORIENTED_EDGE('',*,*,#2563,.T.);
#3451=ORIENTED_EDGE('',*,*,#2468,.F.);
#3452=ORIENTED_EDGE('',*,*,#2563,.F.);
#3453=ORIENTED_EDGE('',*,*,#2564,.F.);
#3454=ORIENTED_EDGE('',*,*,#2565,.T.);
#3455=ORIENTED_EDGE('',*,*,#2465,.F.);
#3456=ORIENTED_EDGE('',*,*,#2565,.F.);
#3457=ORIENTED_EDGE('',*,*,#2566,.F.);
#3458=ORIENTED_EDGE('',*,*,#2567,.T.);
#3459=ORIENTED_EDGE('',*,*,#2510,.F.);
#3460=ORIENTED_EDGE('',*,*,#2568,.T.);
#3461=ORIENTED_EDGE('',*,*,#2569,.T.);
#3462=ORIENTED_EDGE('',*,*,#2568,.F.);
#3463=ORIENTED_EDGE('',*,*,#2511,.F.);
#3464=ORIENTED_EDGE('',*,*,#2570,.T.);
#3465=ORIENTED_EDGE('',*,*,#2571,.T.);
#3466=ORIENTED_EDGE('',*,*,#2570,.F.);
#3467=ORIENTED_EDGE('',*,*,#2512,.F.);
#3468=ORIENTED_EDGE('',*,*,#2572,.T.);
#3469=ORIENTED_EDGE('',*,*,#2573,.T.);
#3470=ORIENTED_EDGE('',*,*,#2572,.F.);
#3471=ORIENTED_EDGE('',*,*,#2574,.F.);
#3472=ORIENTED_EDGE('',*,*,#2575,.T.);
#3473=ORIENTED_EDGE('',*,*,#2490,.F.);
#3474=ORIENTED_EDGE('',*,*,#2576,.F.);
#3475=ORIENTED_EDGE('',*,*,#2519,.T.);
#3476=ORIENTED_EDGE('',*,*,#2520,.T.);
#3477=ORIENTED_EDGE('',*,*,#2577,.F.);
#3478=ORIENTED_EDGE('',*,*,#2576,.T.);
#3479=ORIENTED_EDGE('',*,*,#2489,.F.);
#3480=ORIENTED_EDGE('',*,*,#2578,.F.);
#3481=ORIENTED_EDGE('',*,*,#2533,.T.);
#3482=ORIENTED_EDGE('',*,*,#2536,.T.);
#3483=ORIENTED_EDGE('',*,*,#2579,.F.);
#3484=ORIENTED_EDGE('',*,*,#2578,.T.);
#3485=ORIENTED_EDGE('',*,*,#2488,.F.);
#3486=ORIENTED_EDGE('',*,*,#2580,.F.);
#3487=ORIENTED_EDGE('',*,*,#2581,.F.);
#3488=ORIENTED_EDGE('',*,*,#2580,.T.);
#3489=ORIENTED_EDGE('',*,*,#2487,.F.);
#3490=ORIENTED_EDGE('',*,*,#2582,.F.);
#3491=ORIENTED_EDGE('',*,*,#2583,.F.);
#3492=ORIENTED_EDGE('',*,*,#2582,.T.);
#3493=ORIENTED_EDGE('',*,*,#2486,.F.);
#3494=ORIENTED_EDGE('',*,*,#2567,.F.);
#3495=ORIENTED_EDGE('',*,*,#2542,.T.);
#3496=ORIENTED_EDGE('',*,*,#2544,.T.);
#3497=ORIENTED_EDGE('',*,*,#2584,.F.);
#3498=ORIENTED_EDGE('',*,*,#2547,.T.);
#3499=ORIENTED_EDGE('',*,*,#2496,.F.);
#3500=ORIENTED_EDGE('',*,*,#2585,.F.);
#3501=ORIENTED_EDGE('',*,*,#2586,.F.);
#3502=ORIENTED_EDGE('',*,*,#2585,.T.);
#3503=ORIENTED_EDGE('',*,*,#2495,.F.);
#3504=ORIENTED_EDGE('',*,*,#2587,.F.);
#3505=ORIENTED_EDGE('',*,*,#2588,.F.);
#3506=ORIENTED_EDGE('',*,*,#2587,.T.);
#3507=ORIENTED_EDGE('',*,*,#2494,.F.);
#3508=ORIENTED_EDGE('',*,*,#2589,.F.);
#3509=ORIENTED_EDGE('',*,*,#2524,.T.);
#3510=ORIENTED_EDGE('',*,*,#2525,.T.);
#3511=ORIENTED_EDGE('',*,*,#2590,.F.);
#3512=ORIENTED_EDGE('',*,*,#2589,.T.);
#3513=ORIENTED_EDGE('',*,*,#2493,.F.);
#3514=ORIENTED_EDGE('',*,*,#2591,.F.);
#3515=ORIENTED_EDGE('',*,*,#2592,.F.);
#3516=ORIENTED_EDGE('',*,*,#2591,.T.);
#3517=ORIENTED_EDGE('',*,*,#2492,.F.);
#3518=ORIENTED_EDGE('',*,*,#2593,.F.);
#3519=ORIENTED_EDGE('',*,*,#2594,.F.);
#3520=ORIENTED_EDGE('',*,*,#2593,.T.);
#3521=ORIENTED_EDGE('',*,*,#2491,.F.);
#3522=ORIENTED_EDGE('',*,*,#2575,.F.);
#3523=ORIENTED_EDGE('',*,*,#2595,.F.);
#3524=ORIENTED_EDGE('',*,*,#2478,.T.);
#3525=ORIENTED_EDGE('',*,*,#2509,.F.);
#3526=ORIENTED_EDGE('',*,*,#2596,.F.);
#3527=ORIENTED_EDGE('',*,*,#2597,.F.);
#3528=ORIENTED_EDGE('',*,*,#2596,.T.);
#3529=ORIENTED_EDGE('',*,*,#2508,.F.);
#3530=ORIENTED_EDGE('',*,*,#2598,.F.);
#3531=ORIENTED_EDGE('',*,*,#2599,.F.);
#3532=ORIENTED_EDGE('',*,*,#2598,.T.);
#3533=ORIENTED_EDGE('',*,*,#2507,.F.);
#3534=ORIENTED_EDGE('',*,*,#2600,.F.);
#3535=ORIENTED_EDGE('',*,*,#2531,.T.);
#3536=ORIENTED_EDGE('',*,*,#2534,.T.);
#3537=ORIENTED_EDGE('',*,*,#2601,.T.);
#3538=ORIENTED_EDGE('',*,*,#2600,.T.);
#3539=ORIENTED_EDGE('',*,*,#2506,.F.);
#3540=ORIENTED_EDGE('',*,*,#2602,.F.);
#3541=ORIENTED_EDGE('',*,*,#2516,.T.);
#3542=ORIENTED_EDGE('',*,*,#2517,.T.);
#3543=ORIENTED_EDGE('',*,*,#2521,.T.);
#3544=ORIENTED_EDGE('',*,*,#2522,.T.);
#3545=ORIENTED_EDGE('',*,*,#2526,.T.);
#3546=ORIENTED_EDGE('',*,*,#2527,.T.);
#3547=ORIENTED_EDGE('',*,*,#2603,.F.);
#3548=ORIENTED_EDGE('',*,*,#2602,.T.);
#3549=ORIENTED_EDGE('',*,*,#2505,.F.);
#3550=ORIENTED_EDGE('',*,*,#2480,.F.);
#3551=ORIENTED_EDGE('',*,*,#2513,.T.);
#3552=ORIENTED_EDGE('',*,*,#2471,.T.);
#3553=ORIENTED_EDGE('',*,*,#2476,.T.);
#3554=ORIENTED_EDGE('',*,*,#2604,.T.);
#3555=ORIENTED_EDGE('',*,*,#2605,.T.);
#3556=ORIENTED_EDGE('',*,*,#2606,.T.);
#3557=ORIENTED_EDGE('',*,*,#2607,.T.);
#3558=ORIENTED_EDGE('',*,*,#2608,.T.);
#3559=ORIENTED_EDGE('',*,*,#2609,.T.);
#3560=ORIENTED_EDGE('',*,*,#2610,.T.);
#3561=ORIENTED_EDGE('',*,*,#2479,.T.);
#3562=ORIENTED_EDGE('',*,*,#2595,.T.);
#3563=ORIENTED_EDGE('',*,*,#2597,.T.);
#3564=ORIENTED_EDGE('',*,*,#2599,.T.);
#3565=ORIENTED_EDGE('',*,*,#2601,.F.);
#3566=ORIENTED_EDGE('',*,*,#2603,.T.);
#3567=ORIENTED_EDGE('',*,*,#2569,.F.);
#3568=ORIENTED_EDGE('',*,*,#2571,.F.);
#3569=ORIENTED_EDGE('',*,*,#2573,.F.);
#3570=ORIENTED_EDGE('',*,*,#2611,.F.);
#3571=ORIENTED_EDGE('',*,*,#2612,.F.);
#3572=ORIENTED_EDGE('',*,*,#2613,.F.);
#3573=ORIENTED_EDGE('',*,*,#2614,.F.);
#3574=ORIENTED_EDGE('',*,*,#2615,.F.);
#3575=ORIENTED_EDGE('',*,*,#2616,.F.);
#3576=ORIENTED_EDGE('',*,*,#2617,.F.);
#3577=ORIENTED_EDGE('',*,*,#2610,.F.);
#3578=ORIENTED_EDGE('',*,*,#2618,.T.);
#3579=ORIENTED_EDGE('',*,*,#2611,.T.);
#3580=ORIENTED_EDGE('',*,*,#2618,.F.);
#3581=ORIENTED_EDGE('',*,*,#2609,.F.);
#3582=ORIENTED_EDGE('',*,*,#2619,.T.);
#3583=ORIENTED_EDGE('',*,*,#2612,.T.);
#3584=ORIENTED_EDGE('',*,*,#2619,.F.);
#3585=ORIENTED_EDGE('',*,*,#2608,.F.);
#3586=ORIENTED_EDGE('',*,*,#2620,.T.);
#3587=ORIENTED_EDGE('',*,*,#2613,.T.);
#3588=ORIENTED_EDGE('',*,*,#2620,.F.);
#3589=ORIENTED_EDGE('',*,*,#2607,.F.);
#3590=ORIENTED_EDGE('',*,*,#2621,.T.);
#3591=ORIENTED_EDGE('',*,*,#2614,.T.);
#3592=ORIENTED_EDGE('',*,*,#2621,.F.);
#3593=ORIENTED_EDGE('',*,*,#2606,.F.);
#3594=ORIENTED_EDGE('',*,*,#2622,.T.);
#3595=ORIENTED_EDGE('',*,*,#2615,.T.);
#3596=ORIENTED_EDGE('',*,*,#2622,.F.);
#3597=ORIENTED_EDGE('',*,*,#2605,.F.);
#3598=ORIENTED_EDGE('',*,*,#2623,.T.);
#3599=ORIENTED_EDGE('',*,*,#2616,.T.);
#3600=ORIENTED_EDGE('',*,*,#2623,.F.);
#3601=ORIENTED_EDGE('',*,*,#2604,.F.);
#3602=ORIENTED_EDGE('',*,*,#2624,.T.);
#3603=ORIENTED_EDGE('',*,*,#2617,.T.);
#3604=ORIENTED_EDGE('',*,*,#2624,.F.);
#3605=ORIENTED_EDGE('',*,*,#2562,.T.);
#3606=ORIENTED_EDGE('',*,*,#2560,.T.);
#3607=ORIENTED_EDGE('',*,*,#2558,.T.);
#3608=ORIENTED_EDGE('',*,*,#2556,.T.);
#3609=ORIENTED_EDGE('',*,*,#2554,.T.);
#3610=ORIENTED_EDGE('',*,*,#2552,.T.);
#3611=ORIENTED_EDGE('',*,*,#2550,.T.);
#3612=ORIENTED_EDGE('',*,*,#2548,.T.);
#3613=ORIENTED_EDGE('',*,*,#2545,.T.);
#3614=ORIENTED_EDGE('',*,*,#2584,.T.);
#3615=ORIENTED_EDGE('',*,*,#2586,.T.);
#3616=ORIENTED_EDGE('',*,*,#2588,.T.);
#3617=ORIENTED_EDGE('',*,*,#2590,.T.);
#3618=ORIENTED_EDGE('',*,*,#2592,.T.);
#3619=ORIENTED_EDGE('',*,*,#2594,.T.);
#3620=ORIENTED_EDGE('',*,*,#2574,.T.);
#3621=ORIENTED_EDGE('',*,*,#2577,.T.);
#3622=ORIENTED_EDGE('',*,*,#2579,.T.);
#3623=ORIENTED_EDGE('',*,*,#2581,.T.);
#3624=ORIENTED_EDGE('',*,*,#2583,.T.);
#3625=ORIENTED_EDGE('',*,*,#2566,.T.);
#3626=ORIENTED_EDGE('',*,*,#2564,.T.);
#3627=ORIENTED_EDGE('',*,*,#2625,.F.);
#3628=ORIENTED_EDGE('',*,*,#2626,.F.);
#3629=ORIENTED_EDGE('',*,*,#2627,.F.);
#3630=ORIENTED_EDGE('',*,*,#2628,.T.);
#3631=ORIENTED_EDGE('',*,*,#2629,.F.);
#3632=ORIENTED_EDGE('',*,*,#2630,.F.);
#3633=ORIENTED_EDGE('',*,*,#2631,.F.);
#3634=ORIENTED_EDGE('',*,*,#2632,.T.);
#3635=ORIENTED_EDGE('',*,*,#2627,.T.);
#3636=ORIENTED_EDGE('',*,*,#2633,.F.);
#3637=ORIENTED_EDGE('',*,*,#2634,.T.);
#3638=ORIENTED_EDGE('',*,*,#2635,.F.);
#3639=ORIENTED_EDGE('',*,*,#2636,.F.);
#3640=ORIENTED_EDGE('',*,*,#2637,.F.);
#3641=ORIENTED_EDGE('',*,*,#2635,.T.);
#3642=ORIENTED_EDGE('',*,*,#2638,.T.);
#3643=ORIENTED_EDGE('',*,*,#2639,.F.);
#3644=ORIENTED_EDGE('',*,*,#2640,.F.);
#3645=ORIENTED_EDGE('',*,*,#2641,.F.);
#3646=ORIENTED_EDGE('',*,*,#2640,.T.);
#3647=ORIENTED_EDGE('',*,*,#2642,.F.);
#3648=ORIENTED_EDGE('',*,*,#2630,.T.);
#3649=ORIENTED_EDGE('',*,*,#2629,.T.);
#3650=ORIENTED_EDGE('',*,*,#2643,.T.);
#3651=ORIENTED_EDGE('',*,*,#2644,.F.);
#3652=ORIENTED_EDGE('',*,*,#2645,.T.);
#3653=ORIENTED_EDGE('',*,*,#2646,.T.);
#3654=ORIENTED_EDGE('',*,*,#2647,.T.);
#3655=ORIENTED_EDGE('',*,*,#2637,.T.);
#3656=ORIENTED_EDGE('',*,*,#2641,.T.);
#3657=ORIENTED_EDGE('',*,*,#2636,.T.);
#3658=ORIENTED_EDGE('',*,*,#2647,.F.);
#3659=ORIENTED_EDGE('',*,*,#2648,.F.);
#3660=ORIENTED_EDGE('',*,*,#2626,.T.);
#3661=ORIENTED_EDGE('',*,*,#2649,.F.);
#3662=ORIENTED_EDGE('',*,*,#2643,.F.);
#3663=ORIENTED_EDGE('',*,*,#2625,.T.);
#3664=ORIENTED_EDGE('',*,*,#2650,.T.);
#3665=ORIENTED_EDGE('',*,*,#2651,.F.);
#3666=ORIENTED_EDGE('',*,*,#2652,.T.);
#3667=ORIENTED_EDGE('',*,*,#2653,.T.);
#3668=ORIENTED_EDGE('',*,*,#2654,.T.);
#3669=ORIENTED_EDGE('',*,*,#2633,.T.);
#3670=ORIENTED_EDGE('',*,*,#2648,.T.);
#3671=ORIENTED_EDGE('',*,*,#2646,.F.);
#3672=ORIENTED_EDGE('',*,*,#2655,.T.);
#3673=ORIENTED_EDGE('',*,*,#2644,.T.);
#3674=ORIENTED_EDGE('',*,*,#2649,.T.);
#3675=ORIENTED_EDGE('',*,*,#2656,.F.);
#3676=ORIENTED_EDGE('',*,*,#2657,.F.);
#3677=ORIENTED_EDGE('',*,*,#2658,.F.);
#3678=ORIENTED_EDGE('',*,*,#2659,.F.);
#3679=ORIENTED_EDGE('',*,*,#2634,.F.);
#3680=ORIENTED_EDGE('',*,*,#2654,.F.);
#3681=ORIENTED_EDGE('',*,*,#2660,.F.);
#3682=ORIENTED_EDGE('',*,*,#2661,.F.);
#3683=ORIENTED_EDGE('',*,*,#2662,.F.);
#3684=ORIENTED_EDGE('',*,*,#2663,.F.);
#3685=ORIENTED_EDGE('',*,*,#2664,.F.);
#3686=ORIENTED_EDGE('',*,*,#2650,.F.);
#3687=ORIENTED_EDGE('',*,*,#2628,.F.);
#3688=ORIENTED_EDGE('',*,*,#2632,.F.);
#3689=ORIENTED_EDGE('',*,*,#2665,.F.);
#3690=ORIENTED_EDGE('',*,*,#2666,.F.);
#3691=ORIENTED_EDGE('',*,*,#2667,.F.);
#3692=ORIENTED_EDGE('',*,*,#2668,.F.);
#3693=ORIENTED_EDGE('',*,*,#2669,.F.);
#3694=ORIENTED_EDGE('',*,*,#2670,.F.);
#3695=ORIENTED_EDGE('',*,*,#2671,.F.);
#3696=ORIENTED_EDGE('',*,*,#2672,.F.);
#3697=ORIENTED_EDGE('',*,*,#2673,.F.);
#3698=ORIENTED_EDGE('',*,*,#2674,.F.);
#3699=ORIENTED_EDGE('',*,*,#2675,.F.);
#3700=ORIENTED_EDGE('',*,*,#2676,.F.);
#3701=ORIENTED_EDGE('',*,*,#2677,.F.);
#3702=ORIENTED_EDGE('',*,*,#2678,.F.);
#3703=ORIENTED_EDGE('',*,*,#2679,.F.);
#3704=ORIENTED_EDGE('',*,*,#2680,.F.);
#3705=ORIENTED_EDGE('',*,*,#2681,.F.);
#3706=ORIENTED_EDGE('',*,*,#2682,.F.);
#3707=ORIENTED_EDGE('',*,*,#2683,.F.);
#3708=ORIENTED_EDGE('',*,*,#2638,.F.);
#3709=ORIENTED_EDGE('',*,*,#2684,.F.);
#3710=ORIENTED_EDGE('',*,*,#2685,.F.);
#3711=ORIENTED_EDGE('',*,*,#2686,.F.);
#3712=ORIENTED_EDGE('',*,*,#2687,.T.);
#3713=ORIENTED_EDGE('',*,*,#2688,.T.);
#3714=ORIENTED_EDGE('',*,*,#2689,.T.);
#3715=ORIENTED_EDGE('',*,*,#2688,.F.);
#3716=ORIENTED_EDGE('',*,*,#2690,.T.);
#3717=ORIENTED_EDGE('',*,*,#2691,.T.);
#3718=ORIENTED_EDGE('',*,*,#2692,.T.);
#3719=ORIENTED_EDGE('',*,*,#2693,.T.);
#3720=ORIENTED_EDGE('',*,*,#2691,.F.);
#3721=ORIENTED_EDGE('',*,*,#2694,.T.);
#3722=ORIENTED_EDGE('',*,*,#2695,.T.);
#3723=ORIENTED_EDGE('',*,*,#2696,.T.);
#3724=ORIENTED_EDGE('',*,*,#2697,.T.);
#3725=ORIENTED_EDGE('',*,*,#2698,.T.);
#3726=ORIENTED_EDGE('',*,*,#2696,.F.);
#3727=ORIENTED_EDGE('',*,*,#2699,.T.);
#3728=ORIENTED_EDGE('',*,*,#2700,.T.);
#3729=ORIENTED_EDGE('',*,*,#2701,.T.);
#3730=ORIENTED_EDGE('',*,*,#2702,.T.);
#3731=ORIENTED_EDGE('',*,*,#2703,.T.);
#3732=ORIENTED_EDGE('',*,*,#2701,.F.);
#3733=ORIENTED_EDGE('',*,*,#2704,.T.);
#3734=ORIENTED_EDGE('',*,*,#2705,.T.);
#3735=ORIENTED_EDGE('',*,*,#2706,.T.);
#3736=ORIENTED_EDGE('',*,*,#2707,.T.);
#3737=ORIENTED_EDGE('',*,*,#2706,.F.);
#3738=ORIENTED_EDGE('',*,*,#2708,.T.);
#3739=ORIENTED_EDGE('',*,*,#2709,.T.);
#3740=ORIENTED_EDGE('',*,*,#2710,.T.);
#3741=ORIENTED_EDGE('',*,*,#2709,.F.);
#3742=ORIENTED_EDGE('',*,*,#2659,.T.);
#3743=ORIENTED_EDGE('',*,*,#2711,.T.);
#3744=ORIENTED_EDGE('',*,*,#2712,.T.);
#3745=ORIENTED_EDGE('',*,*,#2711,.F.);
#3746=ORIENTED_EDGE('',*,*,#2658,.T.);
#3747=ORIENTED_EDGE('',*,*,#2713,.T.);
#3748=ORIENTED_EDGE('',*,*,#2714,.T.);
#3749=ORIENTED_EDGE('',*,*,#2713,.F.);
#3750=ORIENTED_EDGE('',*,*,#2657,.T.);
#3751=ORIENTED_EDGE('',*,*,#2715,.T.);
#3752=ORIENTED_EDGE('',*,*,#2716,.T.);
#3753=ORIENTED_EDGE('',*,*,#2715,.F.);
#3754=ORIENTED_EDGE('',*,*,#2656,.T.);
#3755=ORIENTED_EDGE('',*,*,#2717,.T.);
#3756=ORIENTED_EDGE('',*,*,#2718,.T.);
#3757=ORIENTED_EDGE('',*,*,#2717,.F.);
#3758=ORIENTED_EDGE('',*,*,#2719,.T.);
#3759=ORIENTED_EDGE('',*,*,#2720,.T.);
#3760=ORIENTED_EDGE('',*,*,#2672,.T.);
#3761=ORIENTED_EDGE('',*,*,#2721,.F.);
#3762=ORIENTED_EDGE('',*,*,#2722,.T.);
#3763=ORIENTED_EDGE('',*,*,#2721,.T.);
#3764=ORIENTED_EDGE('',*,*,#2671,.T.);
#3765=ORIENTED_EDGE('',*,*,#2723,.F.);
#3766=ORIENTED_EDGE('',*,*,#2703,.F.);
#3767=ORIENTED_EDGE('',*,*,#2702,.F.);
#3768=ORIENTED_EDGE('',*,*,#2724,.T.);
#3769=ORIENTED_EDGE('',*,*,#2723,.T.);
#3770=ORIENTED_EDGE('',*,*,#2670,.T.);
#3771=ORIENTED_EDGE('',*,*,#2725,.F.);
#3772=ORIENTED_EDGE('',*,*,#2726,.T.);
#3773=ORIENTED_EDGE('',*,*,#2725,.T.);
#3774=ORIENTED_EDGE('',*,*,#2669,.T.);
#3775=ORIENTED_EDGE('',*,*,#2727,.F.);
#3776=ORIENTED_EDGE('',*,*,#2728,.T.);
#3777=ORIENTED_EDGE('',*,*,#2727,.T.);
#3778=ORIENTED_EDGE('',*,*,#2668,.T.);
#3779=ORIENTED_EDGE('',*,*,#2729,.F.);
#3780=ORIENTED_EDGE('',*,*,#2730,.T.);
#3781=ORIENTED_EDGE('',*,*,#2729,.T.);
#3782=ORIENTED_EDGE('',*,*,#2667,.T.);
#3783=ORIENTED_EDGE('',*,*,#2731,.F.);
#3784=ORIENTED_EDGE('',*,*,#2732,.T.);
#3785=ORIENTED_EDGE('',*,*,#2731,.T.);
#3786=ORIENTED_EDGE('',*,*,#2666,.T.);
#3787=ORIENTED_EDGE('',*,*,#2733,.F.);
#3788=ORIENTED_EDGE('',*,*,#2689,.F.);
#3789=ORIENTED_EDGE('',*,*,#2734,.T.);
#3790=ORIENTED_EDGE('',*,*,#2733,.T.);
#3791=ORIENTED_EDGE('',*,*,#2665,.T.);
#3792=ORIENTED_EDGE('',*,*,#2735,.F.);
#3793=ORIENTED_EDGE('',*,*,#2712,.F.);
#3794=ORIENTED_EDGE('',*,*,#2714,.F.);
#3795=ORIENTED_EDGE('',*,*,#2631,.T.);
#3796=ORIENTED_EDGE('',*,*,#2736,.F.);
#3797=ORIENTED_EDGE('',*,*,#2737,.T.);
#3798=ORIENTED_EDGE('',*,*,#2735,.T.);
#3799=ORIENTED_EDGE('',*,*,#2642,.T.);
#3800=ORIENTED_EDGE('',*,*,#2738,.F.);
#3801=ORIENTED_EDGE('',*,*,#2739,.T.);
#3802=ORIENTED_EDGE('',*,*,#2736,.T.);
#3803=ORIENTED_EDGE('',*,*,#2639,.T.);
#3804=ORIENTED_EDGE('',*,*,#2740,.F.);
#3805=ORIENTED_EDGE('',*,*,#2741,.T.);
#3806=ORIENTED_EDGE('',*,*,#2738,.T.);
#3807=ORIENTED_EDGE('',*,*,#2684,.T.);
#3808=ORIENTED_EDGE('',*,*,#2742,.T.);
#3809=ORIENTED_EDGE('',*,*,#2743,.F.);
#3810=ORIENTED_EDGE('',*,*,#2742,.F.);
#3811=ORIENTED_EDGE('',*,*,#2685,.T.);
#3812=ORIENTED_EDGE('',*,*,#2744,.T.);
#3813=ORIENTED_EDGE('',*,*,#2745,.F.);
#3814=ORIENTED_EDGE('',*,*,#2744,.F.);
#3815=ORIENTED_EDGE('',*,*,#2686,.T.);
#3816=ORIENTED_EDGE('',*,*,#2746,.T.);
#3817=ORIENTED_EDGE('',*,*,#2747,.F.);
#3818=ORIENTED_EDGE('',*,*,#2746,.F.);
#3819=ORIENTED_EDGE('',*,*,#2748,.T.);
#3820=ORIENTED_EDGE('',*,*,#2749,.T.);
#3821=ORIENTED_EDGE('',*,*,#2679,.T.);
#3822=ORIENTED_EDGE('',*,*,#2750,.F.);
#3823=ORIENTED_EDGE('',*,*,#2693,.F.);
#3824=ORIENTED_EDGE('',*,*,#2692,.F.);
#3825=ORIENTED_EDGE('',*,*,#2751,.T.);
#3826=ORIENTED_EDGE('',*,*,#2752,.T.);
#3827=ORIENTED_EDGE('',*,*,#2680,.T.);
#3828=ORIENTED_EDGE('',*,*,#2749,.F.);
#3829=ORIENTED_EDGE('',*,*,#2707,.F.);
#3830=ORIENTED_EDGE('',*,*,#2710,.F.);
#3831=ORIENTED_EDGE('',*,*,#2753,.T.);
#3832=ORIENTED_EDGE('',*,*,#2754,.T.);
#3833=ORIENTED_EDGE('',*,*,#2681,.T.);
#3834=ORIENTED_EDGE('',*,*,#2752,.F.);
#3835=ORIENTED_EDGE('',*,*,#2755,.T.);
#3836=ORIENTED_EDGE('',*,*,#2756,.T.);
#3837=ORIENTED_EDGE('',*,*,#2682,.T.);
#3838=ORIENTED_EDGE('',*,*,#2754,.F.);
#3839=ORIENTED_EDGE('',*,*,#2757,.T.);
#3840=ORIENTED_EDGE('',*,*,#2740,.T.);
#3841=ORIENTED_EDGE('',*,*,#2683,.T.);
#3842=ORIENTED_EDGE('',*,*,#2756,.F.);
#3843=ORIENTED_EDGE('',*,*,#2716,.F.);
#3844=ORIENTED_EDGE('',*,*,#2718,.F.);
#3845=ORIENTED_EDGE('',*,*,#2758,.T.);
#3846=ORIENTED_EDGE('',*,*,#2759,.T.);
#3847=ORIENTED_EDGE('',*,*,#2673,.T.);
#3848=ORIENTED_EDGE('',*,*,#2720,.F.);
#3849=ORIENTED_EDGE('',*,*,#2760,.T.);
#3850=ORIENTED_EDGE('',*,*,#2761,.T.);
#3851=ORIENTED_EDGE('',*,*,#2674,.T.);
#3852=ORIENTED_EDGE('',*,*,#2759,.F.);
#3853=ORIENTED_EDGE('',*,*,#2762,.T.);
#3854=ORIENTED_EDGE('',*,*,#2763,.T.);
#3855=ORIENTED_EDGE('',*,*,#2675,.T.);
#3856=ORIENTED_EDGE('',*,*,#2761,.F.);
#3857=ORIENTED_EDGE('',*,*,#2698,.F.);
#3858=ORIENTED_EDGE('',*,*,#2697,.F.);
#3859=ORIENTED_EDGE('',*,*,#2764,.T.);
#3860=ORIENTED_EDGE('',*,*,#2765,.T.);
#3861=ORIENTED_EDGE('',*,*,#2676,.T.);
#3862=ORIENTED_EDGE('',*,*,#2763,.F.);
#3863=ORIENTED_EDGE('',*,*,#2766,.T.);
#3864=ORIENTED_EDGE('',*,*,#2767,.T.);
#3865=ORIENTED_EDGE('',*,*,#2677,.T.);
#3866=ORIENTED_EDGE('',*,*,#2765,.F.);
#3867=ORIENTED_EDGE('',*,*,#2768,.T.);
#3868=ORIENTED_EDGE('',*,*,#2750,.T.);
#3869=ORIENTED_EDGE('',*,*,#2678,.T.);
#3870=ORIENTED_EDGE('',*,*,#2767,.F.);
#3871=ORIENTED_EDGE('',*,*,#2769,.T.);
#3872=ORIENTED_EDGE('',*,*,#2770,.T.);
#3873=ORIENTED_EDGE('',*,*,#2660,.T.);
#3874=ORIENTED_EDGE('',*,*,#2653,.F.);
#3875=ORIENTED_EDGE('',*,*,#2771,.T.);
#3876=ORIENTED_EDGE('',*,*,#2772,.T.);
#3877=ORIENTED_EDGE('',*,*,#2661,.T.);
#3878=ORIENTED_EDGE('',*,*,#2770,.F.);
#3879=ORIENTED_EDGE('',*,*,#2773,.T.);
#3880=ORIENTED_EDGE('',*,*,#2774,.T.);
#3881=ORIENTED_EDGE('',*,*,#2662,.T.);
#3882=ORIENTED_EDGE('',*,*,#2772,.F.);
#3883=ORIENTED_EDGE('',*,*,#2705,.F.);
#3884=ORIENTED_EDGE('',*,*,#2708,.F.);
#3885=ORIENTED_EDGE('',*,*,#2775,.F.);
#3886=ORIENTED_EDGE('',*,*,#2776,.T.);
#3887=ORIENTED_EDGE('',*,*,#2663,.T.);
#3888=ORIENTED_EDGE('',*,*,#2774,.F.);
#3889=ORIENTED_EDGE('',*,*,#2690,.F.);
#3890=ORIENTED_EDGE('',*,*,#2694,.F.);
#3891=ORIENTED_EDGE('',*,*,#2695,.F.);
#3892=ORIENTED_EDGE('',*,*,#2699,.F.);
#3893=ORIENTED_EDGE('',*,*,#2700,.F.);
#3894=ORIENTED_EDGE('',*,*,#2704,.F.);
#3895=ORIENTED_EDGE('',*,*,#2777,.T.);
#3896=ORIENTED_EDGE('',*,*,#2651,.T.);
#3897=ORIENTED_EDGE('',*,*,#2664,.T.);
#3898=ORIENTED_EDGE('',*,*,#2776,.F.);
#3899=ORIENTED_EDGE('',*,*,#2687,.F.);
#3900=ORIENTED_EDGE('',*,*,#2645,.F.);
#3901=ORIENTED_EDGE('',*,*,#2655,.F.);
#3902=ORIENTED_EDGE('',*,*,#2778,.F.);
#3903=ORIENTED_EDGE('',*,*,#2779,.F.);
#3904=ORIENTED_EDGE('',*,*,#2780,.F.);
#3905=ORIENTED_EDGE('',*,*,#2781,.F.);
#3906=ORIENTED_EDGE('',*,*,#2782,.F.);
#3907=ORIENTED_EDGE('',*,*,#2783,.F.);
#3908=ORIENTED_EDGE('',*,*,#2784,.F.);
#3909=ORIENTED_EDGE('',*,*,#2652,.F.);
#3910=ORIENTED_EDGE('',*,*,#2777,.F.);
#3911=ORIENTED_EDGE('',*,*,#2775,.T.);
#3912=ORIENTED_EDGE('',*,*,#2773,.F.);
#3913=ORIENTED_EDGE('',*,*,#2771,.F.);
#3914=ORIENTED_EDGE('',*,*,#2769,.F.);
#3915=ORIENTED_EDGE('',*,*,#2743,.T.);
#3916=ORIENTED_EDGE('',*,*,#2745,.T.);
#3917=ORIENTED_EDGE('',*,*,#2747,.T.);
#3918=ORIENTED_EDGE('',*,*,#2785,.T.);
#3919=ORIENTED_EDGE('',*,*,#2786,.T.);
#3920=ORIENTED_EDGE('',*,*,#2787,.T.);
#3921=ORIENTED_EDGE('',*,*,#2788,.T.);
#3922=ORIENTED_EDGE('',*,*,#2789,.T.);
#3923=ORIENTED_EDGE('',*,*,#2790,.T.);
#3924=ORIENTED_EDGE('',*,*,#2791,.T.);
#3925=ORIENTED_EDGE('',*,*,#2784,.T.);
#3926=ORIENTED_EDGE('',*,*,#2792,.T.);
#3927=ORIENTED_EDGE('',*,*,#2785,.F.);
#3928=ORIENTED_EDGE('',*,*,#2792,.F.);
#3929=ORIENTED_EDGE('',*,*,#2783,.T.);
#3930=ORIENTED_EDGE('',*,*,#2793,.T.);
#3931=ORIENTED_EDGE('',*,*,#2786,.F.);
#3932=ORIENTED_EDGE('',*,*,#2793,.F.);
#3933=ORIENTED_EDGE('',*,*,#2782,.T.);
#3934=ORIENTED_EDGE('',*,*,#2794,.T.);
#3935=ORIENTED_EDGE('',*,*,#2787,.F.);
#3936=ORIENTED_EDGE('',*,*,#2794,.F.);
#3937=ORIENTED_EDGE('',*,*,#2781,.T.);
#3938=ORIENTED_EDGE('',*,*,#2795,.T.);
#3939=ORIENTED_EDGE('',*,*,#2788,.F.);
#3940=ORIENTED_EDGE('',*,*,#2795,.F.);
#3941=ORIENTED_EDGE('',*,*,#2780,.T.);
#3942=ORIENTED_EDGE('',*,*,#2796,.T.);
#3943=ORIENTED_EDGE('',*,*,#2789,.F.);
#3944=ORIENTED_EDGE('',*,*,#2796,.F.);
#3945=ORIENTED_EDGE('',*,*,#2779,.T.);
#3946=ORIENTED_EDGE('',*,*,#2797,.T.);
#3947=ORIENTED_EDGE('',*,*,#2790,.F.);
#3948=ORIENTED_EDGE('',*,*,#2797,.F.);
#3949=ORIENTED_EDGE('',*,*,#2778,.T.);
#3950=ORIENTED_EDGE('',*,*,#2798,.T.);
#3951=ORIENTED_EDGE('',*,*,#2791,.F.);
#3952=ORIENTED_EDGE('',*,*,#2798,.F.);
#3953=ORIENTED_EDGE('',*,*,#2737,.F.);
#3954=ORIENTED_EDGE('',*,*,#2739,.F.);
#3955=ORIENTED_EDGE('',*,*,#2741,.F.);
#3956=ORIENTED_EDGE('',*,*,#2757,.F.);
#3957=ORIENTED_EDGE('',*,*,#2755,.F.);
#3958=ORIENTED_EDGE('',*,*,#2753,.F.);
#3959=ORIENTED_EDGE('',*,*,#2751,.F.);
#3960=ORIENTED_EDGE('',*,*,#2748,.F.);
#3961=ORIENTED_EDGE('',*,*,#2768,.F.);
#3962=ORIENTED_EDGE('',*,*,#2766,.F.);
#3963=ORIENTED_EDGE('',*,*,#2764,.F.);
#3964=ORIENTED_EDGE('',*,*,#2762,.F.);
#3965=ORIENTED_EDGE('',*,*,#2760,.F.);
#3966=ORIENTED_EDGE('',*,*,#2758,.F.);
#3967=ORIENTED_EDGE('',*,*,#2719,.F.);
#3968=ORIENTED_EDGE('',*,*,#2722,.F.);
#3969=ORIENTED_EDGE('',*,*,#2724,.F.);
#3970=ORIENTED_EDGE('',*,*,#2726,.F.);
#3971=ORIENTED_EDGE('',*,*,#2728,.F.);
#3972=ORIENTED_EDGE('',*,*,#2730,.F.);
#3973=ORIENTED_EDGE('',*,*,#2732,.F.);
#3974=ORIENTED_EDGE('',*,*,#2734,.F.);
#3975=CYLINDRICAL_SURFACE('',#4347,1.6);
#3976=CYLINDRICAL_SURFACE('',#4350,1.6);
#3977=CYLINDRICAL_SURFACE('',#4353,1.6);
#3978=CYLINDRICAL_SURFACE('',#4375,1.6);
#3979=CYLINDRICAL_SURFACE('',#4377,1.6);
#3980=CYLINDRICAL_SURFACE('',#4379,1.6);
#3981=CYLINDRICAL_SURFACE('',#4381,1.6);
#3982=CYLINDRICAL_SURFACE('',#4383,1.6);
#3983=CYLINDRICAL_SURFACE('',#4385,1.6);
#3984=CYLINDRICAL_SURFACE('',#4387,1.6);
#3985=CYLINDRICAL_SURFACE('',#4389,1.6);
#3986=CYLINDRICAL_SURFACE('',#4391,1.6);
#3987=CYLINDRICAL_SURFACE('',#4393,1.6);
#3988=CYLINDRICAL_SURFACE('',#4396,15.);
#3989=CYLINDRICAL_SURFACE('',#4399,5.);
#3990=CYLINDRICAL_SURFACE('',#4401,1.6);
#3991=CYLINDRICAL_SURFACE('',#4403,1.6);
#3992=CYLINDRICAL_SURFACE('',#4405,1.6);
#3993=CYLINDRICAL_SURFACE('',#4407,1.6);
#3994=CYLINDRICAL_SURFACE('',#4414,1.6);
#3995=CYLINDRICAL_SURFACE('',#4417,1.6);
#3996=CYLINDRICAL_SURFACE('',#4420,1.6);
#3997=CYLINDRICAL_SURFACE('',#4434,1.6);
#3998=CYLINDRICAL_SURFACE('',#4436,1.6);
#3999=CYLINDRICAL_SURFACE('',#4438,1.6);
#4000=CYLINDRICAL_SURFACE('',#4440,2.5);
#4001=CYLINDRICAL_SURFACE('',#4442,1.6);
#4002=CYLINDRICAL_SURFACE('',#4444,2.5);
#4003=CYLINDRICAL_SURFACE('',#4446,2.5);
#4004=CYLINDRICAL_SURFACE('',#4448,2.5);
#4005=CYLINDRICAL_SURFACE('',#4456,1.6);
#4006=CYLINDRICAL_SURFACE('',#4459,1.6);
#4007=CYLINDRICAL_SURFACE('',#4462,1.6);
#4008=CYLINDRICAL_SURFACE('',#4466,77.0000624999756);
#4009=CYLINDRICAL_SURFACE('',#4480,1.6);
#4010=CYLINDRICAL_SURFACE('',#4482,1.6);
#4011=CYLINDRICAL_SURFACE('',#4484,7.);
#4012=CYLINDRICAL_SURFACE('',#4486,1.6);
#4013=CYLINDRICAL_SURFACE('',#4488,1.6);
#4014=CYLINDRICAL_SURFACE('',#4490,1.6);
#4015=CYLINDRICAL_SURFACE('',#4492,1.6);
#4016=CYLINDRICAL_SURFACE('',#4495,80.0000624999756);
#4017=CYLINDRICAL_SURFACE('',#4500,1.6);
#4018=CYLINDRICAL_SURFACE('',#4503,1.6);
#4019=CYLINDRICAL_SURFACE('',#4506,1.6);
#4020=CYLINDRICAL_SURFACE('',#4510,77.0000624999756);
#4021=CYLINDRICAL_SURFACE('',#4524,1.6);
#4022=CYLINDRICAL_SURFACE('',#4526,1.6);
#4023=CYLINDRICAL_SURFACE('',#4528,7.);
#4024=CYLINDRICAL_SURFACE('',#4530,1.6);
#4025=CYLINDRICAL_SURFACE('',#4532,1.6);
#4026=CYLINDRICAL_SURFACE('',#4534,1.6);
#4027=CYLINDRICAL_SURFACE('',#4536,1.6);
#4028=CYLINDRICAL_SURFACE('',#4539,80.0000624999756);
#4029=CYLINDRICAL_SURFACE('',#4545,15.);
#4030=CYLINDRICAL_SURFACE('',#4548,15.);
#4031=CYLINDRICAL_SURFACE('',#4550,15.);
#4032=CYLINDRICAL_SURFACE('',#4553,15.);
#4033=CYLINDRICAL_SURFACE('',#4557,19.3750000149012);
#4034=CYLINDRICAL_SURFACE('',#4580,1.4);
#4035=CYLINDRICAL_SURFACE('',#4583,1.4);
#4036=CYLINDRICAL_SURFACE('',#4584,1.4);
#4037=CYLINDRICAL_SURFACE('',#4585,1.4);
#4038=CYLINDRICAL_SURFACE('',#4586,1.4);
#4039=CYLINDRICAL_SURFACE('',#4589,1.4);
#4040=CYLINDRICAL_SURFACE('',#4592,1.4);
#4041=CYLINDRICAL_SURFACE('',#4594,1.4);
#4042=CYLINDRICAL_SURFACE('',#4596,1.4);
#4043=CYLINDRICAL_SURFACE('',#4598,1.4);
#4044=CYLINDRICAL_SURFACE('',#4601,107.);
#4045=CYLINDRICAL_SURFACE('',#4604,5.00000000000003);
#4046=CYLINDRICAL_SURFACE('',#4607,107.);
#4047=CYLINDRICAL_SURFACE('',#4612,21.3750000149);
#4048=CYLINDRICAL_SURFACE('',#4615,1.4);
#4049=CYLINDRICAL_SURFACE('',#4617,1.4);
#4050=CYLINDRICAL_SURFACE('',#4619,1.4);
#4051=CYLINDRICAL_SURFACE('',#4621,107.);
#4052=CYLINDRICAL_SURFACE('',#4627,5.00000000000002);
#4053=CYLINDRICAL_SURFACE('',#4630,107.);
#4054=CYLINDRICAL_SURFACE('',#4633,5.00000000000002);
#4055=CYLINDRICAL_SURFACE('',#4639,110.);
#4056=CYLINDRICAL_SURFACE('',#4658,1.6);
#4057=CYLINDRICAL_SURFACE('',#4659,1.6);
#4058=CYLINDRICAL_SURFACE('',#4660,1.6);
#4059=CYLINDRICAL_SURFACE('',#4661,1.6);
#4060=CYLINDRICAL_SURFACE('',#4662,1.6);
#4061=CYLINDRICAL_SURFACE('',#4663,7.);
#4062=CYLINDRICAL_SURFACE('',#4664,1.6);
#4063=CYLINDRICAL_SURFACE('',#4666,15.);
#4064=CYLINDRICAL_SURFACE('',#4669,15.);
#4065=CYLINDRICAL_SURFACE('',#4671,15.);
#4066=CYLINDRICAL_SURFACE('',#4674,15.);
#4067=CYLINDRICAL_SURFACE('',#4678,19.3750000149012);
#4068=CYLINDRICAL_SURFACE('',#4701,1.4);
#4069=CYLINDRICAL_SURFACE('',#4704,1.4);
#4070=CYLINDRICAL_SURFACE('',#4705,1.4);
#4071=CYLINDRICAL_SURFACE('',#4706,1.4);
#4072=CYLINDRICAL_SURFACE('',#4707,1.4);
#4073=CYLINDRICAL_SURFACE('',#4710,1.4);
#4074=CYLINDRICAL_SURFACE('',#4713,1.4);
#4075=CYLINDRICAL_SURFACE('',#4715,1.4);
#4076=CYLINDRICAL_SURFACE('',#4717,1.4);
#4077=CYLINDRICAL_SURFACE('',#4719,1.4);
#4078=CYLINDRICAL_SURFACE('',#4722,107.);
#4079=CYLINDRICAL_SURFACE('',#4725,5.00000000000003);
#4080=CYLINDRICAL_SURFACE('',#4728,107.);
#4081=CYLINDRICAL_SURFACE('',#4733,21.3750000149);
#4082=CYLINDRICAL_SURFACE('',#4736,1.4);
#4083=CYLINDRICAL_SURFACE('',#4738,1.4);
#4084=CYLINDRICAL_SURFACE('',#4740,1.4);
#4085=CYLINDRICAL_SURFACE('',#4742,107.);
#4086=CYLINDRICAL_SURFACE('',#4748,5.00000000000002);
#4087=CYLINDRICAL_SURFACE('',#4751,107.);
#4088=CYLINDRICAL_SURFACE('',#4754,5.00000000000002);
#4089=CYLINDRICAL_SURFACE('',#4760,110.);
#4090=CYLINDRICAL_SURFACE('',#4779,1.6);
#4091=CYLINDRICAL_SURFACE('',#4780,1.6);
#4092=CYLINDRICAL_SURFACE('',#4781,1.6);
#4093=CYLINDRICAL_SURFACE('',#4782,1.6);
#4094=CYLINDRICAL_SURFACE('',#4783,1.6);
#4095=CYLINDRICAL_SURFACE('',#4784,7.);
#4096=CYLINDRICAL_SURFACE('',#4785,1.6);
#4097=ADVANCED_FACE('',(#337),#3975,.F.);
#4098=ADVANCED_FACE('',(#338),#3976,.F.);
#4099=ADVANCED_FACE('',(#339),#3977,.F.);
#4100=ADVANCED_FACE('',(#340,#75,#76,#77),#253,.T.);
#4101=ADVANCED_FACE('',(#341),#254,.T.);
#4102=ADVANCED_FACE('',(#342,#78,#79,#80,#81,#82,#83,#84,#85,#86,#87,#88,
#89,#90,#91,#92),#255,.T.);
#4103=ADVANCED_FACE('',(#343),#3978,.F.);
#4104=ADVANCED_FACE('',(#344),#3979,.F.);
#4105=ADVANCED_FACE('',(#345),#3980,.F.);
#4106=ADVANCED_FACE('',(#346),#3981,.F.);
#4107=ADVANCED_FACE('',(#347),#3982,.F.);
#4108=ADVANCED_FACE('',(#348),#3983,.F.);
#4109=ADVANCED_FACE('',(#349),#3984,.F.);
#4110=ADVANCED_FACE('',(#350),#3985,.F.);
#4111=ADVANCED_FACE('',(#351),#3986,.F.);
#4112=ADVANCED_FACE('',(#352),#3987,.F.);
#4113=ADVANCED_FACE('',(#353),#256,.T.);
#4114=ADVANCED_FACE('',(#354),#3988,.F.);
#4115=ADVANCED_FACE('',(#355),#257,.T.);
#4116=ADVANCED_FACE('',(#356),#3989,.F.);
#4117=ADVANCED_FACE('',(#357),#3990,.F.);
#4118=ADVANCED_FACE('',(#358),#3991,.F.);
#4119=ADVANCED_FACE('',(#359),#3992,.F.);
#4120=ADVANCED_FACE('',(#360),#3993,.F.);
#4121=ADVANCED_FACE('',(#361),#258,.T.);
#4122=ADVANCED_FACE('',(#362),#259,.T.);
#4123=ADVANCED_FACE('',(#363,#93,#94,#95),#260,.T.);
#4124=ADVANCED_FACE('',(#364),#261,.T.);
#4125=ADVANCED_FACE('',(#365,#96,#97,#98,#99,#100,#101,#102,#103,#104,#105,
#106,#107,#108,#109,#110),#262,.F.);
#4126=ADVANCED_FACE('',(#366),#3994,.F.);
#4127=ADVANCED_FACE('',(#367),#3995,.F.);
#4128=ADVANCED_FACE('',(#368),#3996,.F.);
#4129=ADVANCED_FACE('',(#369,#111,#112,#113),#263,.T.);
#4130=ADVANCED_FACE('',(#370),#264,.T.);
#4131=ADVANCED_FACE('',(#371,#114,#115,#116,#117,#118,#119,#120,#121),#265,
 .T.);
#4132=ADVANCED_FACE('',(#372),#3997,.F.);
#4133=ADVANCED_FACE('',(#373),#3998,.F.);
#4134=ADVANCED_FACE('',(#374),#3999,.F.);
#4135=ADVANCED_FACE('',(#375),#4000,.F.);
#4136=ADVANCED_FACE('',(#376),#4001,.F.);
#4137=ADVANCED_FACE('',(#377),#4002,.F.);
#4138=ADVANCED_FACE('',(#378),#4003,.F.);
#4139=ADVANCED_FACE('',(#379),#4004,.F.);
#4140=ADVANCED_FACE('',(#380),#266,.T.);
#4141=ADVANCED_FACE('',(#381,#122,#123,#124),#267,.T.);
#4142=ADVANCED_FACE('',(#382),#268,.T.);
#4143=ADVANCED_FACE('',(#383),#269,.T.);
#4144=ADVANCED_FACE('',(#384,#125,#126,#127,#128,#129,#130,#131,#132),#270,
 .F.);
#4145=ADVANCED_FACE('',(#385),#4005,.F.);
#4146=ADVANCED_FACE('',(#386),#4006,.F.);
#4147=ADVANCED_FACE('',(#387),#4007,.F.);
#4148=ADVANCED_FACE('',(#388),#271,.T.);
#4149=ADVANCED_FACE('',(#389),#4008,.F.);
#4150=ADVANCED_FACE('',(#390),#272,.T.);
#4151=ADVANCED_FACE('',(#391),#273,.T.);
#4152=ADVANCED_FACE('',(#392,#133,#134,#135,#136,#137,#138,#139,#140,#141,
#142),#274,.T.);
#4153=ADVANCED_FACE('',(#393),#4009,.F.);
#4154=ADVANCED_FACE('',(#394),#4010,.F.);
#4155=ADVANCED_FACE('',(#395),#4011,.F.);
#4156=ADVANCED_FACE('',(#396),#4012,.F.);
#4157=ADVANCED_FACE('',(#397),#4013,.F.);
#4158=ADVANCED_FACE('',(#398),#4014,.F.);
#4159=ADVANCED_FACE('',(#399),#4015,.F.);
#4160=ADVANCED_FACE('',(#400),#275,.T.);
#4161=ADVANCED_FACE('',(#401),#4016,.T.);
#4162=ADVANCED_FACE('',(#402),#276,.T.);
#4163=ADVANCED_FACE('',(#403),#277,.T.);
#4164=ADVANCED_FACE('',(#404,#143,#144,#145,#146,#147,#148,#149,#150,#151,
#152),#278,.F.);
#4165=ADVANCED_FACE('',(#405),#4017,.F.);
#4166=ADVANCED_FACE('',(#406),#4018,.F.);
#4167=ADVANCED_FACE('',(#407),#4019,.F.);
#4168=ADVANCED_FACE('',(#408),#279,.F.);
#4169=ADVANCED_FACE('',(#409),#4020,.F.);
#4170=ADVANCED_FACE('',(#410),#280,.F.);
#4171=ADVANCED_FACE('',(#411),#281,.F.);
#4172=ADVANCED_FACE('',(#412,#153,#154,#155,#156,#157,#158,#159,#160,#161,
#162),#282,.F.);
#4173=ADVANCED_FACE('',(#413),#4021,.F.);
#4174=ADVANCED_FACE('',(#414),#4022,.F.);
#4175=ADVANCED_FACE('',(#415),#4023,.F.);
#4176=ADVANCED_FACE('',(#416),#4024,.F.);
#4177=ADVANCED_FACE('',(#417),#4025,.F.);
#4178=ADVANCED_FACE('',(#418),#4026,.F.);
#4179=ADVANCED_FACE('',(#419),#4027,.F.);
#4180=ADVANCED_FACE('',(#420),#283,.F.);
#4181=ADVANCED_FACE('',(#421),#4028,.T.);
#4182=ADVANCED_FACE('',(#422),#284,.F.);
#4183=ADVANCED_FACE('',(#423),#285,.F.);
#4184=ADVANCED_FACE('',(#424,#163,#164,#165,#166,#167,#168,#169,#170,#171,
#172),#286,.T.);
#4185=ADVANCED_FACE('',(#425),#4029,.T.);
#4186=ADVANCED_FACE('',(#426),#4030,.T.);
#4187=ADVANCED_FACE('',(#427),#4031,.T.);
#4188=ADVANCED_FACE('',(#428),#4032,.T.);
#4189=ADVANCED_FACE('',(#429),#27,.F.);
#4190=ADVANCED_FACE('',(#430),#4033,.F.);
#4191=ADVANCED_FACE('',(#431),#287,.T.);
#4192=ADVANCED_FACE('',(#432),#288,.T.);
#4193=ADVANCED_FACE('',(#433,#173,#174,#175,#176),#289,.T.);
#4194=ADVANCED_FACE('',(#434,#177,#178,#179),#290,.T.);
#4195=ADVANCED_FACE('',(#435),#4034,.F.);
#4196=ADVANCED_FACE('',(#436),#4035,.F.);
#4197=ADVANCED_FACE('',(#437),#4036,.F.);
#4198=ADVANCED_FACE('',(#438),#4037,.F.);
#4199=ADVANCED_FACE('',(#439),#4038,.F.);
#4200=ADVANCED_FACE('',(#440),#4039,.F.);
#4201=ADVANCED_FACE('',(#441),#4040,.F.);
#4202=ADVANCED_FACE('',(#442),#4041,.F.);
#4203=ADVANCED_FACE('',(#443),#4042,.F.);
#4204=ADVANCED_FACE('',(#444),#4043,.F.);
#4205=ADVANCED_FACE('',(#445),#291,.T.);
#4206=ADVANCED_FACE('',(#446,#180),#4044,.F.);
#4207=ADVANCED_FACE('',(#447),#292,.T.);
#4208=ADVANCED_FACE('',(#448),#4045,.T.);
#4209=ADVANCED_FACE('',(#449),#293,.T.);
#4210=ADVANCED_FACE('',(#450),#4046,.F.);
#4211=ADVANCED_FACE('',(#451,#181),#294,.T.);
#4212=ADVANCED_FACE('',(#452,#182,#183),#295,.T.);
#4213=ADVANCED_FACE('',(#453),#296,.T.);
#4214=ADVANCED_FACE('',(#454),#4047,.T.);
#4215=ADVANCED_FACE('',(#455),#297,.T.);
#4216=ADVANCED_FACE('',(#456),#4048,.F.);
#4217=ADVANCED_FACE('',(#457),#4049,.F.);
#4218=ADVANCED_FACE('',(#458),#4050,.F.);
#4219=ADVANCED_FACE('',(#459,#184),#4051,.F.);
#4220=ADVANCED_FACE('',(#460,#185,#186),#298,.T.);
#4221=ADVANCED_FACE('',(#461),#299,.T.);
#4222=ADVANCED_FACE('',(#462),#300,.T.);
#4223=ADVANCED_FACE('',(#463,#187,#188),#301,.T.);
#4224=ADVANCED_FACE('',(#464),#4052,.T.);
#4225=ADVANCED_FACE('',(#465),#302,.T.);
#4226=ADVANCED_FACE('',(#466,#189),#4053,.F.);
#4227=ADVANCED_FACE('',(#467),#303,.T.);
#4228=ADVANCED_FACE('',(#468),#4054,.T.);
#4229=ADVANCED_FACE('',(#469),#304,.T.);
#4230=ADVANCED_FACE('',(#470),#305,.T.);
#4231=ADVANCED_FACE('',(#471),#306,.T.);
#4232=ADVANCED_FACE('',(#472,#190,#191),#307,.T.);
#4233=ADVANCED_FACE('',(#473,#192,#193,#194),#4055,.T.);
#4234=ADVANCED_FACE('',(#474,#195),#308,.T.);
#4235=ADVANCED_FACE('',(#475,#196,#197,#198,#199,#200,#201,#202),#309,.T.);
#4236=ADVANCED_FACE('',(#476,#203,#204,#205,#206,#207,#208,#209,#210,#211,
#212),#310,.F.);
#4237=ADVANCED_FACE('',(#477),#4056,.F.);
#4238=ADVANCED_FACE('',(#478),#4057,.F.);
#4239=ADVANCED_FACE('',(#479),#4058,.F.);
#4240=ADVANCED_FACE('',(#480),#4059,.F.);
#4241=ADVANCED_FACE('',(#481),#4060,.F.);
#4242=ADVANCED_FACE('',(#482),#4061,.F.);
#4243=ADVANCED_FACE('',(#483),#4062,.F.);
#4244=ADVANCED_FACE('',(#484),#311,.T.);
#4245=ADVANCED_FACE('',(#485),#4063,.T.);
#4246=ADVANCED_FACE('',(#486),#4064,.T.);
#4247=ADVANCED_FACE('',(#487),#4065,.T.);
#4248=ADVANCED_FACE('',(#488),#4066,.T.);
#4249=ADVANCED_FACE('',(#489),#28,.T.);
#4250=ADVANCED_FACE('',(#490),#4067,.F.);
#4251=ADVANCED_FACE('',(#491),#312,.F.);
#4252=ADVANCED_FACE('',(#492),#313,.F.);
#4253=ADVANCED_FACE('',(#493,#213,#214,#215,#216),#314,.F.);
#4254=ADVANCED_FACE('',(#494,#217,#218,#219),#315,.F.);
#4255=ADVANCED_FACE('',(#495),#4068,.F.);
#4256=ADVANCED_FACE('',(#496),#4069,.F.);
#4257=ADVANCED_FACE('',(#497),#4070,.F.);
#4258=ADVANCED_FACE('',(#498),#4071,.F.);
#4259=ADVANCED_FACE('',(#499),#4072,.F.);
#4260=ADVANCED_FACE('',(#500),#4073,.F.);
#4261=ADVANCED_FACE('',(#501),#4074,.F.);
#4262=ADVANCED_FACE('',(#502),#4075,.F.);
#4263=ADVANCED_FACE('',(#503),#4076,.F.);
#4264=ADVANCED_FACE('',(#504),#4077,.F.);
#4265=ADVANCED_FACE('',(#505),#316,.F.);
#4266=ADVANCED_FACE('',(#506,#220),#4078,.F.);
#4267=ADVANCED_FACE('',(#507),#317,.F.);
#4268=ADVANCED_FACE('',(#508),#4079,.T.);
#4269=ADVANCED_FACE('',(#509),#318,.F.);
#4270=ADVANCED_FACE('',(#510),#4080,.F.);
#4271=ADVANCED_FACE('',(#511,#221),#319,.F.);
#4272=ADVANCED_FACE('',(#512,#222,#223),#320,.F.);
#4273=ADVANCED_FACE('',(#513),#321,.F.);
#4274=ADVANCED_FACE('',(#514),#4081,.T.);
#4275=ADVANCED_FACE('',(#515),#322,.F.);
#4276=ADVANCED_FACE('',(#516),#4082,.F.);
#4277=ADVANCED_FACE('',(#517),#4083,.F.);
#4278=ADVANCED_FACE('',(#518),#4084,.F.);
#4279=ADVANCED_FACE('',(#519,#224),#4085,.F.);
#4280=ADVANCED_FACE('',(#520,#225,#226),#323,.F.);
#4281=ADVANCED_FACE('',(#521),#324,.F.);
#4282=ADVANCED_FACE('',(#522),#325,.F.);
#4283=ADVANCED_FACE('',(#523,#227,#228),#326,.F.);
#4284=ADVANCED_FACE('',(#524),#4086,.T.);
#4285=ADVANCED_FACE('',(#525),#327,.F.);
#4286=ADVANCED_FACE('',(#526,#229),#4087,.F.);
#4287=ADVANCED_FACE('',(#527),#328,.F.);
#4288=ADVANCED_FACE('',(#528),#4088,.T.);
#4289=ADVANCED_FACE('',(#529),#329,.F.);
#4290=ADVANCED_FACE('',(#530),#330,.F.);
#4291=ADVANCED_FACE('',(#531),#331,.F.);
#4292=ADVANCED_FACE('',(#532,#230,#231),#332,.F.);
#4293=ADVANCED_FACE('',(#533,#232,#233,#234),#4089,.T.);
#4294=ADVANCED_FACE('',(#534,#235),#333,.F.);
#4295=ADVANCED_FACE('',(#535,#236,#237,#238,#239,#240,#241,#242),#334,.F.);
#4296=ADVANCED_FACE('',(#536,#243,#244,#245,#246,#247,#248,#249,#250,#251,
#252),#335,.T.);
#4297=ADVANCED_FACE('',(#537),#4090,.F.);
#4298=ADVANCED_FACE('',(#538),#4091,.F.);
#4299=ADVANCED_FACE('',(#539),#4092,.F.);
#4300=ADVANCED_FACE('',(#540),#4093,.F.);
#4301=ADVANCED_FACE('',(#541),#4094,.F.);
#4302=ADVANCED_FACE('',(#542),#4095,.F.);
#4303=ADVANCED_FACE('',(#543),#4096,.F.);
#4304=ADVANCED_FACE('',(#544),#336,.F.);
#4305=CLOSED_SHELL('',(#4097,#4098,#4099,#4100,#4101,#4102,#4103,#4104,
#4105,#4106,#4107,#4108,#4109,#4110,#4111,#4112,#4113,#4114,#4115,#4116,
#4117,#4118,#4119,#4120,#4121,#4122,#4123,#4124,#4125));
#4306=CLOSED_SHELL('',(#4126,#4127,#4128,#4129,#4130,#4131,#4132,#4133,
#4134,#4135,#4136,#4137,#4138,#4139,#4140,#4141,#4142,#4143,#4144));
#4307=CLOSED_SHELL('',(#4145,#4146,#4147,#4148,#4149,#4150,#4151,#4152,
#4153,#4154,#4155,#4156,#4157,#4158,#4159,#4160,#4161,#4162,#4163,#4164));
#4308=CLOSED_SHELL('',(#4165,#4166,#4167,#4168,#4169,#4170,#4171,#4172,
#4173,#4174,#4175,#4176,#4177,#4178,#4179,#4180,#4181,#4182,#4183,#4184));
#4309=CLOSED_SHELL('',(#4185,#4186,#4187,#4188,#4189,#4190,#4191,#4192,
#4193,#4194,#4195,#4196,#4197,#4198,#4199,#4200,#4201,#4202,#4203,#4204,
#4205,#4206,#4207,#4208,#4209,#4210,#4211,#4212,#4213,#4214,#4215,#4216,
#4217,#4218,#4219,#4220,#4221,#4222,#4223,#4224,#4225,#4226,#4227,#4228,
#4229,#4230,#4231,#4232,#4233,#4234,#4235,#4236,#4237,#4238,#4239,#4240,
#4241,#4242,#4243,#4244));
#4310=CLOSED_SHELL('',(#4245,#4246,#4247,#4248,#4249,#4250,#4251,#4252,
#4253,#4254,#4255,#4256,#4257,#4258,#4259,#4260,#4261,#4262,#4263,#4264,
#4265,#4266,#4267,#4268,#4269,#4270,#4271,#4272,#4273,#4274,#4275,#4276,
#4277,#4278,#4279,#4280,#4281,#4282,#4283,#4284,#4285,#4286,#4287,#4288,
#4289,#4290,#4291,#4292,#4293,#4294,#4295,#4296,#4297,#4298,#4299,#4300,
#4301,#4302,#4303,#4304));
#4311=DERIVED_UNIT_ELEMENT(#4317,1.);
#4312=DERIVED_UNIT_ELEMENT(#7712,-3.);
#4313=DERIVED_UNIT_ELEMENT(#4317,1.);
#4314=DERIVED_UNIT_ELEMENT(#7712,-3.);
#4315=DERIVED_UNIT_ELEMENT(#4317,1.);
#4316=DERIVED_UNIT_ELEMENT(#7712,-3.);
#4317=(
MASS_UNIT()
NAMED_UNIT(*)
SI_UNIT(.KILO.,.GRAM.)
);
#4318=DERIVED_UNIT((#4311,#4312));
#4319=DERIVED_UNIT((#4313,#4314));
#4320=DERIVED_UNIT((#4315,#4316));
#4321=MEASURE_REPRESENTATION_ITEM('density measure',
POSITIVE_RATIO_MEASURE(7850.),#4318);
#4322=MEASURE_REPRESENTATION_ITEM('density measure',
POSITIVE_RATIO_MEASURE(7850.),#4319);
#4323=MEASURE_REPRESENTATION_ITEM('density measure',
POSITIVE_RATIO_MEASURE(7850.),#4320);
#4324=PROPERTY_DEFINITION_REPRESENTATION(#4339,#4330);
#4325=PROPERTY_DEFINITION_REPRESENTATION(#4340,#4331);
#4326=PROPERTY_DEFINITION_REPRESENTATION(#4341,#4332);
#4327=PROPERTY_DEFINITION_REPRESENTATION(#4342,#4333);
#4328=PROPERTY_DEFINITION_REPRESENTATION(#4343,#4334);
#4329=PROPERTY_DEFINITION_REPRESENTATION(#4344,#4335);
#4330=REPRESENTATION('material name',(#4336),#7706);
#4331=REPRESENTATION('density',(#4321),#7706);
#4332=REPRESENTATION('material name',(#4337),#7708);
#4333=REPRESENTATION('density',(#4322),#7708);
#4334=REPRESENTATION('material name',(#4338),#7709);
#4335=REPRESENTATION('density',(#4323),#7709);
#4336=DESCRIPTIVE_REPRESENTATION_ITEM('Steel','Steel');
#4337=DESCRIPTIVE_REPRESENTATION_ITEM('Steel','Steel');
#4338=DESCRIPTIVE_REPRESENTATION_ITEM('Steel','Steel');
#4339=PROPERTY_DEFINITION('material property','material name',#7736);
#4340=PROPERTY_DEFINITION('material property','density of part',#7736);
#4341=PROPERTY_DEFINITION('material property','material name',#7738);
#4342=PROPERTY_DEFINITION('material property','density of part',#7738);
#4343=PROPERTY_DEFINITION('material property','material name',#7739);
#4344=PROPERTY_DEFINITION('material property','density of part',#7739);
#4345=AXIS2_PLACEMENT_3D('',#6014,#4792,#4793);
#4346=AXIS2_PLACEMENT_3D('',#6015,#4794,#4795);
#4347=AXIS2_PLACEMENT_3D('',#6016,#4796,#4797);
#4348=AXIS2_PLACEMENT_3D('',#6018,#4798,#4799);
#4349=AXIS2_PLACEMENT_3D('',#6021,#4801,#4802);
#4350=AXIS2_PLACEMENT_3D('',#6022,#4803,#4804);
#4351=AXIS2_PLACEMENT_3D('',#6024,#4805,#4806);
#4352=AXIS2_PLACEMENT_3D('',#6027,#4808,#4809);
#4353=AXIS2_PLACEMENT_3D('',#6028,#4810,#4811);
#4354=AXIS2_PLACEMENT_3D('',#6030,#4812,#4813);
#4355=AXIS2_PLACEMENT_3D('',#6033,#4815,#4816);
#4356=AXIS2_PLACEMENT_3D('',#6034,#4817,#4818);
#4357=AXIS2_PLACEMENT_3D('',#6043,#4823,#4824);
#4358=AXIS2_PLACEMENT_3D('',#6049,#4828,#4829);
#4359=AXIS2_PLACEMENT_3D('',#6056,#4833,#4834);
#4360=AXIS2_PLACEMENT_3D('',#6058,#4835,#4836);
#4361=AXIS2_PLACEMENT_3D('',#6060,#4837,#4838);
#4362=AXIS2_PLACEMENT_3D('',#6062,#4839,#4840);
#4363=AXIS2_PLACEMENT_3D('',#6064,#4841,#4842);
#4364=AXIS2_PLACEMENT_3D('',#6066,#4843,#4844);
#4365=AXIS2_PLACEMENT_3D('',#6068,#4845,#4846);
#4366=AXIS2_PLACEMENT_3D('',#6070,#4847,#4848);
#4367=AXIS2_PLACEMENT_3D('',#6072,#4849,#4850);
#4368=AXIS2_PLACEMENT_3D('',#6074,#4851,#4852);
#4369=AXIS2_PLACEMENT_3D('',#6077,#4853,#4854);
#4370=AXIS2_PLACEMENT_3D('',#6081,#4856,#4857);
#4371=AXIS2_PLACEMENT_3D('',#6084,#4859,#4860);
#4372=AXIS2_PLACEMENT_3D('',#6086,#4861,#4862);
#4373=AXIS2_PLACEMENT_3D('',#6088,#4863,#4864);
#4374=AXIS2_PLACEMENT_3D('',#6090,#4865,#4866);
#4375=AXIS2_PLACEMENT_3D('',#6091,#4867,#4868);
#4376=AXIS2_PLACEMENT_3D('',#6093,#4869,#4870);
#4377=AXIS2_PLACEMENT_3D('',#6095,#4872,#4873);
#4378=AXIS2_PLACEMENT_3D('',#6097,#4874,#4875);
#4379=AXIS2_PLACEMENT_3D('',#6099,#4877,#4878);
#4380=AXIS2_PLACEMENT_3D('',#6101,#4879,#4880);
#4381=AXIS2_PLACEMENT_3D('',#6103,#4882,#4883);
#4382=AXIS2_PLACEMENT_3D('',#6105,#4884,#4885);
#4383=AXIS2_PLACEMENT_3D('',#6107,#4887,#4888);
#4384=AXIS2_PLACEMENT_3D('',#6109,#4889,#4890);
#4385=AXIS2_PLACEMENT_3D('',#6111,#4892,#4893);
#4386=AXIS2_PLACEMENT_3D('',#6113,#4894,#4895);
#4387=AXIS2_PLACEMENT_3D('',#6115,#4897,#4898);
#4388=AXIS2_PLACEMENT_3D('',#6117,#4899,#4900);
#4389=AXIS2_PLACEMENT_3D('',#6119,#4902,#4903);
#4390=AXIS2_PLACEMENT_3D('',#6121,#4904,#4905);
#4391=AXIS2_PLACEMENT_3D('',#6123,#4907,#4908);
#4392=AXIS2_PLACEMENT_3D('',#6125,#4909,#4910);
#4393=AXIS2_PLACEMENT_3D('',#6127,#4912,#4913);
#4394=AXIS2_PLACEMENT_3D('',#6129,#4914,#4915);
#4395=AXIS2_PLACEMENT_3D('',#6131,#4917,#4918);
#4396=AXIS2_PLACEMENT_3D('',#6137,#4922,#4923);
#4397=AXIS2_PLACEMENT_3D('',#6139,#4924,#4925);
#4398=AXIS2_PLACEMENT_3D('',#6141,#4927,#4928);
#4399=AXIS2_PLACEMENT_3D('',#6145,#4931,#4932);
#4400=AXIS2_PLACEMENT_3D('',#6146,#4933,#4934);
#4401=AXIS2_PLACEMENT_3D('',#6147,#4935,#4936);
#4402=AXIS2_PLACEMENT_3D('',#6149,#4937,#4938);
#4403=AXIS2_PLACEMENT_3D('',#6151,#4940,#4941);
#4404=AXIS2_PLACEMENT_3D('',#6153,#4942,#4943);
#4405=AXIS2_PLACEMENT_3D('',#6155,#4945,#4946);
#4406=AXIS2_PLACEMENT_3D('',#6157,#4947,#4948);
#4407=AXIS2_PLACEMENT_3D('',#6159,#4950,#4951);
#4408=AXIS2_PLACEMENT_3D('',#6161,#4952,#4953);
#4409=AXIS2_PLACEMENT_3D('',#6163,#4955,#4956);
#4410=AXIS2_PLACEMENT_3D('',#6169,#4960,#4961);
#4411=AXIS2_PLACEMENT_3D('',#6173,#4964,#4965);
#4412=AXIS2_PLACEMENT_3D('',#6177,#4968,#4969);
#4413=AXIS2_PLACEMENT_3D('',#6179,#4971,#4972);
#4414=AXIS2_PLACEMENT_3D('',#6180,#4973,#4974);
#4415=AXIS2_PLACEMENT_3D('',#6182,#4975,#4976);
#4416=AXIS2_PLACEMENT_3D('',#6185,#4978,#4979);
#4417=AXIS2_PLACEMENT_3D('',#6186,#4980,#4981);
#4418=AXIS2_PLACEMENT_3D('',#6188,#4982,#4983);
#4419=AXIS2_PLACEMENT_3D('',#6191,#4985,#4986);
#4420=AXIS2_PLACEMENT_3D('',#6192,#4987,#4988);
#4421=AXIS2_PLACEMENT_3D('',#6194,#4989,#4990);
#4422=AXIS2_PLACEMENT_3D('',#6197,#4992,#4993);
#4423=AXIS2_PLACEMENT_3D('',#6198,#4994,#4995);
#4424=AXIS2_PLACEMENT_3D('',#6207,#5000,#5001);
#4425=AXIS2_PLACEMENT_3D('',#6213,#5005,#5006);
#4426=AXIS2_PLACEMENT_3D('',#6220,#5010,#5011);
#4427=AXIS2_PLACEMENT_3D('',#6222,#5012,#5013);
#4428=AXIS2_PLACEMENT_3D('',#6224,#5014,#5015);
#4429=AXIS2_PLACEMENT_3D('',#6226,#5016,#5017);
#4430=AXIS2_PLACEMENT_3D('',#6228,#5018,#5019);
#4431=AXIS2_PLACEMENT_3D('',#6230,#5020,#5021);
#4432=AXIS2_PLACEMENT_3D('',#6232,#5022,#5023);
#4433=AXIS2_PLACEMENT_3D('',#6234,#5024,#5025);
#4434=AXIS2_PLACEMENT_3D('',#6235,#5026,#5027);
#4435=AXIS2_PLACEMENT_3D('',#6237,#5028,#5029);
#4436=AXIS2_PLACEMENT_3D('',#6239,#5031,#5032);
#4437=AXIS2_PLACEMENT_3D('',#6241,#5033,#5034);
#4438=AXIS2_PLACEMENT_3D('',#6243,#5036,#5037);
#4439=AXIS2_PLACEMENT_3D('',#6245,#5038,#5039);
#4440=AXIS2_PLACEMENT_3D('',#6247,#5041,#5042);
#4441=AXIS2_PLACEMENT_3D('',#6249,#5043,#5044);
#4442=AXIS2_PLACEMENT_3D('',#6251,#5046,#5047);
#4443=AXIS2_PLACEMENT_3D('',#6253,#5048,#5049);
#4444=AXIS2_PLACEMENT_3D('',#6255,#5051,#5052);
#4445=AXIS2_PLACEMENT_3D('',#6257,#5053,#5054);
#4446=AXIS2_PLACEMENT_3D('',#6259,#5056,#5057);
#4447=AXIS2_PLACEMENT_3D('',#6261,#5058,#5059);
#4448=AXIS2_PLACEMENT_3D('',#6263,#5061,#5062);
#4449=AXIS2_PLACEMENT_3D('',#6265,#5063,#5064);
#4450=AXIS2_PLACEMENT_3D('',#6267,#5066,#5067);
#4451=AXIS2_PLACEMENT_3D('',#6273,#5071,#5072);
#4452=AXIS2_PLACEMENT_3D('',#6277,#5075,#5076);
#4453=AXIS2_PLACEMENT_3D('',#6281,#5079,#5080);
#4454=AXIS2_PLACEMENT_3D('',#6283,#5082,#5083);
#4455=AXIS2_PLACEMENT_3D('',#6284,#5084,#5085);
#4456=AXIS2_PLACEMENT_3D('',#6285,#5086,#5087);
#4457=AXIS2_PLACEMENT_3D('',#6287,#5088,#5089);
#4458=AXIS2_PLACEMENT_3D('',#6290,#5091,#5092);
#4459=AXIS2_PLACEMENT_3D('',#6291,#5093,#5094);
#4460=AXIS2_PLACEMENT_3D('',#6293,#5095,#5096);
#4461=AXIS2_PLACEMENT_3D('',#6296,#5098,#5099);
#4462=AXIS2_PLACEMENT_3D('',#6297,#5100,#5101);
#4463=AXIS2_PLACEMENT_3D('',#6299,#5102,#5103);
#4464=AXIS2_PLACEMENT_3D('',#6302,#5105,#5106);
#4465=AXIS2_PLACEMENT_3D('',#6303,#5107,#5108);
#4466=AXIS2_PLACEMENT_3D('',#6312,#5113,#5114);
#4467=AXIS2_PLACEMENT_3D('',#6314,#5115,#5116);
#4468=AXIS2_PLACEMENT_3D('',#6316,#5117,#5118);
#4469=AXIS2_PLACEMENT_3D('',#6318,#5120,#5121);
#4470=AXIS2_PLACEMENT_3D('',#6324,#5125,#5126);
#4471=AXIS2_PLACEMENT_3D('',#6330,#5129,#5130);
#4472=AXIS2_PLACEMENT_3D('',#6334,#5133,#5134);
#4473=AXIS2_PLACEMENT_3D('',#6337,#5136,#5137);
#4474=AXIS2_PLACEMENT_3D('',#6339,#5138,#5139);
#4475=AXIS2_PLACEMENT_3D('',#6341,#5140,#5141);
#4476=AXIS2_PLACEMENT_3D('',#6343,#5142,#5143);
#4477=AXIS2_PLACEMENT_3D('',#6345,#5144,#5145);
#4478=AXIS2_PLACEMENT_3D('',#6347,#5146,#5147);
#4479=AXIS2_PLACEMENT_3D('',#6349,#5148,#5149);
#4480=AXIS2_PLACEMENT_3D('',#6350,#5150,#5151);
#4481=AXIS2_PLACEMENT_3D('',#6353,#5153,#5154);
#4482=AXIS2_PLACEMENT_3D('',#6354,#5155,#5156);
#4483=AXIS2_PLACEMENT_3D('',#6357,#5158,#5159);
#4484=AXIS2_PLACEMENT_3D('',#6358,#5160,#5161);
#4485=AXIS2_PLACEMENT_3D('',#6361,#5163,#5164);
#4486=AXIS2_PLACEMENT_3D('',#6362,#5165,#5166);
#4487=AXIS2_PLACEMENT_3D('',#6365,#5168,#5169);
#4488=AXIS2_PLACEMENT_3D('',#6366,#5170,#5171);
#4489=AXIS2_PLACEMENT_3D('',#6369,#5173,#5174);
#4490=AXIS2_PLACEMENT_3D('',#6370,#5175,#5176);
#4491=AXIS2_PLACEMENT_3D('',#6373,#5178,#5179);
#4492=AXIS2_PLACEMENT_3D('',#6374,#5180,#5181);
#4493=AXIS2_PLACEMENT_3D('',#6377,#5183,#5184);
#4494=AXIS2_PLACEMENT_3D('',#6378,#5185,#5186);
#4495=AXIS2_PLACEMENT_3D('',#6384,#5190,#5191);
#4496=AXIS2_PLACEMENT_3D('',#6386,#5192,#5193);
#4497=AXIS2_PLACEMENT_3D('',#6388,#5195,#5196);
#4498=AXIS2_PLACEMENT_3D('',#6392,#5199,#5200);
#4499=AXIS2_PLACEMENT_3D('',#6394,#5202,#5203);
#4500=AXIS2_PLACEMENT_3D('',#6395,#5204,#5205);
#4501=AXIS2_PLACEMENT_3D('',#6397,#5206,#5207);
#4502=AXIS2_PLACEMENT_3D('',#6400,#5209,#5210);
#4503=AXIS2_PLACEMENT_3D('',#6401,#5211,#5212);
#4504=AXIS2_PLACEMENT_3D('',#6403,#5213,#5214);
#4505=AXIS2_PLACEMENT_3D('',#6406,#5216,#5217);
#4506=AXIS2_PLACEMENT_3D('',#6407,#5218,#5219);
#4507=AXIS2_PLACEMENT_3D('',#6409,#5220,#5221);
#4508=AXIS2_PLACEMENT_3D('',#6412,#5223,#5224);
#4509=AXIS2_PLACEMENT_3D('',#6413,#5225,#5226);
#4510=AXIS2_PLACEMENT_3D('',#6422,#5231,#5232);
#4511=AXIS2_PLACEMENT_3D('',#6424,#5233,#5234);
#4512=AXIS2_PLACEMENT_3D('',#6427,#5236,#5237);
#4513=AXIS2_PLACEMENT_3D('',#6428,#5238,#5239);
#4514=AXIS2_PLACEMENT_3D('',#6434,#5243,#5244);
#4515=AXIS2_PLACEMENT_3D('',#6440,#5247,#5248);
#4516=AXIS2_PLACEMENT_3D('',#6444,#5251,#5252);
#4517=AXIS2_PLACEMENT_3D('',#6447,#5254,#5255);
#4518=AXIS2_PLACEMENT_3D('',#6449,#5256,#5257);
#4519=AXIS2_PLACEMENT_3D('',#6451,#5258,#5259);
#4520=AXIS2_PLACEMENT_3D('',#6453,#5260,#5261);
#4521=AXIS2_PLACEMENT_3D('',#6455,#5262,#5263);
#4522=AXIS2_PLACEMENT_3D('',#6457,#5264,#5265);
#4523=AXIS2_PLACEMENT_3D('',#6459,#5266,#5267);
#4524=AXIS2_PLACEMENT_3D('',#6460,#5268,#5269);
#4525=AXIS2_PLACEMENT_3D('',#6463,#5271,#5272);
#4526=AXIS2_PLACEMENT_3D('',#6464,#5273,#5274);
#4527=AXIS2_PLACEMENT_3D('',#6467,#5276,#5277);
#4528=AXIS2_PLACEMENT_3D('',#6468,#5278,#5279);
#4529=AXIS2_PLACEMENT_3D('',#6471,#5281,#5282);
#4530=AXIS2_PLACEMENT_3D('',#6472,#5283,#5284);
#4531=AXIS2_PLACEMENT_3D('',#6475,#5286,#5287);
#4532=AXIS2_PLACEMENT_3D('',#6476,#5288,#5289);
#4533=AXIS2_PLACEMENT_3D('',#6479,#5291,#5292);
#4534=AXIS2_PLACEMENT_3D('',#6480,#5293,#5294);
#4535=AXIS2_PLACEMENT_3D('',#6483,#5296,#5297);
#4536=AXIS2_PLACEMENT_3D('',#6484,#5298,#5299);
#4537=AXIS2_PLACEMENT_3D('',#6487,#5301,#5302);
#4538=AXIS2_PLACEMENT_3D('',#6488,#5303,#5304);
#4539=AXIS2_PLACEMENT_3D('',#6494,#5308,#5309);
#4540=AXIS2_PLACEMENT_3D('',#6496,#5310,#5311);
#4541=AXIS2_PLACEMENT_3D('',#6498,#5313,#5314);
#4542=AXIS2_PLACEMENT_3D('',#6502,#5317,#5318);
#4543=AXIS2_PLACEMENT_3D('',#6504,#5320,#5321);
#4544=AXIS2_PLACEMENT_3D('',#6505,#5322,#5323);
#4545=AXIS2_PLACEMENT_3D('',#6506,#5324,#5325);
#4546=AXIS2_PLACEMENT_3D('',#6509,#5326,#5327);
#4547=AXIS2_PLACEMENT_3D('',#6513,#5329,#5330);
#4548=AXIS2_PLACEMENT_3D('',#6515,#5332,#5333);
#4549=AXIS2_PLACEMENT_3D('',#6535,#5336,#5337);
#4550=AXIS2_PLACEMENT_3D('',#6536,#5338,#5339);
#4551=AXIS2_PLACEMENT_3D('',#6539,#5340,#5341);
#4552=AXIS2_PLACEMENT_3D('',#6543,#5343,#5344);
#4553=AXIS2_PLACEMENT_3D('',#6545,#5346,#5347);
#4554=AXIS2_PLACEMENT_3D('',#6562,#5348,#5349);
#4555=AXIS2_PLACEMENT_3D('',#6581,#5352,#5353);
#4556=AXIS2_PLACEMENT_3D('',#6582,#5354,#5355);
#4557=AXIS2_PLACEMENT_3D('',#6583,#5356,#5357);
#4558=AXIS2_PLACEMENT_3D('',#6585,#5358,#5359);
#4559=AXIS2_PLACEMENT_3D('',#6589,#5361,#5362);
#4560=AXIS2_PLACEMENT_3D('',#6592,#5364,#5365);
#4561=AXIS2_PLACEMENT_3D('',#6593,#5366,#5367);
#4562=AXIS2_PLACEMENT_3D('',#6595,#5369,#5370);
#4563=AXIS2_PLACEMENT_3D('',#6597,#5372,#5373);
#4564=AXIS2_PLACEMENT_3D('',#6609,#5380,#5381);
#4565=AXIS2_PLACEMENT_3D('',#6611,#5382,#5383);
#4566=AXIS2_PLACEMENT_3D('',#6613,#5384,#5385);
#4567=AXIS2_PLACEMENT_3D('',#6615,#5386,#5387);
#4568=AXIS2_PLACEMENT_3D('',#6616,#5388,#5389);
#4569=AXIS2_PLACEMENT_3D('',#6626,#5394,#5395);
#4570=AXIS2_PLACEMENT_3D('',#6630,#5397,#5398);
#4571=AXIS2_PLACEMENT_3D('',#6634,#5400,#5401);
#4572=AXIS2_PLACEMENT_3D('',#6638,#5403,#5404);
#4573=AXIS2_PLACEMENT_3D('',#6642,#5406,#5407);
#4574=AXIS2_PLACEMENT_3D('',#6646,#5409,#5410);
#4575=AXIS2_PLACEMENT_3D('',#6650,#5412,#5413);
#4576=AXIS2_PLACEMENT_3D('',#6657,#5417,#5418);
#4577=AXIS2_PLACEMENT_3D('',#6664,#5422,#5423);
#4578=AXIS2_PLACEMENT_3D('',#6666,#5424,#5425);
#4579=AXIS2_PLACEMENT_3D('',#6668,#5426,#5427);
#4580=AXIS2_PLACEMENT_3D('',#6669,#5428,#5429);
#4581=AXIS2_PLACEMENT_3D('',#6671,#5430,#5431);
#4582=AXIS2_PLACEMENT_3D('',#6674,#5433,#5434);
#4583=AXIS2_PLACEMENT_3D('',#6675,#5435,#5436);
#4584=AXIS2_PLACEMENT_3D('',#6753,#5438,#5439);
#4585=AXIS2_PLACEMENT_3D('',#6831,#5441,#5442);
#4586=AXIS2_PLACEMENT_3D('',#6909,#5444,#5445);
#4587=AXIS2_PLACEMENT_3D('',#6911,#5446,#5447);
#4588=AXIS2_PLACEMENT_3D('',#6914,#5449,#5450);
#4589=AXIS2_PLACEMENT_3D('',#6915,#5451,#5452);
#4590=AXIS2_PLACEMENT_3D('',#6917,#5453,#5454);
#4591=AXIS2_PLACEMENT_3D('',#6920,#5456,#5457);
#4592=AXIS2_PLACEMENT_3D('',#6921,#5458,#5459);
#4593=AXIS2_PLACEMENT_3D('',#6924,#5461,#5462);
#4594=AXIS2_PLACEMENT_3D('',#6925,#5463,#5464);
#4595=AXIS2_PLACEMENT_3D('',#6928,#5466,#5467);
#4596=AXIS2_PLACEMENT_3D('',#6929,#5468,#5469);
#4597=AXIS2_PLACEMENT_3D('',#6932,#5471,#5472);
#4598=AXIS2_PLACEMENT_3D('',#6933,#5473,#5474);
#4599=AXIS2_PLACEMENT_3D('',#6936,#5476,#5477);
#4600=AXIS2_PLACEMENT_3D('',#6937,#5478,#5479);
#4601=AXIS2_PLACEMENT_3D('',#6943,#5483,#5484);
#4602=AXIS2_PLACEMENT_3D('',#6945,#5485,#5486);
#4603=AXIS2_PLACEMENT_3D('',#6947,#5488,#5489);
#4604=AXIS2_PLACEMENT_3D('',#6951,#5492,#5493);
#4605=AXIS2_PLACEMENT_3D('',#6953,#5494,#5495);
#4606=AXIS2_PLACEMENT_3D('',#6955,#5497,#5498);
#4607=AXIS2_PLACEMENT_3D('',#6959,#5501,#5502);
#4608=AXIS2_PLACEMENT_3D('',#6961,#5503,#5504);
#4609=AXIS2_PLACEMENT_3D('',#6963,#5506,#5507);
#4610=AXIS2_PLACEMENT_3D('',#6967,#5510,#5511);
#4611=AXIS2_PLACEMENT_3D('',#6971,#5514,#5515);
#4612=AXIS2_PLACEMENT_3D('',#6975,#5518,#5519);
#4613=AXIS2_PLACEMENT_3D('',#6977,#5520,#5521);
#4614=AXIS2_PLACEMENT_3D('',#6979,#5523,#5524);
#4615=AXIS2_PLACEMENT_3D('',#6983,#5527,#5528);
#4616=AXIS2_PLACEMENT_3D('',#6986,#5530,#5531);
#4617=AXIS2_PLACEMENT_3D('',#6987,#5532,#5533);
#4618=AXIS2_PLACEMENT_3D('',#6990,#5535,#5536);
#4619=AXIS2_PLACEMENT_3D('',#6991,#5537,#5538);
#4620=AXIS2_PLACEMENT_3D('',#6994,#5540,#5541);
#4621=AXIS2_PLACEMENT_3D('',#6995,#5542,#5543);
#4622=AXIS2_PLACEMENT_3D('',#6998,#5544,#5545);
#4623=AXIS2_PLACEMENT_3D('',#7001,#5548,#5549);
#4624=AXIS2_PLACEMENT_3D('',#7005,#5552,#5553);
#4625=AXIS2_PLACEMENT_3D('',#7009,#5556,#5557);
#4626=AXIS2_PLACEMENT_3D('',#7013,#5560,#5561);
#4627=AXIS2_PLACEMENT_3D('',#7015,#5563,#5564);
#4628=AXIS2_PLACEMENT_3D('',#7017,#5565,#5566);
#4629=AXIS2_PLACEMENT_3D('',#7019,#5568,#5569);
#4630=AXIS2_PLACEMENT_3D('',#7023,#5572,#5573);
#4631=AXIS2_PLACEMENT_3D('',#7025,#5574,#5575);
#4632=AXIS2_PLACEMENT_3D('',#7027,#5577,#5578);
#4633=AXIS2_PLACEMENT_3D('',#7031,#5581,#5582);
#4634=AXIS2_PLACEMENT_3D('',#7033,#5583,#5584);
#4635=AXIS2_PLACEMENT_3D('',#7035,#5586,#5587);
#4636=AXIS2_PLACEMENT_3D('',#7037,#5589,#5590);
#4637=AXIS2_PLACEMENT_3D('',#7041,#5593,#5594);
#4638=AXIS2_PLACEMENT_3D('',#7045,#5597,#5598);
#4639=AXIS2_PLACEMENT_3D('',#7049,#5601,#5602);
#4640=AXIS2_PLACEMENT_3D('',#7051,#5603,#5604);
#4641=AXIS2_PLACEMENT_3D('',#7053,#5606,#5607);
#4642=AXIS2_PLACEMENT_3D('',#7055,#5609,#5610);
#4643=AXIS2_PLACEMENT_3D('',#7057,#5611,#5612);
#4644=AXIS2_PLACEMENT_3D('',#7059,#5613,#5614);
#4645=AXIS2_PLACEMENT_3D('',#7061,#5615,#5616);
#4646=AXIS2_PLACEMENT_3D('',#7063,#5617,#5618);
#4647=AXIS2_PLACEMENT_3D('',#7065,#5619,#5620);
#4648=AXIS2_PLACEMENT_3D('',#7067,#5621,#5622);
#4649=AXIS2_PLACEMENT_3D('',#7069,#5623,#5624);
#4650=AXIS2_PLACEMENT_3D('',#7070,#5625,#5626);
#4651=AXIS2_PLACEMENT_3D('',#7072,#5627,#5628);
#4652=AXIS2_PLACEMENT_3D('',#7074,#5629,#5630);
#4653=AXIS2_PLACEMENT_3D('',#7076,#5631,#5632);
#4654=AXIS2_PLACEMENT_3D('',#7078,#5633,#5634);
#4655=AXIS2_PLACEMENT_3D('',#7080,#5635,#5636);
#4656=AXIS2_PLACEMENT_3D('',#7082,#5637,#5638);
#4657=AXIS2_PLACEMENT_3D('',#7084,#5639,#5640);
#4658=AXIS2_PLACEMENT_3D('',#7085,#5641,#5642);
#4659=AXIS2_PLACEMENT_3D('',#7087,#5644,#5645);
#4660=AXIS2_PLACEMENT_3D('',#7089,#5647,#5648);
#4661=AXIS2_PLACEMENT_3D('',#7091,#5650,#5651);
#4662=AXIS2_PLACEMENT_3D('',#7093,#5653,#5654);
#4663=AXIS2_PLACEMENT_3D('',#7095,#5656,#5657);
#4664=AXIS2_PLACEMENT_3D('',#7097,#5659,#5660);
#4665=AXIS2_PLACEMENT_3D('',#7099,#5662,#5663);
#4666=AXIS2_PLACEMENT_3D('',#7100,#5664,#5665);
#4667=AXIS2_PLACEMENT_3D('',#7103,#5666,#5667);
#4668=AXIS2_PLACEMENT_3D('',#7107,#5669,#5670);
#4669=AXIS2_PLACEMENT_3D('',#7109,#5672,#5673);
#4670=AXIS2_PLACEMENT_3D('',#7126,#5674,#5675);
#4671=AXIS2_PLACEMENT_3D('',#7130,#5678,#5679);
#4672=AXIS2_PLACEMENT_3D('',#7133,#5680,#5681);
#4673=AXIS2_PLACEMENT_3D('',#7137,#5683,#5684);
#4674=AXIS2_PLACEMENT_3D('',#7139,#5686,#5687);
#4675=AXIS2_PLACEMENT_3D('',#7159,#5690,#5691);
#4676=AXIS2_PLACEMENT_3D('',#7175,#5692,#5693);
#4677=AXIS2_PLACEMENT_3D('',#7176,#5694,#5695);
#4678=AXIS2_PLACEMENT_3D('',#7177,#5696,#5697);
#4679=AXIS2_PLACEMENT_3D('',#7179,#5698,#5699);
#4680=AXIS2_PLACEMENT_3D('',#7183,#5701,#5702);
#4681=AXIS2_PLACEMENT_3D('',#7186,#5704,#5705);
#4682=AXIS2_PLACEMENT_3D('',#7187,#5706,#5707);
#4683=AXIS2_PLACEMENT_3D('',#7189,#5709,#5710);
#4684=AXIS2_PLACEMENT_3D('',#7191,#5712,#5713);
#4685=AXIS2_PLACEMENT_3D('',#7203,#5720,#5721);
#4686=AXIS2_PLACEMENT_3D('',#7205,#5722,#5723);
#4687=AXIS2_PLACEMENT_3D('',#7207,#5724,#5725);
#4688=AXIS2_PLACEMENT_3D('',#7209,#5726,#5727);
#4689=AXIS2_PLACEMENT_3D('',#7210,#5728,#5729);
#4690=AXIS2_PLACEMENT_3D('',#7218,#5733,#5734);
#4691=AXIS2_PLACEMENT_3D('',#7225,#5738,#5739);
#4692=AXIS2_PLACEMENT_3D('',#7229,#5741,#5742);
#4693=AXIS2_PLACEMENT_3D('',#7233,#5744,#5745);
#4694=AXIS2_PLACEMENT_3D('',#7237,#5747,#5748);
#4695=AXIS2_PLACEMENT_3D('',#7241,#5750,#5751);
#4696=AXIS2_PLACEMENT_3D('',#7245,#5753,#5754);
#4697=AXIS2_PLACEMENT_3D('',#7249,#5756,#5757);
#4698=AXIS2_PLACEMENT_3D('',#7258,#5762,#5763);
#4699=AXIS2_PLACEMENT_3D('',#7260,#5764,#5765);
#4700=AXIS2_PLACEMENT_3D('',#7262,#5766,#5767);
#4701=AXIS2_PLACEMENT_3D('',#7263,#5768,#5769);
#4702=AXIS2_PLACEMENT_3D('',#7265,#5770,#5771);
#4703=AXIS2_PLACEMENT_3D('',#7268,#5773,#5774);
#4704=AXIS2_PLACEMENT_3D('',#7269,#5775,#5776);
#4705=AXIS2_PLACEMENT_3D('',#7347,#5778,#5779);
#4706=AXIS2_PLACEMENT_3D('',#7425,#5781,#5782);
#4707=AXIS2_PLACEMENT_3D('',#7503,#5784,#5785);
#4708=AXIS2_PLACEMENT_3D('',#7505,#5786,#5787);
#4709=AXIS2_PLACEMENT_3D('',#7508,#5789,#5790);
#4710=AXIS2_PLACEMENT_3D('',#7509,#5791,#5792);
#4711=AXIS2_PLACEMENT_3D('',#7511,#5793,#5794);
#4712=AXIS2_PLACEMENT_3D('',#7514,#5796,#5797);
#4713=AXIS2_PLACEMENT_3D('',#7515,#5798,#5799);
#4714=AXIS2_PLACEMENT_3D('',#7518,#5801,#5802);
#4715=AXIS2_PLACEMENT_3D('',#7519,#5803,#5804);
#4716=AXIS2_PLACEMENT_3D('',#7522,#5806,#5807);
#4717=AXIS2_PLACEMENT_3D('',#7523,#5808,#5809);
#4718=AXIS2_PLACEMENT_3D('',#7526,#5811,#5812);
#4719=AXIS2_PLACEMENT_3D('',#7527,#5813,#5814);
#4720=AXIS2_PLACEMENT_3D('',#7530,#5816,#5817);
#4721=AXIS2_PLACEMENT_3D('',#7531,#5818,#5819);
#4722=AXIS2_PLACEMENT_3D('',#7537,#5823,#5824);
#4723=AXIS2_PLACEMENT_3D('',#7539,#5825,#5826);
#4724=AXIS2_PLACEMENT_3D('',#7541,#5828,#5829);
#4725=AXIS2_PLACEMENT_3D('',#7545,#5832,#5833);
#4726=AXIS2_PLACEMENT_3D('',#7547,#5834,#5835);
#4727=AXIS2_PLACEMENT_3D('',#7549,#5837,#5838);
#4728=AXIS2_PLACEMENT_3D('',#7553,#5841,#5842);
#4729=AXIS2_PLACEMENT_3D('',#7555,#5843,#5844);
#4730=AXIS2_PLACEMENT_3D('',#7557,#5846,#5847);
#4731=AXIS2_PLACEMENT_3D('',#7561,#5850,#5851);
#4732=AXIS2_PLACEMENT_3D('',#7565,#5854,#5855);
#4733=AXIS2_PLACEMENT_3D('',#7569,#5858,#5859);
#4734=AXIS2_PLACEMENT_3D('',#7572,#5861,#5862);
#4735=AXIS2_PLACEMENT_3D('',#7573,#5863,#5864);
#4736=AXIS2_PLACEMENT_3D('',#7577,#5867,#5868);
#4737=AXIS2_PLACEMENT_3D('',#7580,#5870,#5871);
#4738=AXIS2_PLACEMENT_3D('',#7581,#5872,#5873);
#4739=AXIS2_PLACEMENT_3D('',#7584,#5875,#5876);
#4740=AXIS2_PLACEMENT_3D('',#7585,#5877,#5878);
#4741=AXIS2_PLACEMENT_3D('',#7588,#5880,#5881);
#4742=AXIS2_PLACEMENT_3D('',#7589,#5882,#5883);
#4743=AXIS2_PLACEMENT_3D('',#7592,#5884,#5885);
#4744=AXIS2_PLACEMENT_3D('',#7595,#5888,#5889);
#4745=AXIS2_PLACEMENT_3D('',#7599,#5892,#5893);
#4746=AXIS2_PLACEMENT_3D('',#7603,#5896,#5897);
#4747=AXIS2_PLACEMENT_3D('',#7607,#5900,#5901);
#4748=AXIS2_PLACEMENT_3D('',#7609,#5903,#5904);
#4749=AXIS2_PLACEMENT_3D('',#7611,#5905,#5906);
#4750=AXIS2_PLACEMENT_3D('',#7613,#5908,#5909);
#4751=AXIS2_PLACEMENT_3D('',#7617,#5912,#5913);
#4752=AXIS2_PLACEMENT_3D('',#7619,#5914,#5915);
#4753=AXIS2_PLACEMENT_3D('',#7621,#5917,#5918);
#4754=AXIS2_PLACEMENT_3D('',#7625,#5921,#5922);
#4755=AXIS2_PLACEMENT_3D('',#7627,#5923,#5924);
#4756=AXIS2_PLACEMENT_3D('',#7629,#5926,#5927);
#4757=AXIS2_PLACEMENT_3D('',#7631,#5929,#5930);
#4758=AXIS2_PLACEMENT_3D('',#7635,#5933,#5934);
#4759=AXIS2_PLACEMENT_3D('',#7639,#5937,#5938);
#4760=AXIS2_PLACEMENT_3D('',#7643,#5941,#5942);
#4761=AXIS2_PLACEMENT_3D('',#7645,#5943,#5944);
#4762=AXIS2_PLACEMENT_3D('',#7647,#5946,#5947);
#4763=AXIS2_PLACEMENT_3D('',#7649,#5949,#5950);
#4764=AXIS2_PLACEMENT_3D('',#7651,#5951,#5952);
#4765=AXIS2_PLACEMENT_3D('',#7653,#5953,#5954);
#4766=AXIS2_PLACEMENT_3D('',#7655,#5955,#5956);
#4767=AXIS2_PLACEMENT_3D('',#7657,#5957,#5958);
#4768=AXIS2_PLACEMENT_3D('',#7659,#5959,#5960);
#4769=AXIS2_PLACEMENT_3D('',#7661,#5961,#5962);
#4770=AXIS2_PLACEMENT_3D('',#7663,#5963,#5964);
#4771=AXIS2_PLACEMENT_3D('',#7664,#5965,#5966);
#4772=AXIS2_PLACEMENT_3D('',#7666,#5967,#5968);
#4773=AXIS2_PLACEMENT_3D('',#7668,#5969,#5970);
#4774=AXIS2_PLACEMENT_3D('',#7670,#5971,#5972);
#4775=AXIS2_PLACEMENT_3D('',#7672,#5973,#5974);
#4776=AXIS2_PLACEMENT_3D('',#7674,#5975,#5976);
#4777=AXIS2_PLACEMENT_3D('',#7676,#5977,#5978);
#4778=AXIS2_PLACEMENT_3D('',#7678,#5979,#5980);
#4779=AXIS2_PLACEMENT_3D('',#7679,#5981,#5982);
#4780=AXIS2_PLACEMENT_3D('',#7681,#5984,#5985);
#4781=AXIS2_PLACEMENT_3D('',#7683,#5987,#5988);
#4782=AXIS2_PLACEMENT_3D('',#7685,#5990,#5991);
#4783=AXIS2_PLACEMENT_3D('',#7687,#5993,#5994);
#4784=AXIS2_PLACEMENT_3D('',#7689,#5996,#5997);
#4785=AXIS2_PLACEMENT_3D('',#7691,#5999,#6000);
#4786=AXIS2_PLACEMENT_3D('',#7693,#6002,#6003);
#4787=AXIS2_PLACEMENT_3D('',#7694,#6004,#6005);
#4788=AXIS2_PLACEMENT_3D('',#7695,#6006,#6007);
#4789=AXIS2_PLACEMENT_3D('',#7696,#6008,#6009);
#4790=AXIS2_PLACEMENT_3D('',#7697,#6010,#6011);
#4791=AXIS2_PLACEMENT_3D('',#7698,#6012,#6013);
#4792=DIRECTION('axis',(0.,0.,1.));
#4793=DIRECTION('refdir',(1.,0.,0.));
#4794=DIRECTION('axis',(0.,0.,1.));
#4795=DIRECTION('refdir',(1.,0.,0.));
#4796=DIRECTION('center_axis',(0.,0.,1.));
#4797=DIRECTION('ref_axis',(-1.,0.,0.));
#4798=DIRECTION('center_axis',(0.,0.,1.));
#4799=DIRECTION('ref_axis',(-1.,0.,0.));
#4800=DIRECTION('',(0.,0.,1.));
#4801=DIRECTION('center_axis',(0.,0.,-1.));
#4802=DIRECTION('ref_axis',(-1.,0.,0.));
#4803=DIRECTION('center_axis',(0.,0.,1.));
#4804=DIRECTION('ref_axis',(-1.,0.,0.));
#4805=DIRECTION('center_axis',(0.,0.,1.));
#4806=DIRECTION('ref_axis',(-1.,0.,0.));
#4807=DIRECTION('',(0.,0.,1.));
#4808=DIRECTION('center_axis',(0.,0.,-1.));
#4809=DIRECTION('ref_axis',(-1.,0.,0.));
#4810=DIRECTION('center_axis',(0.,0.,1.));
#4811=DIRECTION('ref_axis',(-1.,0.,0.));
#4812=DIRECTION('center_axis',(0.,0.,1.));
#4813=DIRECTION('ref_axis',(-1.,0.,0.));
#4814=DIRECTION('',(0.,0.,1.));
#4815=DIRECTION('center_axis',(0.,0.,-1.));
#4816=DIRECTION('ref_axis',(-1.,0.,0.));
#4817=DIRECTION('center_axis',(0.,0.,1.));
#4818=DIRECTION('ref_axis',(1.,0.,0.));
#4819=DIRECTION('',(-1.,0.,0.));
#4820=DIRECTION('',(0.,1.,0.));
#4821=DIRECTION('',(1.,0.,0.));
#4822=DIRECTION('',(0.,1.,0.));
#4823=DIRECTION('center_axis',(0.,1.,0.));
#4824=DIRECTION('ref_axis',(0.,0.,1.));
#4825=DIRECTION('',(0.,0.,-1.));
#4826=DIRECTION('',(-1.,0.,0.));
#4827=DIRECTION('',(0.,0.,1.));
#4828=DIRECTION('center_axis',(0.,1.,0.));
#4829=DIRECTION('ref_axis',(1.,0.,0.));
#4830=DIRECTION('',(0.,0.,-1.));
#4831=DIRECTION('',(-1.,0.,0.));
#4832=DIRECTION('',(0.,0.,1.));
#4833=DIRECTION('center_axis',(0.,-1.,0.));
#4834=DIRECTION('ref_axis',(1.,0.,0.));
#4835=DIRECTION('center_axis',(0.,-1.,0.));
#4836=DIRECTION('ref_axis',(1.,0.,0.));
#4837=DIRECTION('center_axis',(0.,-1.,0.));
#4838=DIRECTION('ref_axis',(1.,0.,0.));
#4839=DIRECTION('center_axis',(0.,-1.,0.));
#4840=DIRECTION('ref_axis',(1.,0.,0.));
#4841=DIRECTION('center_axis',(0.,-1.,0.));
#4842=DIRECTION('ref_axis',(1.,0.,0.));
#4843=DIRECTION('center_axis',(0.,-1.,0.));
#4844=DIRECTION('ref_axis',(1.,0.,0.));
#4845=DIRECTION('center_axis',(0.,-1.,0.));
#4846=DIRECTION('ref_axis',(1.,0.,0.));
#4847=DIRECTION('center_axis',(0.,-1.,0.));
#4848=DIRECTION('ref_axis',(1.,0.,0.));
#4849=DIRECTION('center_axis',(0.,-1.,0.));
#4850=DIRECTION('ref_axis',(1.,0.,0.));
#4851=DIRECTION('center_axis',(0.,-1.,0.));
#4852=DIRECTION('ref_axis',(1.,0.,0.));
#4853=DIRECTION('center_axis',(0.,-1.,0.));
#4854=DIRECTION('ref_axis',(1.,0.,4.44089209850063E-16));
#4855=DIRECTION('',(-5.68580776190114E-16,0.,1.));
#4856=DIRECTION('center_axis',(0.,-1.,0.));
#4857=DIRECTION('ref_axis',(1.,0.,0.));
#4858=DIRECTION('',(0.,0.,-1.));
#4859=DIRECTION('center_axis',(0.,-1.,0.));
#4860=DIRECTION('ref_axis',(1.,0.,0.));
#4861=DIRECTION('center_axis',(0.,-1.,0.));
#4862=DIRECTION('ref_axis',(1.,0.,0.));
#4863=DIRECTION('center_axis',(0.,-1.,0.));
#4864=DIRECTION('ref_axis',(1.,0.,0.));
#4865=DIRECTION('center_axis',(0.,-1.,0.));
#4866=DIRECTION('ref_axis',(1.,0.,0.));
#4867=DIRECTION('center_axis',(0.,-1.,0.));
#4868=DIRECTION('ref_axis',(1.,0.,0.));
#4869=DIRECTION('center_axis',(0.,1.,0.));
#4870=DIRECTION('ref_axis',(1.,0.,0.));
#4871=DIRECTION('',(0.,1.,0.));
#4872=DIRECTION('center_axis',(0.,-1.,0.));
#4873=DIRECTION('ref_axis',(1.,0.,0.));
#4874=DIRECTION('center_axis',(0.,1.,0.));
#4875=DIRECTION('ref_axis',(1.,0.,0.));
#4876=DIRECTION('',(0.,1.,0.));
#4877=DIRECTION('center_axis',(0.,-1.,0.));
#4878=DIRECTION('ref_axis',(1.,0.,0.));
#4879=DIRECTION('center_axis',(0.,1.,0.));
#4880=DIRECTION('ref_axis',(1.,0.,0.));
#4881=DIRECTION('',(0.,1.,0.));
#4882=DIRECTION('center_axis',(0.,-1.,0.));
#4883=DIRECTION('ref_axis',(1.,0.,0.));
#4884=DIRECTION('center_axis',(0.,1.,0.));
#4885=DIRECTION('ref_axis',(1.,0.,0.));
#4886=DIRECTION('',(0.,1.,0.));
#4887=DIRECTION('center_axis',(0.,-1.,0.));
#4888=DIRECTION('ref_axis',(1.,0.,0.));
#4889=DIRECTION('center_axis',(0.,1.,0.));
#4890=DIRECTION('ref_axis',(1.,0.,0.));
#4891=DIRECTION('',(0.,1.,0.));
#4892=DIRECTION('center_axis',(0.,-1.,0.));
#4893=DIRECTION('ref_axis',(1.,0.,0.));
#4894=DIRECTION('center_axis',(0.,1.,0.));
#4895=DIRECTION('ref_axis',(1.,0.,0.));
#4896=DIRECTION('',(0.,1.,0.));
#4897=DIRECTION('center_axis',(0.,-1.,0.));
#4898=DIRECTION('ref_axis',(1.,0.,0.));
#4899=DIRECTION('center_axis',(0.,1.,0.));
#4900=DIRECTION('ref_axis',(1.,0.,0.));
#4901=DIRECTION('',(0.,1.,0.));
#4902=DIRECTION('center_axis',(0.,-1.,0.));
#4903=DIRECTION('ref_axis',(1.,0.,0.));
#4904=DIRECTION('center_axis',(0.,1.,0.));
#4905=DIRECTION('ref_axis',(1.,0.,0.));
#4906=DIRECTION('',(0.,1.,0.));
#4907=DIRECTION('center_axis',(0.,-1.,0.));
#4908=DIRECTION('ref_axis',(1.,0.,0.));
#4909=DIRECTION('center_axis',(0.,1.,0.));
#4910=DIRECTION('ref_axis',(1.,0.,0.));
#4911=DIRECTION('',(0.,1.,0.));
#4912=DIRECTION('center_axis',(0.,-1.,0.));
#4913=DIRECTION('ref_axis',(1.,0.,0.));
#4914=DIRECTION('center_axis',(0.,1.,0.));
#4915=DIRECTION('ref_axis',(1.,0.,0.));
#4916=DIRECTION('',(0.,1.,0.));
#4917=DIRECTION('center_axis',(-1.,0.,-5.68580776190114E-16));
#4918=DIRECTION('ref_axis',(5.68580776190114E-16,0.,-1.));
#4919=DIRECTION('',(0.,-1.,0.));
#4920=DIRECTION('',(5.68580776190114E-16,0.,-1.));
#4921=DIRECTION('',(0.,-1.,0.));
#4922=DIRECTION('center_axis',(0.,-1.,0.));
#4923=DIRECTION('ref_axis',(6.12323399573677E-17,0.,1.));
#4924=DIRECTION('center_axis',(0.,1.,0.));
#4925=DIRECTION('ref_axis',(1.,0.,0.));
#4926=DIRECTION('',(0.,-1.,0.));
#4927=DIRECTION('center_axis',(1.,0.,0.));
#4928=DIRECTION('ref_axis',(0.,0.,1.));
#4929=DIRECTION('',(0.,0.,1.));
#4930=DIRECTION('',(0.,-1.,0.));
#4931=DIRECTION('center_axis',(0.,-1.,0.));
#4932=DIRECTION('ref_axis',(1.,0.,4.44089209850063E-16));
#4933=DIRECTION('center_axis',(0.,1.,0.));
#4934=DIRECTION('ref_axis',(1.,0.,4.44089209850063E-16));
#4935=DIRECTION('center_axis',(0.,-1.,0.));
#4936=DIRECTION('ref_axis',(1.,0.,0.));
#4937=DIRECTION('center_axis',(0.,1.,0.));
#4938=DIRECTION('ref_axis',(1.,0.,0.));
#4939=DIRECTION('',(0.,1.,0.));
#4940=DIRECTION('center_axis',(0.,-1.,0.));
#4941=DIRECTION('ref_axis',(1.,0.,0.));
#4942=DIRECTION('center_axis',(0.,1.,0.));
#4943=DIRECTION('ref_axis',(1.,0.,0.));
#4944=DIRECTION('',(0.,1.,0.));
#4945=DIRECTION('center_axis',(0.,-1.,0.));
#4946=DIRECTION('ref_axis',(1.,0.,0.));
#4947=DIRECTION('center_axis',(0.,1.,0.));
#4948=DIRECTION('ref_axis',(1.,0.,0.));
#4949=DIRECTION('',(0.,1.,0.));
#4950=DIRECTION('center_axis',(0.,-1.,0.));
#4951=DIRECTION('ref_axis',(1.,0.,0.));
#4952=DIRECTION('center_axis',(0.,1.,0.));
#4953=DIRECTION('ref_axis',(1.,0.,0.));
#4954=DIRECTION('',(0.,1.,0.));
#4955=DIRECTION('center_axis',(0.,0.,1.));
#4956=DIRECTION('ref_axis',(-1.,0.,0.));
#4957=DIRECTION('',(0.,-1.,0.));
#4958=DIRECTION('',(-1.,0.,0.));
#4959=DIRECTION('',(0.,-1.,0.));
#4960=DIRECTION('center_axis',(1.,0.,0.));
#4961=DIRECTION('ref_axis',(0.,0.,1.));
#4962=DIRECTION('',(0.,0.,1.));
#4963=DIRECTION('',(0.,1.,0.));
#4964=DIRECTION('center_axis',(0.,0.,-1.));
#4965=DIRECTION('ref_axis',(1.,0.,0.));
#4966=DIRECTION('',(1.,0.,0.));
#4967=DIRECTION('',(0.,-1.,0.));
#4968=DIRECTION('center_axis',(-1.,0.,0.));
#4969=DIRECTION('ref_axis',(0.,0.,-1.));
#4970=DIRECTION('',(0.,0.,-1.));
#4971=DIRECTION('center_axis',(0.,1.,0.));
#4972=DIRECTION('ref_axis',(1.,0.,0.));
#4973=DIRECTION('center_axis',(0.,0.,1.));
#4974=DIRECTION('ref_axis',(-1.,0.,0.));
#4975=DIRECTION('center_axis',(0.,0.,1.));
#4976=DIRECTION('ref_axis',(-1.,0.,0.));
#4977=DIRECTION('',(0.,0.,1.));
#4978=DIRECTION('center_axis',(0.,0.,-1.));
#4979=DIRECTION('ref_axis',(-1.,0.,0.));
#4980=DIRECTION('center_axis',(0.,0.,1.));
#4981=DIRECTION('ref_axis',(-1.,0.,0.));
#4982=DIRECTION('center_axis',(0.,0.,1.));
#4983=DIRECTION('ref_axis',(-1.,0.,0.));
#4984=DIRECTION('',(0.,0.,1.));
#4985=DIRECTION('center_axis',(0.,0.,-1.));
#4986=DIRECTION('ref_axis',(-1.,0.,0.));
#4987=DIRECTION('center_axis',(0.,0.,1.));
#4988=DIRECTION('ref_axis',(-1.,0.,0.));
#4989=DIRECTION('center_axis',(0.,0.,1.));
#4990=DIRECTION('ref_axis',(-1.,0.,0.));
#4991=DIRECTION('',(0.,0.,1.));
#4992=DIRECTION('center_axis',(0.,0.,-1.));
#4993=DIRECTION('ref_axis',(-1.,0.,0.));
#4994=DIRECTION('center_axis',(0.,0.,-1.));
#4995=DIRECTION('ref_axis',(-1.,0.,0.));
#4996=DIRECTION('',(1.,0.,0.));
#4997=DIRECTION('',(0.,1.,0.));
#4998=DIRECTION('',(-1.,0.,0.));
#4999=DIRECTION('',(0.,1.,0.));
#5000=DIRECTION('center_axis',(0.,1.,0.));
#5001=DIRECTION('ref_axis',(0.,0.,1.));
#5002=DIRECTION('',(-0.607450107570797,0.,0.794357832977196));
#5003=DIRECTION('',(1.,0.,0.));
#5004=DIRECTION('',(-0.607450107570797,0.,-0.794357832977196));
#5005=DIRECTION('center_axis',(0.,1.,0.));
#5006=DIRECTION('ref_axis',(1.,0.,0.));
#5007=DIRECTION('',(0.607450107570797,0.,0.794357832977196));
#5008=DIRECTION('',(1.,0.,0.));
#5009=DIRECTION('',(-0.607450107570797,0.,0.794357832977196));
#5010=DIRECTION('center_axis',(0.,-1.,0.));
#5011=DIRECTION('ref_axis',(1.,0.,0.));
#5012=DIRECTION('center_axis',(0.,-1.,0.));
#5013=DIRECTION('ref_axis',(1.,0.,0.));
#5014=DIRECTION('center_axis',(0.,-1.,0.));
#5015=DIRECTION('ref_axis',(1.,0.,0.));
#5016=DIRECTION('center_axis',(0.,-1.,0.));
#5017=DIRECTION('ref_axis',(1.,0.,0.));
#5018=DIRECTION('center_axis',(0.,-1.,0.));
#5019=DIRECTION('ref_axis',(1.,0.,0.));
#5020=DIRECTION('center_axis',(0.,-1.,0.));
#5021=DIRECTION('ref_axis',(1.,0.,0.));
#5022=DIRECTION('center_axis',(0.,-1.,0.));
#5023=DIRECTION('ref_axis',(1.,0.,0.));
#5024=DIRECTION('center_axis',(0.,-1.,0.));
#5025=DIRECTION('ref_axis',(1.,0.,0.));
#5026=DIRECTION('center_axis',(0.,-1.,0.));
#5027=DIRECTION('ref_axis',(1.,0.,0.));
#5028=DIRECTION('center_axis',(0.,1.,0.));
#5029=DIRECTION('ref_axis',(1.,0.,0.));
#5030=DIRECTION('',(0.,1.,0.));
#5031=DIRECTION('center_axis',(0.,-1.,0.));
#5032=DIRECTION('ref_axis',(1.,0.,0.));
#5033=DIRECTION('center_axis',(0.,1.,0.));
#5034=DIRECTION('ref_axis',(1.,0.,0.));
#5035=DIRECTION('',(0.,1.,0.));
#5036=DIRECTION('center_axis',(0.,-1.,0.));
#5037=DIRECTION('ref_axis',(1.,0.,0.));
#5038=DIRECTION('center_axis',(0.,1.,0.));
#5039=DIRECTION('ref_axis',(1.,0.,0.));
#5040=DIRECTION('',(0.,1.,0.));
#5041=DIRECTION('center_axis',(0.,-1.,0.));
#5042=DIRECTION('ref_axis',(1.,0.,0.));
#5043=DIRECTION('center_axis',(0.,1.,0.));
#5044=DIRECTION('ref_axis',(1.,0.,0.));
#5045=DIRECTION('',(0.,1.,0.));
#5046=DIRECTION('center_axis',(0.,-1.,0.));
#5047=DIRECTION('ref_axis',(1.,0.,0.));
#5048=DIRECTION('center_axis',(0.,1.,0.));
#5049=DIRECTION('ref_axis',(1.,0.,0.));
#5050=DIRECTION('',(0.,1.,0.));
#5051=DIRECTION('center_axis',(0.,-1.,0.));
#5052=DIRECTION('ref_axis',(1.,0.,0.));
#5053=DIRECTION('center_axis',(0.,1.,0.));
#5054=DIRECTION('ref_axis',(1.,0.,0.));
#5055=DIRECTION('',(0.,1.,0.));
#5056=DIRECTION('center_axis',(0.,-1.,0.));
#5057=DIRECTION('ref_axis',(1.,0.,0.));
#5058=DIRECTION('center_axis',(0.,1.,0.));
#5059=DIRECTION('ref_axis',(1.,0.,0.));
#5060=DIRECTION('',(0.,1.,0.));
#5061=DIRECTION('center_axis',(0.,-1.,0.));
#5062=DIRECTION('ref_axis',(1.,0.,0.));
#5063=DIRECTION('center_axis',(0.,1.,0.));
#5064=DIRECTION('ref_axis',(1.,0.,0.));
#5065=DIRECTION('',(0.,1.,0.));
#5066=DIRECTION('center_axis',(-0.794357832977196,0.,-0.607450107570797));
#5067=DIRECTION('ref_axis',(0.607450107570797,0.,-0.794357832977196));
#5068=DIRECTION('',(0.,-1.,0.));
#5069=DIRECTION('',(0.607450107570797,0.,-0.794357832977196));
#5070=DIRECTION('',(0.,1.,0.));
#5071=DIRECTION('center_axis',(0.,0.,1.));
#5072=DIRECTION('ref_axis',(-1.,0.,0.));
#5073=DIRECTION('',(-1.,0.,0.));
#5074=DIRECTION('',(0.,1.,0.));
#5075=DIRECTION('center_axis',(0.794357832977196,0.,-0.607450107570797));
#5076=DIRECTION('ref_axis',(0.607450107570797,0.,0.794357832977196));
#5077=DIRECTION('',(0.607450107570797,0.,0.794357832977196));
#5078=DIRECTION('',(0.,-1.,0.));
#5079=DIRECTION('center_axis',(0.,0.,-1.));
#5080=DIRECTION('ref_axis',(1.,0.,0.));
#5081=DIRECTION('',(1.,0.,0.));
#5082=DIRECTION('center_axis',(0.,1.,0.));
#5083=DIRECTION('ref_axis',(1.,0.,0.));
#5084=DIRECTION('axis',(0.,0.,1.));
#5085=DIRECTION('refdir',(1.,0.,0.));
#5086=DIRECTION('center_axis',(-1.,0.,0.));
#5087=DIRECTION('ref_axis',(0.,0.,-1.));
#5088=DIRECTION('center_axis',(-1.,0.,0.));
#5089=DIRECTION('ref_axis',(0.,0.,-1.));
#5090=DIRECTION('',(-1.,0.,0.));
#5091=DIRECTION('center_axis',(1.,0.,0.));
#5092=DIRECTION('ref_axis',(0.,0.,-1.));
#5093=DIRECTION('center_axis',(-1.,0.,0.));
#5094=DIRECTION('ref_axis',(0.,0.,-1.));
#5095=DIRECTION('center_axis',(-1.,0.,0.));
#5096=DIRECTION('ref_axis',(0.,0.,-1.));
#5097=DIRECTION('',(-1.,0.,0.));
#5098=DIRECTION('center_axis',(1.,0.,0.));
#5099=DIRECTION('ref_axis',(0.,0.,-1.));
#5100=DIRECTION('center_axis',(-1.,0.,0.));
#5101=DIRECTION('ref_axis',(0.,0.,-1.));
#5102=DIRECTION('center_axis',(-1.,0.,0.));
#5103=DIRECTION('ref_axis',(0.,0.,-1.));
#5104=DIRECTION('',(-1.,0.,0.));
#5105=DIRECTION('center_axis',(1.,0.,0.));
#5106=DIRECTION('ref_axis',(0.,0.,-1.));
#5107=DIRECTION('center_axis',(0.,0.,1.));
#5108=DIRECTION('ref_axis',(0.,-1.,0.));
#5109=DIRECTION('',(0.,1.,0.));
#5110=DIRECTION('',(1.,0.,0.));
#5111=DIRECTION('',(0.,-1.,0.));
#5112=DIRECTION('',(1.,0.,0.));
#5113=DIRECTION('center_axis',(1.,0.,0.));
#5114=DIRECTION('ref_axis',(0.,0.,-1.));
#5115=DIRECTION('center_axis',(1.,0.,0.));
#5116=DIRECTION('ref_axis',(0.,0.,-1.));
#5117=DIRECTION('center_axis',(-1.,0.,0.));
#5118=DIRECTION('ref_axis',(0.,0.,-1.));
#5119=DIRECTION('',(1.,0.,0.));
#5120=DIRECTION('center_axis',(0.,0.,-1.));
#5121=DIRECTION('ref_axis',(0.,1.,0.));
#5122=DIRECTION('',(0.,-1.,0.));
#5123=DIRECTION('',(0.,1.,0.));
#5124=DIRECTION('',(1.,0.,0.));
#5125=DIRECTION('center_axis',(1.,0.,0.));
#5126=DIRECTION('ref_axis',(0.,0.,-1.));
#5127=DIRECTION('',(0.,0.,-1.));
#5128=DIRECTION('',(0.,0.999977547494078,-0.0067010825788654));
#5129=DIRECTION('center_axis',(1.,0.,0.));
#5130=DIRECTION('ref_axis',(0.,0.,-1.));
#5131=DIRECTION('',(0.,-1.,0.));
#5132=DIRECTION('',(0.,0.,-1.));
#5133=DIRECTION('center_axis',(1.,0.,0.));
#5134=DIRECTION('ref_axis',(0.,0.,-1.));
#5135=DIRECTION('',(0.,0.,-1.));
#5136=DIRECTION('center_axis',(-1.,0.,0.));
#5137=DIRECTION('ref_axis',(0.,0.,-1.));
#5138=DIRECTION('center_axis',(-1.,0.,0.));
#5139=DIRECTION('ref_axis',(0.,0.,-1.));
#5140=DIRECTION('center_axis',(-1.,0.,0.));
#5141=DIRECTION('ref_axis',(0.,0.,-1.));
#5142=DIRECTION('center_axis',(-1.,0.,0.));
#5143=DIRECTION('ref_axis',(0.,0.,-1.));
#5144=DIRECTION('center_axis',(-1.,0.,0.));
#5145=DIRECTION('ref_axis',(0.,0.,-1.));
#5146=DIRECTION('center_axis',(-1.,0.,0.));
#5147=DIRECTION('ref_axis',(0.,0.,-1.));
#5148=DIRECTION('center_axis',(-1.,0.,0.));
#5149=DIRECTION('ref_axis',(0.,0.,-1.));
#5150=DIRECTION('center_axis',(1.,0.,0.));
#5151=DIRECTION('ref_axis',(0.,0.,-1.));
#5152=DIRECTION('',(-1.,0.,0.));
#5153=DIRECTION('center_axis',(-1.,0.,0.));
#5154=DIRECTION('ref_axis',(0.,0.,-1.));
#5155=DIRECTION('center_axis',(1.,0.,0.));
#5156=DIRECTION('ref_axis',(0.,0.,-1.));
#5157=DIRECTION('',(-1.,0.,0.));
#5158=DIRECTION('center_axis',(-1.,0.,0.));
#5159=DIRECTION('ref_axis',(0.,0.,-1.));
#5160=DIRECTION('center_axis',(1.,0.,0.));
#5161=DIRECTION('ref_axis',(0.,0.,-1.));
#5162=DIRECTION('',(-1.,0.,0.));
#5163=DIRECTION('center_axis',(-1.,0.,0.));
#5164=DIRECTION('ref_axis',(0.,0.,-1.));
#5165=DIRECTION('center_axis',(1.,0.,0.));
#5166=DIRECTION('ref_axis',(0.,0.,-1.));
#5167=DIRECTION('',(-1.,0.,0.));
#5168=DIRECTION('center_axis',(-1.,0.,0.));
#5169=DIRECTION('ref_axis',(0.,0.,-1.));
#5170=DIRECTION('center_axis',(1.,0.,0.));
#5171=DIRECTION('ref_axis',(0.,0.,-1.));
#5172=DIRECTION('',(-1.,0.,0.));
#5173=DIRECTION('center_axis',(-1.,0.,0.));
#5174=DIRECTION('ref_axis',(0.,0.,-1.));
#5175=DIRECTION('center_axis',(1.,0.,0.));
#5176=DIRECTION('ref_axis',(0.,0.,-1.));
#5177=DIRECTION('',(-1.,0.,0.));
#5178=DIRECTION('center_axis',(-1.,0.,0.));
#5179=DIRECTION('ref_axis',(0.,0.,-1.));
#5180=DIRECTION('center_axis',(1.,0.,0.));
#5181=DIRECTION('ref_axis',(0.,0.,-1.));
#5182=DIRECTION('',(-1.,0.,0.));
#5183=DIRECTION('center_axis',(-1.,0.,0.));
#5184=DIRECTION('ref_axis',(0.,0.,-1.));
#5185=DIRECTION('center_axis',(0.,0.,1.));
#5186=DIRECTION('ref_axis',(0.,-1.,0.));
#5187=DIRECTION('',(0.,1.,0.));
#5188=DIRECTION('',(1.,0.,0.));
#5189=DIRECTION('',(1.,0.,0.));
#5190=DIRECTION('center_axis',(1.,0.,0.));
#5191=DIRECTION('ref_axis',(0.,0.,-1.));
#5192=DIRECTION('center_axis',(1.,0.,0.));
#5193=DIRECTION('ref_axis',(0.,0.,-1.));
#5194=DIRECTION('',(1.,0.,0.));
#5195=DIRECTION('center_axis',(0.,-0.0067010825788654,-0.999977547494078));
#5196=DIRECTION('ref_axis',(0.,0.999977547494078,-0.0067010825788654));
#5197=DIRECTION('',(0.,0.999977547494078,-0.00670108257886539));
#5198=DIRECTION('',(1.,0.,0.));
#5199=DIRECTION('center_axis',(0.,-1.,0.));
#5200=DIRECTION('ref_axis',(0.,0.,-1.));
#5201=DIRECTION('',(0.,0.,-1.));
#5202=DIRECTION('center_axis',(1.,0.,0.));
#5203=DIRECTION('ref_axis',(0.,0.,-1.));
#5204=DIRECTION('center_axis',(-1.,0.,0.));
#5205=DIRECTION('ref_axis',(0.,0.,-1.));
#5206=DIRECTION('center_axis',(-1.,0.,0.));
#5207=DIRECTION('ref_axis',(0.,0.,-1.));
#5208=DIRECTION('',(-1.,0.,0.));
#5209=DIRECTION('center_axis',(1.,0.,0.));
#5210=DIRECTION('ref_axis',(0.,0.,-1.));
#5211=DIRECTION('center_axis',(-1.,0.,0.));
#5212=DIRECTION('ref_axis',(0.,0.,-1.));
#5213=DIRECTION('center_axis',(-1.,0.,0.));
#5214=DIRECTION('ref_axis',(0.,0.,-1.));
#5215=DIRECTION('',(-1.,0.,0.));
#5216=DIRECTION('center_axis',(1.,0.,0.));
#5217=DIRECTION('ref_axis',(0.,0.,-1.));
#5218=DIRECTION('center_axis',(-1.,0.,0.));
#5219=DIRECTION('ref_axis',(0.,0.,-1.));
#5220=DIRECTION('center_axis',(-1.,0.,0.));
#5221=DIRECTION('ref_axis',(0.,0.,-1.));
#5222=DIRECTION('',(-1.,0.,0.));
#5223=DIRECTION('center_axis',(1.,0.,0.));
#5224=DIRECTION('ref_axis',(0.,0.,-1.));
#5225=DIRECTION('center_axis',(0.,0.,-1.));
#5226=DIRECTION('ref_axis',(0.,-1.,0.));
#5227=DIRECTION('',(0.,1.,0.));
#5228=DIRECTION('',(-1.,0.,0.));
#5229=DIRECTION('',(0.,-1.,0.));
#5230=DIRECTION('',(-1.,0.,0.));
#5231=DIRECTION('center_axis',(1.,0.,0.));
#5232=DIRECTION('ref_axis',(0.,0.,-1.));
#5233=DIRECTION('center_axis',(1.,0.,0.));
#5234=DIRECTION('ref_axis',(0.,0.,-1.));
#5235=DIRECTION('',(-1.,0.,0.));
#5236=DIRECTION('center_axis',(-1.,0.,0.));
#5237=DIRECTION('ref_axis',(0.,0.,-1.));
#5238=DIRECTION('center_axis',(0.,0.,1.));
#5239=DIRECTION('ref_axis',(0.,1.,0.));
#5240=DIRECTION('',(0.,-1.,0.));
#5241=DIRECTION('',(-1.,0.,0.));
#5242=DIRECTION('',(0.,1.,0.));
#5243=DIRECTION('center_axis',(1.,0.,0.));
#5244=DIRECTION('ref_axis',(0.,0.,-1.));
#5245=DIRECTION('',(0.,0.,-1.));
#5246=DIRECTION('',(0.,-1.,0.));
#5247=DIRECTION('center_axis',(1.,0.,0.));
#5248=DIRECTION('ref_axis',(0.,0.,-1.));
#5249=DIRECTION('',(0.,0.999977547494078,-0.0067010825788654));
#5250=DIRECTION('',(0.,0.,-1.));
#5251=DIRECTION('center_axis',(1.,0.,0.));
#5252=DIRECTION('ref_axis',(0.,0.,-1.));
#5253=DIRECTION('',(0.,0.,-1.));
#5254=DIRECTION('center_axis',(-1.,0.,0.));
#5255=DIRECTION('ref_axis',(0.,0.,-1.));
#5256=DIRECTION('center_axis',(-1.,0.,0.));
#5257=DIRECTION('ref_axis',(0.,0.,-1.));
#5258=DIRECTION('center_axis',(-1.,0.,0.));
#5259=DIRECTION('ref_axis',(0.,0.,-1.));
#5260=DIRECTION('center_axis',(-1.,0.,0.));
#5261=DIRECTION('ref_axis',(0.,0.,-1.));
#5262=DIRECTION('center_axis',(-1.,0.,0.));
#5263=DIRECTION('ref_axis',(0.,0.,-1.));
#5264=DIRECTION('center_axis',(-1.,0.,0.));
#5265=DIRECTION('ref_axis',(0.,0.,-1.));
#5266=DIRECTION('center_axis',(-1.,0.,0.));
#5267=DIRECTION('ref_axis',(0.,0.,-1.));
#5268=DIRECTION('center_axis',(1.,0.,0.));
#5269=DIRECTION('ref_axis',(0.,0.,-1.));
#5270=DIRECTION('',(1.,0.,0.));
#5271=DIRECTION('center_axis',(-1.,0.,0.));
#5272=DIRECTION('ref_axis',(0.,0.,-1.));
#5273=DIRECTION('center_axis',(1.,0.,0.));
#5274=DIRECTION('ref_axis',(0.,0.,-1.));
#5275=DIRECTION('',(1.,0.,0.));
#5276=DIRECTION('center_axis',(-1.,0.,0.));
#5277=DIRECTION('ref_axis',(0.,0.,-1.));
#5278=DIRECTION('center_axis',(1.,0.,0.));
#5279=DIRECTION('ref_axis',(0.,0.,-1.));
#5280=DIRECTION('',(1.,0.,0.));
#5281=DIRECTION('center_axis',(-1.,0.,0.));
#5282=DIRECTION('ref_axis',(0.,0.,-1.));
#5283=DIRECTION('center_axis',(1.,0.,0.));
#5284=DIRECTION('ref_axis',(0.,0.,-1.));
#5285=DIRECTION('',(1.,0.,0.));
#5286=DIRECTION('center_axis',(-1.,0.,0.));
#5287=DIRECTION('ref_axis',(0.,0.,-1.));
#5288=DIRECTION('center_axis',(1.,0.,0.));
#5289=DIRECTION('ref_axis',(0.,0.,-1.));
#5290=DIRECTION('',(1.,0.,0.));
#5291=DIRECTION('center_axis',(-1.,0.,0.));
#5292=DIRECTION('ref_axis',(0.,0.,-1.));
#5293=DIRECTION('center_axis',(1.,0.,0.));
#5294=DIRECTION('ref_axis',(0.,0.,-1.));
#5295=DIRECTION('',(1.,0.,0.));
#5296=DIRECTION('center_axis',(-1.,0.,0.));
#5297=DIRECTION('ref_axis',(0.,0.,-1.));
#5298=DIRECTION('center_axis',(1.,0.,0.));
#5299=DIRECTION('ref_axis',(0.,0.,-1.));
#5300=DIRECTION('',(1.,0.,0.));
#5301=DIRECTION('center_axis',(-1.,0.,0.));
#5302=DIRECTION('ref_axis',(0.,0.,-1.));
#5303=DIRECTION('center_axis',(0.,0.,-1.));
#5304=DIRECTION('ref_axis',(0.,-1.,0.));
#5305=DIRECTION('',(0.,1.,0.));
#5306=DIRECTION('',(-1.,0.,0.));
#5307=DIRECTION('',(-1.,0.,0.));
#5308=DIRECTION('center_axis',(1.,0.,0.));
#5309=DIRECTION('ref_axis',(0.,0.,-1.));
#5310=DIRECTION('center_axis',(1.,0.,0.));
#5311=DIRECTION('ref_axis',(0.,0.,-1.));
#5312=DIRECTION('',(-1.,0.,0.));
#5313=DIRECTION('center_axis',(0.,0.0067010825788654,0.999977547494078));
#5314=DIRECTION('ref_axis',(0.,0.999977547494078,-0.0067010825788654));
#5315=DIRECTION('',(0.,0.999977547494078,-0.00670108257886539));
#5316=DIRECTION('',(-1.,0.,0.));
#5317=DIRECTION('center_axis',(0.,1.,0.));
#5318=DIRECTION('ref_axis',(0.,0.,-1.));
#5319=DIRECTION('',(0.,0.,-1.));
#5320=DIRECTION('center_axis',(1.,0.,0.));
#5321=DIRECTION('ref_axis',(0.,0.,-1.));
#5322=DIRECTION('axis',(0.,0.,1.));
#5323=DIRECTION('refdir',(1.,0.,0.));
#5324=DIRECTION('center_axis',(0.,1.,0.));
#5325=DIRECTION('ref_axis',(-0.707106781186547,0.,0.707106781186547));
#5326=DIRECTION('center_axis',(0.,1.,0.));
#5327=DIRECTION('ref_axis',(-0.707106781186547,0.,0.707106781186547));
#5328=DIRECTION('',(0.,-1.,0.));
#5329=DIRECTION('center_axis',(0.,-1.,0.));
#5330=DIRECTION('ref_axis',(0.,0.,1.));
#5331=DIRECTION('',(0.,-1.,0.));
#5332=DIRECTION('center_axis',(0.,1.,0.));
#5333=DIRECTION('ref_axis',(-0.707106781186547,0.,0.707106781186547));
#5334=DIRECTION('',(0.,-1.,0.));
#5335=DIRECTION('',(0.,1.,0.));
#5336=DIRECTION('center_axis',(0.,-1.,0.));
#5337=DIRECTION('ref_axis',(0.,0.,1.));
#5338=DIRECTION('center_axis',(0.,-1.,0.));
#5339=DIRECTION('ref_axis',(-0.707106781186547,0.,-0.707106781186547));
#5340=DIRECTION('center_axis',(0.,1.,0.));
#5341=DIRECTION('ref_axis',(-0.707106781186547,0.,-0.707106781186547));
#5342=DIRECTION('',(0.,1.,0.));
#5343=DIRECTION('center_axis',(0.,-1.,0.));
#5344=DIRECTION('ref_axis',(-1.,0.,0.));
#5345=DIRECTION('',(0.,1.,0.));
#5346=DIRECTION('center_axis',(0.,-1.,0.));
#5347=DIRECTION('ref_axis',(-0.707106781186547,0.,-0.707106781186547));
#5348=DIRECTION('center_axis',(0.,-1.,0.));
#5349=DIRECTION('ref_axis',(-1.,0.,0.));
#5350=DIRECTION('',(0.,-1.,0.));
#5351=DIRECTION('',(0.,1.,0.));
#5352=DIRECTION('center_axis',(1.,0.,0.));
#5353=DIRECTION('ref_axis',(0.,0.,1.));
#5354=DIRECTION('center_axis',(-1.,0.,0.));
#5355=DIRECTION('ref_axis',(0.,1.,6.12323399573677E-17));
#5356=DIRECTION('center_axis',(-1.,0.,0.));
#5357=DIRECTION('ref_axis',(0.,1.,-1.28173547456944E-14));
#5358=DIRECTION('center_axis',(1.,0.,0.));
#5359=DIRECTION('ref_axis',(0.,0.,1.));
#5360=DIRECTION('',(-1.,0.,0.));
#5361=DIRECTION('center_axis',(-1.,0.,0.));
#5362=DIRECTION('ref_axis',(0.,0.,1.));
#5363=DIRECTION('',(-1.,0.,0.));
#5364=DIRECTION('center_axis',(1.,0.,0.));
#5365=DIRECTION('ref_axis',(0.,0.,1.));
#5366=DIRECTION('center_axis',(-1.,0.,0.));
#5367=DIRECTION('ref_axis',(0.,0.,1.));
#5368=DIRECTION('',(0.,0.,1.));
#5369=DIRECTION('center_axis',(-1.,0.,0.));
#5370=DIRECTION('ref_axis',(0.,0.,1.));
#5371=DIRECTION('',(0.,0.,1.));
#5372=DIRECTION('center_axis',(0.,-1.,0.));
#5373=DIRECTION('ref_axis',(0.,0.,1.));
#5374=DIRECTION('',(0.,0.,1.));
#5375=DIRECTION('',(0.,0.,1.));
#5376=DIRECTION('',(-1.,0.,0.));
#5377=DIRECTION('',(0.,0.,-1.));
#5378=DIRECTION('',(-1.,0.,0.));
#5379=DIRECTION('',(0.,0.,1.));
#5380=DIRECTION('center_axis',(0.,1.,0.));
#5381=DIRECTION('ref_axis',(1.,0.,0.));
#5382=DIRECTION('center_axis',(0.,1.,0.));
#5383=DIRECTION('ref_axis',(1.,0.,0.));
#5384=DIRECTION('center_axis',(0.,1.,0.));
#5385=DIRECTION('ref_axis',(1.,0.,0.));
#5386=DIRECTION('center_axis',(0.,1.,0.));
#5387=DIRECTION('ref_axis',(1.,0.,0.));
#5388=DIRECTION('center_axis',(-1.,0.,0.));
#5389=DIRECTION('ref_axis',(0.,0.,1.));
#5390=DIRECTION('',(0.,0.,-1.));
#5391=DIRECTION('',(0.,1.,0.));
#5392=DIRECTION('',(0.,-4.87614135851555E-16,-1.));
#5393=DIRECTION('',(0.,1.,-5.04068357479161E-16));
#5394=DIRECTION('center_axis',(1.,0.,0.));
#5395=DIRECTION('ref_axis',(0.,0.487126242602754,0.873331565768536));
#5396=DIRECTION('',(0.,-0.983072014677209,0.183219578534864));
#5397=DIRECTION('center_axis',(-1.,0.,0.));
#5398=DIRECTION('ref_axis',(0.,0.,1.));
#5399=DIRECTION('',(0.,0.990869545812182,-0.134824119436994));
#5400=DIRECTION('center_axis',(1.,0.,0.));
#5401=DIRECTION('ref_axis',(0.,0.487126242602754,0.873331565768536));
#5402=DIRECTION('',(0.,-0.922025489367225,-0.387129173477186));
#5403=DIRECTION('center_axis',(-1.,0.,0.));
#5404=DIRECTION('ref_axis',(0.,0.,1.));
#5405=DIRECTION('',(0.,0.901946492317469,0.431847803046645));
#5406=DIRECTION('center_axis',(1.,0.,0.));
#5407=DIRECTION('ref_axis',(0.,0.487126242602754,0.873331565768536));
#5408=DIRECTION('',(0.,-0.557610101679518,-0.830102990299973));
#5409=DIRECTION('center_axis',(-1.,0.,0.));
#5410=DIRECTION('ref_axis',(0.,0.,1.));
#5411=DIRECTION('',(0.,0.516261055943611,0.856431271098847));
#5412=DIRECTION('center_axis',(1.,0.,0.));
#5413=DIRECTION('ref_axis',(0.,0.487126242602754,0.873331565768536));
#5414=DIRECTION('',(0.,-0.999999999985973,-5.29660809923769E-6));
#5415=DIRECTION('',(0.,0.,-1.));
#5416=DIRECTION('',(0.,0.999999999985973,5.29660809968573E-6));
#5417=DIRECTION('center_axis',(-1.,0.,0.));
#5418=DIRECTION('ref_axis',(0.,0.487126242602754,0.873331565768536));
#5419=DIRECTION('',(0.,-1.,4.44089209850063E-16));
#5420=DIRECTION('',(0.,0.,1.));
#5421=DIRECTION('',(0.,-1.,0.));
#5422=DIRECTION('center_axis',(1.,0.,0.));
#5423=DIRECTION('ref_axis',(0.,0.,1.));
#5424=DIRECTION('center_axis',(1.,0.,0.));
#5425=DIRECTION('ref_axis',(0.,0.,1.));
#5426=DIRECTION('center_axis',(1.,0.,0.));
#5427=DIRECTION('ref_axis',(0.,0.,1.));
#5428=DIRECTION('center_axis',(0.,5.29660809958894E-6,-0.999999999985973));
#5429=DIRECTION('ref_axis',(1.,0.,0.));
#5430=DIRECTION('center_axis',(0.,5.29660809968573E-6,-0.999999999985973));
#5431=DIRECTION('ref_axis',(1.,0.,0.));
#5432=DIRECTION('',(0.,5.29660809958894E-6,-0.999999999985973));
#5433=DIRECTION('center_axis',(0.,-5.29660809923769E-6,0.999999999985973));
#5434=DIRECTION('ref_axis',(1.,0.,0.));
#5435=DIRECTION('center_axis',(0.,-0.887144540628161,0.461491672767395));
#5436=DIRECTION('ref_axis',(0.,0.461491672767395,0.887144540628161));
#5437=DIRECTION('',(0.,-0.887144540628161,0.461491672767395));
#5438=DIRECTION('center_axis',(0.,-0.991407013106983,-0.130813356972028));
#5439=DIRECTION('ref_axis',(0.,-0.130813356972028,0.991407013106983));
#5440=DIRECTION('',(0.,-0.991407013106983,-0.130813356972028));
#5441=DIRECTION('center_axis',(0.,-0.737081622389895,-0.67580373033528));
#5442=DIRECTION('ref_axis',(0.,-0.67580373033528,0.737081622389895));
#5443=DIRECTION('',(0.,-0.737081622389895,-0.67580373033528));
#5444=DIRECTION('center_axis',(0.,0.,1.));
#5445=DIRECTION('ref_axis',(-1.,0.,0.));
#5446=DIRECTION('center_axis',(0.,4.44089209850063E-16,1.));
#5447=DIRECTION('ref_axis',(-1.,0.,0.));
#5448=DIRECTION('',(0.,0.,1.));
#5449=DIRECTION('center_axis',(0.,-5.04068357479161E-16,-1.));
#5450=DIRECTION('ref_axis',(-1.,0.,0.));
#5451=DIRECTION('center_axis',(0.,0.,1.));
#5452=DIRECTION('ref_axis',(-1.,0.,0.));
#5453=DIRECTION('center_axis',(0.,4.44089209850063E-16,1.));
#5454=DIRECTION('ref_axis',(-1.,0.,0.));
#5455=DIRECTION('',(0.,0.,1.));
#5456=DIRECTION('center_axis',(0.,-5.04068357479161E-16,-1.));
#5457=DIRECTION('ref_axis',(-1.,0.,0.));
#5458=DIRECTION('center_axis',(0.,1.,0.));
#5459=DIRECTION('ref_axis',(1.,0.,0.));
#5460=DIRECTION('',(0.,1.,0.));
#5461=DIRECTION('center_axis',(0.,-1.,0.));
#5462=DIRECTION('ref_axis',(1.,0.,0.));
#5463=DIRECTION('center_axis',(0.,1.,0.));
#5464=DIRECTION('ref_axis',(1.,0.,0.));
#5465=DIRECTION('',(0.,1.,0.));
#5466=DIRECTION('center_axis',(0.,-1.,0.));
#5467=DIRECTION('ref_axis',(1.,0.,0.));
#5468=DIRECTION('center_axis',(0.,1.,0.));
#5469=DIRECTION('ref_axis',(1.,0.,0.));
#5470=DIRECTION('',(0.,1.,0.));
#5471=DIRECTION('center_axis',(0.,-1.,0.));
#5472=DIRECTION('ref_axis',(1.,0.,0.));
#5473=DIRECTION('center_axis',(0.,1.,0.));
#5474=DIRECTION('ref_axis',(1.,0.,0.));
#5475=DIRECTION('',(0.,1.,0.));
#5476=DIRECTION('center_axis',(0.,-1.,0.));
#5477=DIRECTION('ref_axis',(1.,0.,0.));
#5478=DIRECTION('center_axis',(0.,-0.431847803046645,0.901946492317469));
#5479=DIRECTION('ref_axis',(0.,0.901946492317469,0.431847803046645));
#5480=DIRECTION('',(0.,-0.901946492317469,-0.431847803046645));
#5481=DIRECTION('',(-1.,0.,0.));
#5482=DIRECTION('',(-1.,0.,0.));
#5483=DIRECTION('center_axis',(-1.,0.,0.));
#5484=DIRECTION('ref_axis',(0.,0.487126242602754,0.873331565768536));
#5485=DIRECTION('center_axis',(-1.,0.,0.));
#5486=DIRECTION('ref_axis',(0.,0.487126242602754,0.873331565768536));
#5487=DIRECTION('',(-1.,0.,0.));
#5488=DIRECTION('center_axis',(0.,0.830102990299974,-0.557610101679518));
#5489=DIRECTION('ref_axis',(0.,-0.557610101679518,-0.830102990299973));
#5490=DIRECTION('',(0.,0.557610101679518,0.830102990299973));
#5491=DIRECTION('',(-1.,0.,0.));
#5492=DIRECTION('center_axis',(-1.,0.,0.));
#5493=DIRECTION('ref_axis',(0.,-0.537096928297088,-0.843520533012584));
#5494=DIRECTION('center_axis',(1.,0.,0.));
#5495=DIRECTION('ref_axis',(0.,0.,1.));
#5496=DIRECTION('',(-1.,0.,0.));
#5497=DIRECTION('center_axis',(0.,-0.856431271098848,0.516261055943611));
#5498=DIRECTION('ref_axis',(0.,0.516261055943611,0.856431271098847));
#5499=DIRECTION('',(0.,-0.516261055943611,-0.856431271098847));
#5500=DIRECTION('',(-1.,0.,0.));
#5501=DIRECTION('center_axis',(-1.,0.,0.));
#5502=DIRECTION('ref_axis',(0.,0.487126242602754,0.873331565768536));
#5503=DIRECTION('center_axis',(-1.,0.,0.));
#5504=DIRECTION('ref_axis',(0.,0.487126242602754,0.873331565768536));
#5505=DIRECTION('',(-1.,0.,0.));
#5506=DIRECTION('center_axis',(0.,5.29660809923769E-6,-0.999999999985973));
#5507=DIRECTION('ref_axis',(0.,-0.999999999985973,-5.29660809923769E-6));
#5508=DIRECTION('',(0.,0.999999999985973,5.29660809923769E-6));
#5509=DIRECTION('',(-1.,0.,0.));
#5510=DIRECTION('center_axis',(0.,1.,0.));
#5511=DIRECTION('ref_axis',(0.,0.,-1.));
#5512=DIRECTION('',(0.,0.,1.));
#5513=DIRECTION('',(-1.,0.,0.));
#5514=DIRECTION('center_axis',(0.,0.,1.));
#5515=DIRECTION('ref_axis',(0.,1.,0.));
#5516=DIRECTION('',(0.,-1.,0.));
#5517=DIRECTION('',(-1.,0.,0.));
#5518=DIRECTION('center_axis',(-1.,0.,0.));
#5519=DIRECTION('ref_axis',(0.,0.,1.));
#5520=DIRECTION('center_axis',(1.,0.,0.));
#5521=DIRECTION('ref_axis',(0.,0.,1.));
#5522=DIRECTION('',(-1.,0.,0.));
#5523=DIRECTION('center_axis',(0.,0.,-1.));
#5524=DIRECTION('ref_axis',(0.,-1.,0.));
#5525=DIRECTION('',(0.,1.,0.));
#5526=DIRECTION('',(-1.,0.,0.));
#5527=DIRECTION('center_axis',(-1.,0.,0.));
#5528=DIRECTION('ref_axis',(0.,0.,1.));
#5529=DIRECTION('',(1.,0.,0.));
#5530=DIRECTION('center_axis',(1.,0.,0.));
#5531=DIRECTION('ref_axis',(0.,0.,1.));
#5532=DIRECTION('center_axis',(-1.,0.,0.));
#5533=DIRECTION('ref_axis',(0.,0.,1.));
#5534=DIRECTION('',(1.,0.,0.));
#5535=DIRECTION('center_axis',(1.,0.,0.));
#5536=DIRECTION('ref_axis',(0.,0.,1.));
#5537=DIRECTION('center_axis',(-1.,0.,0.));
#5538=DIRECTION('ref_axis',(0.,0.,1.));
#5539=DIRECTION('',(1.,0.,0.));
#5540=DIRECTION('center_axis',(1.,0.,0.));
#5541=DIRECTION('ref_axis',(0.,0.,1.));
#5542=DIRECTION('center_axis',(-1.,0.,0.));
#5543=DIRECTION('ref_axis',(0.,0.487126242602754,0.873331565768536));
#5544=DIRECTION('center_axis',(-1.,0.,0.));
#5545=DIRECTION('ref_axis',(0.,0.487126242602754,0.873331565768536));
#5546=DIRECTION('',(-1.,0.,0.));
#5547=DIRECTION('',(-1.,0.,0.));
#5548=DIRECTION('center_axis',(0.,5.04068357479161E-16,1.));
#5549=DIRECTION('ref_axis',(0.,1.,-5.04068357479161E-16));
#5550=DIRECTION('',(0.,-1.,5.04068357479161E-16));
#5551=DIRECTION('',(-1.,0.,0.));
#5552=DIRECTION('center_axis',(0.,1.,-4.87614135851555E-16));
#5553=DIRECTION('ref_axis',(0.,-4.87614135851555E-16,-1.));
#5554=DIRECTION('',(0.,4.87614135851555E-16,1.));
#5555=DIRECTION('',(-1.,0.,0.));
#5556=DIRECTION('center_axis',(0.,0.,1.));
#5557=DIRECTION('ref_axis',(0.,1.,0.));
#5558=DIRECTION('',(0.,-1.,0.));
#5559=DIRECTION('',(-1.,0.,0.));
#5560=DIRECTION('center_axis',(0.,1.,0.));
#5561=DIRECTION('ref_axis',(0.,0.,-1.));
#5562=DIRECTION('',(0.,0.,1.));
#5563=DIRECTION('center_axis',(-1.,0.,0.));
#5564=DIRECTION('ref_axis',(0.,-0.912260043217032,-0.409611539815053));
#5565=DIRECTION('center_axis',(1.,0.,0.));
#5566=DIRECTION('ref_axis',(0.,0.,1.));
#5567=DIRECTION('',(-1.,0.,0.));
#5568=DIRECTION('center_axis',(0.,0.387129173477186,-0.922025489367225));
#5569=DIRECTION('ref_axis',(0.,-0.922025489367225,-0.387129173477186));
#5570=DIRECTION('',(0.,0.922025489367225,0.387129173477186));
#5571=DIRECTION('',(-1.,0.,0.));
#5572=DIRECTION('center_axis',(-1.,0.,0.));
#5573=DIRECTION('ref_axis',(0.,0.487126242602754,0.873331565768536));
#5574=DIRECTION('center_axis',(-1.,0.,0.));
#5575=DIRECTION('ref_axis',(0.,0.487126242602754,0.873331565768536));
#5576=DIRECTION('',(-1.,0.,0.));
#5577=DIRECTION('center_axis',(0.,0.134824119436994,0.990869545812182));
#5578=DIRECTION('ref_axis',(0.,0.990869545812182,-0.134824119436994));
#5579=DIRECTION('',(0.,-0.990869545812182,0.134824119436994));
#5580=DIRECTION('',(-1.,0.,0.));
#5581=DIRECTION('center_axis',(-1.,0.,0.));
#5582=DIRECTION('ref_axis',(0.,0.,1.));
#5583=DIRECTION('center_axis',(1.,0.,0.));
#5584=DIRECTION('ref_axis',(0.,0.,1.));
#5585=DIRECTION('',(-1.,0.,0.));
#5586=DIRECTION('center_axis',(0.,-0.183219578534864,-0.983072014677209));
#5587=DIRECTION('ref_axis',(0.,-0.983072014677209,0.183219578534864));
#5588=DIRECTION('',(0.,0.983072014677209,-0.183219578534864));
#5589=DIRECTION('center_axis',(0.,0.,-1.));
#5590=DIRECTION('ref_axis',(0.,-1.,0.));
#5591=DIRECTION('',(0.,1.,0.));
#5592=DIRECTION('',(-1.,0.,0.));
#5593=DIRECTION('center_axis',(0.,-1.,0.));
#5594=DIRECTION('ref_axis',(0.,0.,1.));
#5595=DIRECTION('',(0.,0.,-1.));
#5596=DIRECTION('',(-1.,0.,0.));
#5597=DIRECTION('center_axis',(0.,-4.44089209850063E-16,-1.));
#5598=DIRECTION('ref_axis',(0.,-1.,4.44089209850063E-16));
#5599=DIRECTION('',(0.,1.,-4.44089209850063E-16));
#5600=DIRECTION('',(-1.,0.,0.));
#5601=DIRECTION('center_axis',(-1.,0.,0.));
#5602=DIRECTION('ref_axis',(0.,0.487126242602754,0.873331565768536));
#5603=DIRECTION('center_axis',(-1.,0.,0.));
#5604=DIRECTION('ref_axis',(0.,0.487126242602754,0.873331565768536));
#5605=DIRECTION('',(-1.,0.,0.));
#5606=DIRECTION('center_axis',(0.,-5.29660809968573E-6,0.999999999985973));
#5607=DIRECTION('ref_axis',(0.,0.999999999985973,5.29660809968573E-6));
#5608=DIRECTION('',(0.,-0.999999999985973,-5.29660809968573E-6));
#5609=DIRECTION('center_axis',(-1.,0.,0.));
#5610=DIRECTION('ref_axis',(0.,0.,1.));
#5611=DIRECTION('center_axis',(1.,0.,0.));
#5612=DIRECTION('ref_axis',(0.,0.,1.));
#5613=DIRECTION('center_axis',(1.,0.,0.));
#5614=DIRECTION('ref_axis',(0.,0.,1.));
#5615=DIRECTION('center_axis',(1.,0.,0.));
#5616=DIRECTION('ref_axis',(0.,0.,1.));
#5617=DIRECTION('center_axis',(1.,0.,0.));
#5618=DIRECTION('ref_axis',(0.,0.,1.));
#5619=DIRECTION('center_axis',(1.,0.,0.));
#5620=DIRECTION('ref_axis',(0.,0.,1.));
#5621=DIRECTION('center_axis',(1.,0.,0.));
#5622=DIRECTION('ref_axis',(0.,0.,1.));
#5623=DIRECTION('center_axis',(1.,0.,0.));
#5624=DIRECTION('ref_axis',(0.,0.,1.));
#5625=DIRECTION('center_axis',(-1.,0.,0.));
#5626=DIRECTION('ref_axis',(0.,0.,1.));
#5627=DIRECTION('center_axis',(1.,0.,0.));
#5628=DIRECTION('ref_axis',(0.,0.,1.));
#5629=DIRECTION('center_axis',(1.,0.,0.));
#5630=DIRECTION('ref_axis',(0.,0.,1.));
#5631=DIRECTION('center_axis',(1.,0.,0.));
#5632=DIRECTION('ref_axis',(0.,0.,1.));
#5633=DIRECTION('center_axis',(1.,0.,0.));
#5634=DIRECTION('ref_axis',(0.,0.,1.));
#5635=DIRECTION('center_axis',(1.,0.,0.));
#5636=DIRECTION('ref_axis',(0.,0.,1.));
#5637=DIRECTION('center_axis',(1.,0.,0.));
#5638=DIRECTION('ref_axis',(0.,0.,1.));
#5639=DIRECTION('center_axis',(1.,0.,0.));
#5640=DIRECTION('ref_axis',(0.,0.,1.));
#5641=DIRECTION('center_axis',(-1.,0.,0.));
#5642=DIRECTION('ref_axis',(0.,0.,1.));
#5643=DIRECTION('',(1.,0.,0.));
#5644=DIRECTION('center_axis',(-1.,0.,0.));
#5645=DIRECTION('ref_axis',(0.,0.,1.));
#5646=DIRECTION('',(1.,0.,0.));
#5647=DIRECTION('center_axis',(-1.,0.,0.));
#5648=DIRECTION('ref_axis',(0.,0.,1.));
#5649=DIRECTION('',(1.,0.,0.));
#5650=DIRECTION('center_axis',(-1.,0.,0.));
#5651=DIRECTION('ref_axis',(0.,0.,1.));
#5652=DIRECTION('',(1.,0.,0.));
#5653=DIRECTION('center_axis',(-1.,0.,0.));
#5654=DIRECTION('ref_axis',(0.,0.,1.));
#5655=DIRECTION('',(1.,0.,0.));
#5656=DIRECTION('center_axis',(-1.,0.,0.));
#5657=DIRECTION('ref_axis',(0.,0.,1.));
#5658=DIRECTION('',(1.,0.,0.));
#5659=DIRECTION('center_axis',(-1.,0.,0.));
#5660=DIRECTION('ref_axis',(0.,0.,1.));
#5661=DIRECTION('',(1.,0.,0.));
#5662=DIRECTION('center_axis',(-1.,0.,0.));
#5663=DIRECTION('ref_axis',(0.,0.,1.));
#5664=DIRECTION('center_axis',(0.,-1.,0.));
#5665=DIRECTION('ref_axis',(0.707106781186547,0.,0.707106781186547));
#5666=DIRECTION('center_axis',(0.,-1.,0.));
#5667=DIRECTION('ref_axis',(0.707106781186547,0.,0.707106781186547));
#5668=DIRECTION('',(0.,-1.,0.));
#5669=DIRECTION('center_axis',(0.,1.,0.));
#5670=DIRECTION('ref_axis',(0.,0.,1.));
#5671=DIRECTION('',(0.,-1.,0.));
#5672=DIRECTION('center_axis',(0.,-1.,0.));
#5673=DIRECTION('ref_axis',(0.707106781186547,0.,0.707106781186547));
#5674=DIRECTION('center_axis',(0.,1.,0.));
#5675=DIRECTION('ref_axis',(0.,0.,1.));
#5676=DIRECTION('',(0.,1.,0.));
#5677=DIRECTION('',(0.,-1.,0.));
#5678=DIRECTION('center_axis',(0.,1.,0.));
#5679=DIRECTION('ref_axis',(0.707106781186547,0.,-0.707106781186547));
#5680=DIRECTION('center_axis',(0.,-1.,0.));
#5681=DIRECTION('ref_axis',(0.707106781186547,0.,-0.707106781186547));
#5682=DIRECTION('',(0.,1.,0.));
#5683=DIRECTION('center_axis',(0.,1.,0.));
#5684=DIRECTION('ref_axis',(1.,0.,0.));
#5685=DIRECTION('',(0.,1.,0.));
#5686=DIRECTION('center_axis',(0.,1.,0.));
#5687=DIRECTION('ref_axis',(0.707106781186547,0.,-0.707106781186547));
#5688=DIRECTION('',(0.,1.,0.));
#5689=DIRECTION('',(0.,-1.,0.));
#5690=DIRECTION('center_axis',(0.,1.,0.));
#5691=DIRECTION('ref_axis',(1.,0.,0.));
#5692=DIRECTION('center_axis',(1.,0.,0.));
#5693=DIRECTION('ref_axis',(0.,0.,1.));
#5694=DIRECTION('center_axis',(-1.,0.,0.));
#5695=DIRECTION('ref_axis',(0.,1.,6.12323399573677E-17));
#5696=DIRECTION('center_axis',(-1.,0.,0.));
#5697=DIRECTION('ref_axis',(0.,1.,-1.28173547456944E-14));
#5698=DIRECTION('center_axis',(1.,0.,0.));
#5699=DIRECTION('ref_axis',(0.,0.,1.));
#5700=DIRECTION('',(1.,0.,0.));
#5701=DIRECTION('center_axis',(-1.,0.,0.));
#5702=DIRECTION('ref_axis',(0.,0.,1.));
#5703=DIRECTION('',(1.,0.,0.));
#5704=DIRECTION('center_axis',(1.,0.,0.));
#5705=DIRECTION('ref_axis',(0.,0.,1.));
#5706=DIRECTION('center_axis',(-1.,0.,0.));
#5707=DIRECTION('ref_axis',(0.,0.,1.));
#5708=DIRECTION('',(0.,0.,1.));
#5709=DIRECTION('center_axis',(-1.,0.,0.));
#5710=DIRECTION('ref_axis',(0.,0.,1.));
#5711=DIRECTION('',(0.,0.,1.));
#5712=DIRECTION('center_axis',(0.,1.,0.));
#5713=DIRECTION('ref_axis',(0.,0.,1.));
#5714=DIRECTION('',(0.,0.,1.));
#5715=DIRECTION('',(1.,0.,0.));
#5716=DIRECTION('',(0.,0.,-1.));
#5717=DIRECTION('',(1.,0.,0.));
#5718=DIRECTION('',(0.,0.,1.));
#5719=DIRECTION('',(0.,0.,1.));
#5720=DIRECTION('center_axis',(0.,-1.,0.));
#5721=DIRECTION('ref_axis',(-1.,0.,0.));
#5722=DIRECTION('center_axis',(0.,-1.,0.));
#5723=DIRECTION('ref_axis',(-1.,0.,0.));
#5724=DIRECTION('center_axis',(0.,-1.,0.));
#5725=DIRECTION('ref_axis',(-1.,0.,0.));
#5726=DIRECTION('center_axis',(0.,-1.,0.));
#5727=DIRECTION('ref_axis',(-1.,0.,0.));
#5728=DIRECTION('center_axis',(-1.,0.,0.));
#5729=DIRECTION('ref_axis',(0.,0.,1.));
#5730=DIRECTION('',(0.,-1.,0.));
#5731=DIRECTION('',(0.,0.,1.));
#5732=DIRECTION('',(0.,-1.,4.44089209850063E-16));
#5733=DIRECTION('center_axis',(-1.,0.,0.));
#5734=DIRECTION('ref_axis',(0.,0.487126242602754,0.873331565768536));
#5735=DIRECTION('',(0.,0.999999999985973,5.29660809968573E-6));
#5736=DIRECTION('',(0.,0.,-1.));
#5737=DIRECTION('',(0.,-0.999999999985973,-5.29660809923769E-6));
#5738=DIRECTION('center_axis',(1.,0.,0.));
#5739=DIRECTION('ref_axis',(0.,0.487126242602754,0.873331565768536));
#5740=DIRECTION('',(0.,0.516261055943611,0.856431271098847));
#5741=DIRECTION('center_axis',(-1.,0.,0.));
#5742=DIRECTION('ref_axis',(0.,0.,1.));
#5743=DIRECTION('',(0.,-0.557610101679518,-0.830102990299973));
#5744=DIRECTION('center_axis',(1.,0.,0.));
#5745=DIRECTION('ref_axis',(0.,0.487126242602754,0.873331565768536));
#5746=DIRECTION('',(0.,0.901946492317469,0.431847803046645));
#5747=DIRECTION('center_axis',(-1.,0.,0.));
#5748=DIRECTION('ref_axis',(0.,0.,1.));
#5749=DIRECTION('',(0.,-0.922025489367225,-0.387129173477186));
#5750=DIRECTION('center_axis',(1.,0.,0.));
#5751=DIRECTION('ref_axis',(0.,0.487126242602754,0.873331565768536));
#5752=DIRECTION('',(0.,0.990869545812182,-0.134824119436994));
#5753=DIRECTION('center_axis',(-1.,0.,0.));
#5754=DIRECTION('ref_axis',(0.,0.,1.));
#5755=DIRECTION('',(0.,-0.983072014677209,0.183219578534864));
#5756=DIRECTION('center_axis',(1.,0.,0.));
#5757=DIRECTION('ref_axis',(0.,0.487126242602754,0.873331565768536));
#5758=DIRECTION('',(0.,1.,-5.04068357479161E-16));
#5759=DIRECTION('',(0.,-4.87614135851555E-16,-1.));
#5760=DIRECTION('',(0.,1.,0.));
#5761=DIRECTION('',(0.,0.,-1.));
#5762=DIRECTION('center_axis',(1.,0.,0.));
#5763=DIRECTION('ref_axis',(0.,0.,1.));
#5764=DIRECTION('center_axis',(1.,0.,0.));
#5765=DIRECTION('ref_axis',(0.,0.,1.));
#5766=DIRECTION('center_axis',(1.,0.,0.));
#5767=DIRECTION('ref_axis',(0.,0.,1.));
#5768=DIRECTION('center_axis',(0.,-5.29660809958894E-6,0.999999999985973));
#5769=DIRECTION('ref_axis',(-1.,0.,0.));
#5770=DIRECTION('center_axis',(0.,-5.29660809968573E-6,0.999999999985973));
#5771=DIRECTION('ref_axis',(-1.,0.,0.));
#5772=DIRECTION('',(0.,5.29660809958894E-6,-0.999999999985973));
#5773=DIRECTION('center_axis',(0.,5.29660809923769E-6,-0.999999999985973));
#5774=DIRECTION('ref_axis',(-1.,0.,0.));
#5775=DIRECTION('center_axis',(0.,0.887144540628161,-0.461491672767395));
#5776=DIRECTION('ref_axis',(0.,0.461491672767395,0.887144540628161));
#5777=DIRECTION('',(0.,-0.887144540628161,0.461491672767395));
#5778=DIRECTION('center_axis',(0.,0.991407013106983,0.130813356972028));
#5779=DIRECTION('ref_axis',(0.,-0.130813356972028,0.991407013106983));
#5780=DIRECTION('',(0.,-0.991407013106983,-0.130813356972028));
#5781=DIRECTION('center_axis',(0.,0.737081622389895,0.67580373033528));
#5782=DIRECTION('ref_axis',(0.,-0.67580373033528,0.737081622389895));
#5783=DIRECTION('',(0.,-0.737081622389895,-0.67580373033528));
#5784=DIRECTION('center_axis',(0.,0.,-1.));
#5785=DIRECTION('ref_axis',(1.,0.,0.));
#5786=DIRECTION('center_axis',(0.,-4.44089209850063E-16,-1.));
#5787=DIRECTION('ref_axis',(1.,0.,0.));
#5788=DIRECTION('',(0.,0.,1.));
#5789=DIRECTION('center_axis',(0.,5.04068357479161E-16,1.));
#5790=DIRECTION('ref_axis',(1.,0.,0.));
#5791=DIRECTION('center_axis',(0.,0.,-1.));
#5792=DIRECTION('ref_axis',(1.,0.,0.));
#5793=DIRECTION('center_axis',(0.,-4.44089209850063E-16,-1.));
#5794=DIRECTION('ref_axis',(1.,0.,0.));
#5795=DIRECTION('',(0.,0.,1.));
#5796=DIRECTION('center_axis',(0.,5.04068357479161E-16,1.));
#5797=DIRECTION('ref_axis',(1.,0.,0.));
#5798=DIRECTION('center_axis',(0.,-1.,0.));
#5799=DIRECTION('ref_axis',(-1.,0.,0.));
#5800=DIRECTION('',(0.,1.,0.));
#5801=DIRECTION('center_axis',(0.,1.,0.));
#5802=DIRECTION('ref_axis',(-1.,0.,0.));
#5803=DIRECTION('center_axis',(0.,-1.,0.));
#5804=DIRECTION('ref_axis',(-1.,0.,0.));
#5805=DIRECTION('',(0.,1.,0.));
#5806=DIRECTION('center_axis',(0.,1.,0.));
#5807=DIRECTION('ref_axis',(-1.,0.,0.));
#5808=DIRECTION('center_axis',(0.,-1.,0.));
#5809=DIRECTION('ref_axis',(-1.,0.,0.));
#5810=DIRECTION('',(0.,1.,0.));
#5811=DIRECTION('center_axis',(0.,1.,0.));
#5812=DIRECTION('ref_axis',(-1.,0.,0.));
#5813=DIRECTION('center_axis',(0.,-1.,0.));
#5814=DIRECTION('ref_axis',(-1.,0.,0.));
#5815=DIRECTION('',(0.,1.,0.));
#5816=DIRECTION('center_axis',(0.,1.,0.));
#5817=DIRECTION('ref_axis',(-1.,0.,0.));
#5818=DIRECTION('center_axis',(0.,0.431847803046645,-0.901946492317469));
#5819=DIRECTION('ref_axis',(0.,0.901946492317469,0.431847803046645));
#5820=DIRECTION('',(0.,-0.901946492317469,-0.431847803046645));
#5821=DIRECTION('',(1.,0.,0.));
#5822=DIRECTION('',(1.,0.,0.));
#5823=DIRECTION('center_axis',(-1.,0.,0.));
#5824=DIRECTION('ref_axis',(0.,0.487126242602754,0.873331565768536));
#5825=DIRECTION('center_axis',(-1.,0.,0.));
#5826=DIRECTION('ref_axis',(0.,0.487126242602754,0.873331565768536));
#5827=DIRECTION('',(1.,0.,0.));
#5828=DIRECTION('center_axis',(0.,-0.830102990299974,0.557610101679518));
#5829=DIRECTION('ref_axis',(0.,-0.557610101679518,-0.830102990299973));
#5830=DIRECTION('',(0.,0.557610101679518,0.830102990299973));
#5831=DIRECTION('',(1.,0.,0.));
#5832=DIRECTION('center_axis',(-1.,0.,0.));
#5833=DIRECTION('ref_axis',(0.,-0.537096928297088,-0.843520533012584));
#5834=DIRECTION('center_axis',(1.,0.,0.));
#5835=DIRECTION('ref_axis',(0.,0.,1.));
#5836=DIRECTION('',(1.,0.,0.));
#5837=DIRECTION('center_axis',(0.,0.856431271098848,-0.516261055943611));
#5838=DIRECTION('ref_axis',(0.,0.516261055943611,0.856431271098847));
#5839=DIRECTION('',(0.,-0.516261055943611,-0.856431271098847));
#5840=DIRECTION('',(1.,0.,0.));
#5841=DIRECTION('center_axis',(-1.,0.,0.));
#5842=DIRECTION('ref_axis',(0.,0.487126242602754,0.873331565768536));
#5843=DIRECTION('center_axis',(-1.,0.,0.));
#5844=DIRECTION('ref_axis',(0.,0.487126242602754,0.873331565768536));
#5845=DIRECTION('',(1.,0.,0.));
#5846=DIRECTION('center_axis',(0.,-5.29660809923769E-6,0.999999999985973));
#5847=DIRECTION('ref_axis',(0.,-0.999999999985973,-5.29660809923769E-6));
#5848=DIRECTION('',(0.,0.999999999985973,5.29660809923769E-6));
#5849=DIRECTION('',(1.,0.,0.));
#5850=DIRECTION('center_axis',(0.,-1.,0.));
#5851=DIRECTION('ref_axis',(0.,0.,-1.));
#5852=DIRECTION('',(0.,0.,1.));
#5853=DIRECTION('',(1.,0.,0.));
#5854=DIRECTION('center_axis',(0.,0.,-1.));
#5855=DIRECTION('ref_axis',(0.,1.,0.));
#5856=DIRECTION('',(1.,0.,0.));
#5857=DIRECTION('',(0.,-1.,0.));
#5858=DIRECTION('center_axis',(-1.,0.,0.));
#5859=DIRECTION('ref_axis',(0.,0.,1.));
#5860=DIRECTION('',(1.,0.,0.));
#5861=DIRECTION('center_axis',(1.,0.,0.));
#5862=DIRECTION('ref_axis',(0.,0.,1.));
#5863=DIRECTION('center_axis',(0.,0.,1.));
#5864=DIRECTION('ref_axis',(0.,-1.,0.));
#5865=DIRECTION('',(1.,0.,0.));
#5866=DIRECTION('',(0.,1.,0.));
#5867=DIRECTION('center_axis',(-1.,0.,0.));
#5868=DIRECTION('ref_axis',(0.,0.,1.));
#5869=DIRECTION('',(-1.,0.,0.));
#5870=DIRECTION('center_axis',(1.,0.,0.));
#5871=DIRECTION('ref_axis',(0.,0.,1.));
#5872=DIRECTION('center_axis',(-1.,0.,0.));
#5873=DIRECTION('ref_axis',(0.,0.,1.));
#5874=DIRECTION('',(-1.,0.,0.));
#5875=DIRECTION('center_axis',(1.,0.,0.));
#5876=DIRECTION('ref_axis',(0.,0.,1.));
#5877=DIRECTION('center_axis',(-1.,0.,0.));
#5878=DIRECTION('ref_axis',(0.,0.,1.));
#5879=DIRECTION('',(-1.,0.,0.));
#5880=DIRECTION('center_axis',(1.,0.,0.));
#5881=DIRECTION('ref_axis',(0.,0.,1.));
#5882=DIRECTION('center_axis',(-1.,0.,0.));
#5883=DIRECTION('ref_axis',(0.,0.487126242602754,0.873331565768536));
#5884=DIRECTION('center_axis',(-1.,0.,0.));
#5885=DIRECTION('ref_axis',(0.,0.487126242602754,0.873331565768536));
#5886=DIRECTION('',(1.,0.,0.));
#5887=DIRECTION('',(1.,0.,0.));
#5888=DIRECTION('center_axis',(0.,-5.04068357479161E-16,-1.));
#5889=DIRECTION('ref_axis',(0.,1.,-5.04068357479161E-16));
#5890=DIRECTION('',(0.,-1.,5.04068357479161E-16));
#5891=DIRECTION('',(1.,0.,0.));
#5892=DIRECTION('center_axis',(0.,-1.,4.87614135851555E-16));
#5893=DIRECTION('ref_axis',(0.,-4.87614135851555E-16,-1.));
#5894=DIRECTION('',(0.,4.87614135851555E-16,1.));
#5895=DIRECTION('',(1.,0.,0.));
#5896=DIRECTION('center_axis',(0.,0.,-1.));
#5897=DIRECTION('ref_axis',(0.,1.,0.));
#5898=DIRECTION('',(0.,-1.,0.));
#5899=DIRECTION('',(1.,0.,0.));
#5900=DIRECTION('center_axis',(0.,-1.,0.));
#5901=DIRECTION('ref_axis',(0.,0.,-1.));
#5902=DIRECTION('',(0.,0.,1.));
#5903=DIRECTION('center_axis',(-1.,0.,0.));
#5904=DIRECTION('ref_axis',(0.,-0.912260043217032,-0.409611539815053));
#5905=DIRECTION('center_axis',(1.,0.,0.));
#5906=DIRECTION('ref_axis',(0.,0.,1.));
#5907=DIRECTION('',(1.,0.,0.));
#5908=DIRECTION('center_axis',(0.,-0.387129173477186,0.922025489367225));
#5909=DIRECTION('ref_axis',(0.,-0.922025489367225,-0.387129173477186));
#5910=DIRECTION('',(0.,0.922025489367225,0.387129173477186));
#5911=DIRECTION('',(1.,0.,0.));
#5912=DIRECTION('center_axis',(-1.,0.,0.));
#5913=DIRECTION('ref_axis',(0.,0.487126242602754,0.873331565768536));
#5914=DIRECTION('center_axis',(-1.,0.,0.));
#5915=DIRECTION('ref_axis',(0.,0.487126242602754,0.873331565768536));
#5916=DIRECTION('',(1.,0.,0.));
#5917=DIRECTION('center_axis',(0.,-0.134824119436994,-0.990869545812182));
#5918=DIRECTION('ref_axis',(0.,0.990869545812182,-0.134824119436994));
#5919=DIRECTION('',(0.,-0.990869545812182,0.134824119436994));
#5920=DIRECTION('',(1.,0.,0.));
#5921=DIRECTION('center_axis',(-1.,0.,0.));
#5922=DIRECTION('ref_axis',(0.,0.,1.));
#5923=DIRECTION('center_axis',(1.,0.,0.));
#5924=DIRECTION('ref_axis',(0.,0.,1.));
#5925=DIRECTION('',(1.,0.,0.));
#5926=DIRECTION('center_axis',(0.,0.183219578534864,0.983072014677209));
#5927=DIRECTION('ref_axis',(0.,-0.983072014677209,0.183219578534864));
#5928=DIRECTION('',(0.,0.983072014677209,-0.183219578534864));
#5929=DIRECTION('center_axis',(0.,0.,1.));
#5930=DIRECTION('ref_axis',(0.,-1.,0.));
#5931=DIRECTION('',(0.,1.,0.));
#5932=DIRECTION('',(1.,0.,0.));
#5933=DIRECTION('center_axis',(0.,1.,0.));
#5934=DIRECTION('ref_axis',(0.,0.,1.));
#5935=DIRECTION('',(0.,0.,-1.));
#5936=DIRECTION('',(1.,0.,0.));
#5937=DIRECTION('center_axis',(0.,4.44089209850063E-16,1.));
#5938=DIRECTION('ref_axis',(0.,-1.,4.44089209850063E-16));
#5939=DIRECTION('',(0.,1.,-4.44089209850063E-16));
#5940=DIRECTION('',(1.,0.,0.));
#5941=DIRECTION('center_axis',(-1.,0.,0.));
#5942=DIRECTION('ref_axis',(0.,0.487126242602754,0.873331565768536));
#5943=DIRECTION('center_axis',(-1.,0.,0.));
#5944=DIRECTION('ref_axis',(0.,0.487126242602754,0.873331565768536));
#5945=DIRECTION('',(1.,0.,0.));
#5946=DIRECTION('center_axis',(0.,5.29660809968573E-6,-0.999999999985973));
#5947=DIRECTION('ref_axis',(0.,0.999999999985973,5.29660809968573E-6));
#5948=DIRECTION('',(0.,-0.999999999985973,-5.29660809968573E-6));
#5949=DIRECTION('center_axis',(-1.,0.,0.));
#5950=DIRECTION('ref_axis',(0.,0.,1.));
#5951=DIRECTION('center_axis',(1.,0.,0.));
#5952=DIRECTION('ref_axis',(0.,0.,1.));
#5953=DIRECTION('center_axis',(1.,0.,0.));
#5954=DIRECTION('ref_axis',(0.,0.,1.));
#5955=DIRECTION('center_axis',(1.,0.,0.));
#5956=DIRECTION('ref_axis',(0.,0.,1.));
#5957=DIRECTION('center_axis',(1.,0.,0.));
#5958=DIRECTION('ref_axis',(0.,0.,1.));
#5959=DIRECTION('center_axis',(1.,0.,0.));
#5960=DIRECTION('ref_axis',(0.,0.,1.));
#5961=DIRECTION('center_axis',(1.,0.,0.));
#5962=DIRECTION('ref_axis',(0.,0.,1.));
#5963=DIRECTION('center_axis',(1.,0.,0.));
#5964=DIRECTION('ref_axis',(0.,0.,1.));
#5965=DIRECTION('center_axis',(-1.,0.,0.));
#5966=DIRECTION('ref_axis',(0.,0.,1.));
#5967=DIRECTION('center_axis',(1.,0.,0.));
#5968=DIRECTION('ref_axis',(0.,0.,1.));
#5969=DIRECTION('center_axis',(1.,0.,0.));
#5970=DIRECTION('ref_axis',(0.,0.,1.));
#5971=DIRECTION('center_axis',(1.,0.,0.));
#5972=DIRECTION('ref_axis',(0.,0.,1.));
#5973=DIRECTION('center_axis',(1.,0.,0.));
#5974=DIRECTION('ref_axis',(0.,0.,1.));
#5975=DIRECTION('center_axis',(1.,0.,0.));
#5976=DIRECTION('ref_axis',(0.,0.,1.));
#5977=DIRECTION('center_axis',(1.,0.,0.));
#5978=DIRECTION('ref_axis',(0.,0.,1.));
#5979=DIRECTION('center_axis',(1.,0.,0.));
#5980=DIRECTION('ref_axis',(0.,0.,1.));
#5981=DIRECTION('center_axis',(-1.,0.,0.));
#5982=DIRECTION('ref_axis',(0.,0.,1.));
#5983=DIRECTION('',(-1.,0.,0.));
#5984=DIRECTION('center_axis',(-1.,0.,0.));
#5985=DIRECTION('ref_axis',(0.,0.,1.));
#5986=DIRECTION('',(-1.,0.,0.));
#5987=DIRECTION('center_axis',(-1.,0.,0.));
#5988=DIRECTION('ref_axis',(0.,0.,1.));
#5989=DIRECTION('',(-1.,0.,0.));
#5990=DIRECTION('center_axis',(-1.,0.,0.));
#5991=DIRECTION('ref_axis',(0.,0.,1.));
#5992=DIRECTION('',(-1.,0.,0.));
#5993=DIRECTION('center_axis',(-1.,0.,0.));
#5994=DIRECTION('ref_axis',(0.,0.,1.));
#5995=DIRECTION('',(-1.,0.,0.));
#5996=DIRECTION('center_axis',(-1.,0.,0.));
#5997=DIRECTION('ref_axis',(0.,0.,1.));
#5998=DIRECTION('',(-1.,0.,0.));
#5999=DIRECTION('center_axis',(-1.,0.,0.));
#6000=DIRECTION('ref_axis',(0.,0.,1.));
#6001=DIRECTION('',(-1.,0.,0.));
#6002=DIRECTION('center_axis',(-1.,0.,0.));
#6003=DIRECTION('ref_axis',(0.,0.,1.));
#6004=DIRECTION('axis',(0.,0.,1.));
#6005=DIRECTION('refdir',(1.,0.,0.));
#6006=DIRECTION('',(0.,0.,1.));
#6007=DIRECTION('',(1.,0.,0.));
#6008=DIRECTION('',(0.,0.,1.));
#6009=DIRECTION('',(1.,0.,0.));
#6010=DIRECTION('',(0.,0.,1.));
#6011=DIRECTION('',(1.,0.,0.));
#6012=DIRECTION('',(0.,0.,1.));
#6013=DIRECTION('',(1.,0.,0.));
#6014=CARTESIAN_POINT('',(0.,0.,0.));
#6015=CARTESIAN_POINT('',(0.,0.,0.));
#6016=CARTESIAN_POINT('Origin',(50.,4.,-84.453695));
#6017=CARTESIAN_POINT('',(51.6,4.,-79.9));
#6018=CARTESIAN_POINT('Origin',(50.,4.,-79.9));
#6019=CARTESIAN_POINT('',(51.6,4.,-75.5463050063702));
#6020=CARTESIAN_POINT('',(51.6,4.,-84.453695));
#6021=CARTESIAN_POINT('Origin',(50.,4.,-75.5463050063702));
#6022=CARTESIAN_POINT('Origin',(8.88178419700125E-15,4.,-84.453695));
#6023=CARTESIAN_POINT('',(1.60000000000001,4.,-79.9));
#6024=CARTESIAN_POINT('Origin',(8.88178419700125E-15,4.,-79.9));
#6025=CARTESIAN_POINT('',(1.60000000000001,4.,-75.5463050063702));
#6026=CARTESIAN_POINT('',(1.60000000000001,4.,-84.453695));
#6027=CARTESIAN_POINT('Origin',(8.88178419700125E-15,4.,-75.5463050063702));
#6028=CARTESIAN_POINT('Origin',(-50.,4.00000000000001,-84.453695));
#6029=CARTESIAN_POINT('',(-48.4,4.00000000000001,-79.9));
#6030=CARTESIAN_POINT('Origin',(-50.,4.00000000000001,-79.9));
#6031=CARTESIAN_POINT('',(-48.4,4.00000000000001,-75.5463050063702));
#6032=CARTESIAN_POINT('',(-48.4,4.00000000000001,-84.453695));
#6033=CARTESIAN_POINT('Origin',(-50.,4.00000000000001,-75.5463050063702));
#6034=CARTESIAN_POINT('Origin',(-80.,0.,-75.5463050063702));
#6035=CARTESIAN_POINT('',(80.,0.,-75.5463050063702));
#6036=CARTESIAN_POINT('',(-80.,0.,-75.5463050063702));
#6037=CARTESIAN_POINT('',(-40.,0.,-75.5463050063702));
#6038=CARTESIAN_POINT('',(80.,8.,-75.5463050063702));
#6039=CARTESIAN_POINT('',(80.,0.,-75.5463050063702));
#6040=CARTESIAN_POINT('',(-80.,8.,-75.5463050063702));
#6041=CARTESIAN_POINT('',(-80.,8.,-75.5463050063702));
#6042=CARTESIAN_POINT('',(-80.,0.,-75.5463050063702));
#6043=CARTESIAN_POINT('Origin',(0.,8.,-77.7231525031851));
#6044=CARTESIAN_POINT('',(80.,8.,-79.9));
#6045=CARTESIAN_POINT('',(80.,8.,-80.));
#6046=CARTESIAN_POINT('',(-80.,8.,-79.9));
#6047=CARTESIAN_POINT('',(-80.,8.,-79.9));
#6048=CARTESIAN_POINT('',(-80.,8.,80.));
#6049=CARTESIAN_POINT('Origin',(0.,0.,0.0499999999999989));
#6050=CARTESIAN_POINT('',(-80.,0.,80.));
#6051=CARTESIAN_POINT('',(-80.,0.,80.));
#6052=CARTESIAN_POINT('',(80.,0.,80.));
#6053=CARTESIAN_POINT('',(80.,0.,80.));
#6054=CARTESIAN_POINT('',(80.,0.,-80.));
#6055=CARTESIAN_POINT('',(-61.6,0.,75.));
#6056=CARTESIAN_POINT('Origin',(-60.,0.,75.));
#6057=CARTESIAN_POINT('',(58.4,0.,75.));
#6058=CARTESIAN_POINT('Origin',(60.,0.,75.));
#6059=CARTESIAN_POINT('',(-1.6,0.,75.));
#6060=CARTESIAN_POINT('Origin',(-2.22044604925031E-15,0.,75.));
#6061=CARTESIAN_POINT('',(-76.6,0.,-70.));
#6062=CARTESIAN_POINT('Origin',(-75.,0.,-70.));
#6063=CARTESIAN_POINT('',(-76.6,0.,70.));
#6064=CARTESIAN_POINT('Origin',(-75.,0.,70.));
#6065=CARTESIAN_POINT('',(-76.6,0.,-25.));
#6066=CARTESIAN_POINT('Origin',(-75.,0.,-25.));
#6067=CARTESIAN_POINT('',(73.4,0.,-70.));
#6068=CARTESIAN_POINT('Origin',(75.,0.,-70.));
#6069=CARTESIAN_POINT('',(-76.6,0.,25.));
#6070=CARTESIAN_POINT('Origin',(-75.,0.,25.));
#6071=CARTESIAN_POINT('',(73.4,0.,-25.));
#6072=CARTESIAN_POINT('Origin',(75.,0.,-25.));
#6073=CARTESIAN_POINT('',(73.4,0.,25.));
#6074=CARTESIAN_POINT('Origin',(75.,0.,25.));
#6075=CARTESIAN_POINT('',(-4.99999999999999,0.,-20.));
#6076=CARTESIAN_POINT('',(5.,0.,-20.));
#6077=CARTESIAN_POINT('Origin',(3.40194893126355E-15,0.,-20.));
#6078=CARTESIAN_POINT('',(5.,0.,-14.142135623731));
#6079=CARTESIAN_POINT('',(5.,0.,-20.));
#6080=CARTESIAN_POINT('',(-4.99999999999999,0.,-14.142135623731));
#6081=CARTESIAN_POINT('Origin',(0.,0.,0.));
#6082=CARTESIAN_POINT('',(-4.99999999999999,0.,-20.));
#6083=CARTESIAN_POINT('',(15.7205080756888,0.,-10.));
#6084=CARTESIAN_POINT('Origin',(17.3205080756888,0.,-10.));
#6085=CARTESIAN_POINT('',(73.4,0.,70.));
#6086=CARTESIAN_POINT('Origin',(75.,0.,70.));
#6087=CARTESIAN_POINT('',(-1.6,0.,20.));
#6088=CARTESIAN_POINT('Origin',(1.03894316723708E-15,0.,20.));
#6089=CARTESIAN_POINT('',(-18.9205080756888,0.,-10.));
#6090=CARTESIAN_POINT('Origin',(-17.3205080756888,0.,-10.));
#6091=CARTESIAN_POINT('Origin',(-60.,0.,75.));
#6092=CARTESIAN_POINT('',(-61.6,-3.,75.));
#6093=CARTESIAN_POINT('Origin',(-60.,-3.,75.));
#6094=CARTESIAN_POINT('',(-61.6,0.,75.));
#6095=CARTESIAN_POINT('Origin',(60.,0.,75.));
#6096=CARTESIAN_POINT('',(58.4,-3.,75.));
#6097=CARTESIAN_POINT('Origin',(60.,-3.,75.));
#6098=CARTESIAN_POINT('',(58.4,0.,75.));
#6099=CARTESIAN_POINT('Origin',(-2.22044604925031E-15,0.,75.));
#6100=CARTESIAN_POINT('',(-1.6,-3.,75.));
#6101=CARTESIAN_POINT('Origin',(-2.22044604925031E-15,-3.,75.));
#6102=CARTESIAN_POINT('',(-1.6,0.,75.));
#6103=CARTESIAN_POINT('Origin',(-75.,0.,-70.));
#6104=CARTESIAN_POINT('',(-76.6,-3.,-70.));
#6105=CARTESIAN_POINT('Origin',(-75.,-3.,-70.));
#6106=CARTESIAN_POINT('',(-76.6,0.,-70.));
#6107=CARTESIAN_POINT('Origin',(-75.,0.,70.));
#6108=CARTESIAN_POINT('',(-76.6,-3.,70.));
#6109=CARTESIAN_POINT('Origin',(-75.,-3.,70.));
#6110=CARTESIAN_POINT('',(-76.6,0.,70.));
#6111=CARTESIAN_POINT('Origin',(-75.,0.,-25.));
#6112=CARTESIAN_POINT('',(-76.6,-3.,-25.));
#6113=CARTESIAN_POINT('Origin',(-75.,-3.,-25.));
#6114=CARTESIAN_POINT('',(-76.6,0.,-25.));
#6115=CARTESIAN_POINT('Origin',(75.,0.,-70.));
#6116=CARTESIAN_POINT('',(73.4,-3.,-70.));
#6117=CARTESIAN_POINT('Origin',(75.,-3.,-70.));
#6118=CARTESIAN_POINT('',(73.4,0.,-70.));
#6119=CARTESIAN_POINT('Origin',(-75.,0.,25.));
#6120=CARTESIAN_POINT('',(-76.6,-3.,25.));
#6121=CARTESIAN_POINT('Origin',(-75.,-3.,25.));
#6122=CARTESIAN_POINT('',(-76.6,0.,25.));
#6123=CARTESIAN_POINT('Origin',(75.,0.,-25.));
#6124=CARTESIAN_POINT('',(73.4,-3.,-25.));
#6125=CARTESIAN_POINT('Origin',(75.,-3.,-25.));
#6126=CARTESIAN_POINT('',(73.4,0.,-25.));
#6127=CARTESIAN_POINT('Origin',(75.,0.,25.));
#6128=CARTESIAN_POINT('',(73.4,-3.,25.));
#6129=CARTESIAN_POINT('Origin',(75.,-3.,25.));
#6130=CARTESIAN_POINT('',(73.4,0.,25.));
#6131=CARTESIAN_POINT('Origin',(5.,0.,-14.142135623731));
#6132=CARTESIAN_POINT('',(5.,-3.,-20.));
#6133=CARTESIAN_POINT('',(5.,0.,-20.));
#6134=CARTESIAN_POINT('',(4.99999999999999,-3.,-14.142135623731));
#6135=CARTESIAN_POINT('',(5.,-3.,-20.));
#6136=CARTESIAN_POINT('',(5.,0.,-14.142135623731));
#6137=CARTESIAN_POINT('Origin',(0.,0.,0.));
#6138=CARTESIAN_POINT('',(-4.99999999999999,-3.,-14.142135623731));
#6139=CARTESIAN_POINT('Origin',(0.,-3.,0.));
#6140=CARTESIAN_POINT('',(-4.99999999999999,0.,-14.142135623731));
#6141=CARTESIAN_POINT('Origin',(-4.99999999999999,0.,-20.));
#6142=CARTESIAN_POINT('',(-4.99999999999999,-3.,-20.));
#6143=CARTESIAN_POINT('',(-4.99999999999999,-3.,-20.));
#6144=CARTESIAN_POINT('',(-4.99999999999999,0.,-20.));
#6145=CARTESIAN_POINT('Origin',(3.40194893126355E-15,0.,-20.));
#6146=CARTESIAN_POINT('Origin',(3.40194893126355E-15,-3.,-20.));
#6147=CARTESIAN_POINT('Origin',(17.3205080756888,0.,-10.));
#6148=CARTESIAN_POINT('',(15.7205080756888,-3.,-10.));
#6149=CARTESIAN_POINT('Origin',(17.3205080756888,-3.,-10.));
#6150=CARTESIAN_POINT('',(15.7205080756888,0.,-10.));
#6151=CARTESIAN_POINT('Origin',(75.,0.,70.));
#6152=CARTESIAN_POINT('',(73.4,-3.,70.));
#6153=CARTESIAN_POINT('Origin',(75.,-3.,70.));
#6154=CARTESIAN_POINT('',(73.4,0.,70.));
#6155=CARTESIAN_POINT('Origin',(1.03894316723708E-15,0.,20.));
#6156=CARTESIAN_POINT('',(-1.6,-3.,20.));
#6157=CARTESIAN_POINT('Origin',(1.03894316723708E-15,-3.,20.));
#6158=CARTESIAN_POINT('',(-1.6,0.,20.));
#6159=CARTESIAN_POINT('Origin',(-17.3205080756888,0.,-10.));
#6160=CARTESIAN_POINT('',(-18.9205080756888,-3.,-10.));
#6161=CARTESIAN_POINT('Origin',(-17.3205080756888,-3.,-10.));
#6162=CARTESIAN_POINT('',(-18.9205080756888,0.,-10.));
#6163=CARTESIAN_POINT('Origin',(80.,0.,80.));
#6164=CARTESIAN_POINT('',(-80.,-3.,80.));
#6165=CARTESIAN_POINT('',(-80.,0.,80.));
#6166=CARTESIAN_POINT('',(80.,-3.,80.));
#6167=CARTESIAN_POINT('',(80.,-3.,80.));
#6168=CARTESIAN_POINT('',(80.,0.,80.));
#6169=CARTESIAN_POINT('Origin',(80.,0.,-79.9));
#6170=CARTESIAN_POINT('',(80.,-3.,-79.9));
#6171=CARTESIAN_POINT('',(80.,-3.,-80.));
#6172=CARTESIAN_POINT('',(80.,0.,-79.9));
#6173=CARTESIAN_POINT('Origin',(-80.,0.,-79.9));
#6174=CARTESIAN_POINT('',(-80.,-3.,-79.9));
#6175=CARTESIAN_POINT('',(-80.,-3.,-79.9));
#6176=CARTESIAN_POINT('',(-80.,0.,-79.9));
#6177=CARTESIAN_POINT('Origin',(-80.,0.,80.));
#6178=CARTESIAN_POINT('',(-80.,-3.,80.));
#6179=CARTESIAN_POINT('Origin',(0.,-3.,0.0499999999999989));
#6180=CARTESIAN_POINT('Origin',(50.,4.,-84.453695));
#6181=CARTESIAN_POINT('',(51.6,4.,-84.453695));
#6182=CARTESIAN_POINT('Origin',(50.,4.,-84.453695));
#6183=CARTESIAN_POINT('',(51.6,4.,-80.1));
#6184=CARTESIAN_POINT('',(51.6,4.,-84.453695));
#6185=CARTESIAN_POINT('Origin',(50.,4.,-80.1));
#6186=CARTESIAN_POINT('Origin',(8.88178419700125E-15,4.,-84.453695));
#6187=CARTESIAN_POINT('',(1.60000000000001,4.,-84.453695));
#6188=CARTESIAN_POINT('Origin',(8.88178419700125E-15,4.,-84.453695));
#6189=CARTESIAN_POINT('',(1.60000000000001,4.,-80.1));
#6190=CARTESIAN_POINT('',(1.60000000000001,4.,-84.453695));
#6191=CARTESIAN_POINT('Origin',(8.88178419700125E-15,4.,-80.1));
#6192=CARTESIAN_POINT('Origin',(-50.,4.00000000000001,-84.453695));
#6193=CARTESIAN_POINT('',(-48.4,4.00000000000001,-84.453695));
#6194=CARTESIAN_POINT('Origin',(-50.,4.00000000000001,-84.453695));
#6195=CARTESIAN_POINT('',(-48.4,4.00000000000001,-80.1));
#6196=CARTESIAN_POINT('',(-48.4,4.00000000000001,-84.453695));
#6197=CARTESIAN_POINT('Origin',(-50.,4.00000000000001,-80.1));
#6198=CARTESIAN_POINT('Origin',(76.5942332352941,0.,-84.453695));
#6199=CARTESIAN_POINT('',(-76.5942332352942,0.,-84.453695));
#6200=CARTESIAN_POINT('',(76.5942332352941,0.,-84.453695));
#6201=CARTESIAN_POINT('',(38.2971166176471,0.,-84.453695));
#6202=CARTESIAN_POINT('',(-76.5942332352942,8.,-84.453695));
#6203=CARTESIAN_POINT('',(-76.5942332352942,0.,-84.453695));
#6204=CARTESIAN_POINT('',(76.5942332352941,8.,-84.453695));
#6205=CARTESIAN_POINT('',(-76.5942332352942,8.,-84.453695));
#6206=CARTESIAN_POINT('',(76.5942332352941,0.,-84.453695));
#6207=CARTESIAN_POINT('Origin',(0.,8.,-82.2768475));
#6208=CARTESIAN_POINT('',(-79.9235294117647,8.,-80.1));
#6209=CARTESIAN_POINT('',(-15.,8.,-165.));
#6210=CARTESIAN_POINT('',(79.9235294117647,8.,-80.1));
#6211=CARTESIAN_POINT('',(-80.,8.,-80.1));
#6212=CARTESIAN_POINT('',(15.,8.,-165.));
#6213=CARTESIAN_POINT('Origin',(0.,0.,-122.55));
#6214=CARTESIAN_POINT('',(15.,0.,-165.));
#6215=CARTESIAN_POINT('',(15.,0.,-165.));
#6216=CARTESIAN_POINT('',(-15.,0.,-165.));
#6217=CARTESIAN_POINT('',(-15.,0.,-165.));
#6218=CARTESIAN_POINT('',(-15.,0.,-165.));
#6219=CARTESIAN_POINT('',(-63.1566053312215,0.,-95.8871566595439));
#6220=CARTESIAN_POINT('Origin',(-61.5566053312215,0.,-95.8871566595439));
#6221=CARTESIAN_POINT('',(-22.4546096340534,0.,-149.112843340456));
#6222=CARTESIAN_POINT('Origin',(-20.8546096340534,0.,-149.112843340456));
#6223=CARTESIAN_POINT('',(59.9566053312216,0.,-95.8871566595439));
#6224=CARTESIAN_POINT('Origin',(61.5566053312216,0.,-95.8871566595439));
#6225=CARTESIAN_POINT('',(-16.5,0.,-142.));
#6226=CARTESIAN_POINT('Origin',(-14.,0.,-142.));
#6227=CARTESIAN_POINT('',(19.2546096340535,0.,-149.112843340456));
#6228=CARTESIAN_POINT('Origin',(20.8546096340535,0.,-149.112843340456));
#6229=CARTESIAN_POINT('',(11.5,0.,-142.));
#6230=CARTESIAN_POINT('Origin',(14.,0.,-142.));
#6231=CARTESIAN_POINT('',(-16.5,0.,-107.));
#6232=CARTESIAN_POINT('Origin',(-14.,0.,-107.));
#6233=CARTESIAN_POINT('',(11.5,0.,-107.));
#6234=CARTESIAN_POINT('Origin',(14.,0.,-107.));
#6235=CARTESIAN_POINT('Origin',(-61.5566053312215,0.,-95.8871566595439));
#6236=CARTESIAN_POINT('',(-63.1566053312215,-3.,-95.8871566595439));
#6237=CARTESIAN_POINT('Origin',(-61.5566053312215,-3.,-95.8871566595439));
#6238=CARTESIAN_POINT('',(-63.1566053312215,0.,-95.8871566595439));
#6239=CARTESIAN_POINT('Origin',(-20.8546096340534,0.,-149.112843340456));
#6240=CARTESIAN_POINT('',(-22.4546096340534,-3.,-149.112843340456));
#6241=CARTESIAN_POINT('Origin',(-20.8546096340534,-3.,-149.112843340456));
#6242=CARTESIAN_POINT('',(-22.4546096340534,0.,-149.112843340456));
#6243=CARTESIAN_POINT('Origin',(61.5566053312216,0.,-95.8871566595439));
#6244=CARTESIAN_POINT('',(59.9566053312216,-3.,-95.8871566595439));
#6245=CARTESIAN_POINT('Origin',(61.5566053312216,-3.,-95.8871566595439));
#6246=CARTESIAN_POINT('',(59.9566053312216,0.,-95.8871566595439));
#6247=CARTESIAN_POINT('Origin',(-14.,0.,-142.));
#6248=CARTESIAN_POINT('',(-16.5,-3.,-142.));
#6249=CARTESIAN_POINT('Origin',(-14.,-3.,-142.));
#6250=CARTESIAN_POINT('',(-16.5,0.,-142.));
#6251=CARTESIAN_POINT('Origin',(20.8546096340535,0.,-149.112843340456));
#6252=CARTESIAN_POINT('',(19.2546096340535,-3.,-149.112843340456));
#6253=CARTESIAN_POINT('Origin',(20.8546096340535,-3.,-149.112843340456));
#6254=CARTESIAN_POINT('',(19.2546096340535,0.,-149.112843340456));
#6255=CARTESIAN_POINT('Origin',(14.,0.,-142.));
#6256=CARTESIAN_POINT('',(11.5,-3.,-142.));
#6257=CARTESIAN_POINT('Origin',(14.,-3.,-142.));
#6258=CARTESIAN_POINT('',(11.5,0.,-142.));
#6259=CARTESIAN_POINT('Origin',(-14.,0.,-107.));
#6260=CARTESIAN_POINT('',(-16.5,-3.,-107.));
#6261=CARTESIAN_POINT('Origin',(-14.,-3.,-107.));
#6262=CARTESIAN_POINT('',(-16.5,0.,-107.));
#6263=CARTESIAN_POINT('Origin',(14.,0.,-107.));
#6264=CARTESIAN_POINT('',(11.5,-3.,-107.));
#6265=CARTESIAN_POINT('Origin',(14.,-3.,-107.));
#6266=CARTESIAN_POINT('',(11.5,0.,-107.));
#6267=CARTESIAN_POINT('Origin',(-79.9235294117647,0.,-80.1));
#6268=CARTESIAN_POINT('',(-15.,-3.,-165.));
#6269=CARTESIAN_POINT('',(-15.,0.,-165.));
#6270=CARTESIAN_POINT('',(-79.9235294117647,-3.,-80.1));
#6271=CARTESIAN_POINT('',(-15.,-3.,-165.));
#6272=CARTESIAN_POINT('',(-79.9235294117647,0.,-80.1));
#6273=CARTESIAN_POINT('Origin',(79.9235294117647,0.,-80.1));
#6274=CARTESIAN_POINT('',(79.9235294117647,-3.,-80.1));
#6275=CARTESIAN_POINT('',(-80.,-3.,-80.1));
#6276=CARTESIAN_POINT('',(79.9235294117647,0.,-80.1));
#6277=CARTESIAN_POINT('Origin',(15.,0.,-165.));
#6278=CARTESIAN_POINT('',(15.,-3.,-165.));
#6279=CARTESIAN_POINT('',(15.,-3.,-165.));
#6280=CARTESIAN_POINT('',(15.,0.,-165.));
#6281=CARTESIAN_POINT('Origin',(-15.,0.,-165.));
#6282=CARTESIAN_POINT('',(-15.,-3.,-165.));
#6283=CARTESIAN_POINT('Origin',(0.,-3.,-122.55));
#6284=CARTESIAN_POINT('',(0.,0.,0.));
#6285=CARTESIAN_POINT('Origin',(83.,59.1173846045552,-32.291512520216));
#6286=CARTESIAN_POINT('',(83.,59.1173846045552,-30.691512520216));
#6287=CARTESIAN_POINT('Origin',(83.,59.1173846045552,-32.291512520216));
#6288=CARTESIAN_POINT('',(80.,59.1173846045552,-30.691512520216));
#6289=CARTESIAN_POINT('',(83.,59.1173846045552,-30.691512520216));
#6290=CARTESIAN_POINT('Origin',(80.,59.1173846045552,-32.291512520216));
#6291=CARTESIAN_POINT('Origin',(83.,51.4666377218342,25.7139673265723));
#6292=CARTESIAN_POINT('',(83.,51.4666377218342,27.3139673265723));
#6293=CARTESIAN_POINT('Origin',(83.,51.4666377218342,25.7139673265723));
#6294=CARTESIAN_POINT('',(80.,51.4666377218342,27.3139673265723));
#6295=CARTESIAN_POINT('',(83.,51.4666377218342,27.3139673265723));
#6296=CARTESIAN_POINT('Origin',(80.,51.4666377218342,25.7139673265723));
#6297=CARTESIAN_POINT('Origin',(83.,13.2,69.9726846327201));
#6298=CARTESIAN_POINT('',(83.,13.2,71.5726846327201));
#6299=CARTESIAN_POINT('Origin',(83.,13.2,69.9726846327201));
#6300=CARTESIAN_POINT('',(80.,13.2,71.5726846327201));
#6301=CARTESIAN_POINT('',(83.,13.2,71.5726846327201));
#6302=CARTESIAN_POINT('Origin',(80.,13.2,69.9726846327201));
#6303=CARTESIAN_POINT('Origin',(83.,12.,-77.0000624999756));
#6304=CARTESIAN_POINT('',(83.,-3.2,-77.0000624999756));
#6305=CARTESIAN_POINT('',(83.,12.,-77.0000624999756));
#6306=CARTESIAN_POINT('',(83.,28.2000156249939,-77.0000624999756));
#6307=CARTESIAN_POINT('',(98.,-3.2,-77.0000624999756));
#6308=CARTESIAN_POINT('',(83.,-3.2,-77.0000624999756));
#6309=CARTESIAN_POINT('',(98.,12.,-77.0000624999756));
#6310=CARTESIAN_POINT('',(98.,28.2000156249939,-77.0000624999756));
#6311=CARTESIAN_POINT('',(83.,12.,-77.0000624999756));
#6312=CARTESIAN_POINT('Origin',(83.,12.,-1.24344978758018E-15));
#6313=CARTESIAN_POINT('',(83.,12.,77.0000624999756));
#6314=CARTESIAN_POINT('Origin',(83.,12.,-1.24344978758018E-15));
#6315=CARTESIAN_POINT('',(98.,12.,77.0000624999756));
#6316=CARTESIAN_POINT('Origin',(98.,12.,-1.24344978758018E-15));
#6317=CARTESIAN_POINT('',(83.,12.,77.0000624999756));
#6318=CARTESIAN_POINT('Origin',(83.,-3.2,77.0000624999756));
#6319=CARTESIAN_POINT('',(83.,-3.2,77.0000624999756));
#6320=CARTESIAN_POINT('',(83.,20.6000156249939,77.0000624999756));
#6321=CARTESIAN_POINT('',(98.,-3.2,77.0000624999756));
#6322=CARTESIAN_POINT('',(98.,20.6000156249939,77.0000624999756));
#6323=CARTESIAN_POINT('',(83.,-3.2,77.0000624999756));
#6324=CARTESIAN_POINT('Origin',(98.,44.4000312499878,0.));
#6325=CARTESIAN_POINT('',(98.,-3.2,-79.9));
#6326=CARTESIAN_POINT('',(98.,-3.2,-38.5000312499878));
#6327=CARTESIAN_POINT('',(98.,11.4639129748733,-79.9982662980986));
#6328=CARTESIAN_POINT('',(98.,20.3312446587037,-80.0576883541402));
#6329=CARTESIAN_POINT('',(98.,12.,80.0000624999756));
#6330=CARTESIAN_POINT('Origin',(98.,12.,-1.24344978758018E-15));
#6331=CARTESIAN_POINT('',(98.,-3.2,80.0000624999756));
#6332=CARTESIAN_POINT('',(98.,28.2000156249939,80.0000624999756));
#6333=CARTESIAN_POINT('',(98.,-3.2,40.0000312499878));
#6334=CARTESIAN_POINT('Origin',(83.,44.4000312499878,0.));
#6335=CARTESIAN_POINT('',(83.,-3.2,80.0000624999756));
#6336=CARTESIAN_POINT('',(83.,6.0766062413412,9.35));
#6337=CARTESIAN_POINT('Origin',(83.,6.0766062413412,7.75));
#6338=CARTESIAN_POINT('',(83.,6.0766062413412,-6.14999999999999));
#6339=CARTESIAN_POINT('Origin',(83.,6.0766062413412,-7.74999999999999));
#6340=CARTESIAN_POINT('',(83.,12.,7.));
#6341=CARTESIAN_POINT('Origin',(83.,12.,-1.24344978758018E-15));
#6342=CARTESIAN_POINT('',(83.,19.5,17.1));
#6343=CARTESIAN_POINT('Origin',(83.,19.5,15.5));
#6344=CARTESIAN_POINT('',(83.,32.9233937586588,9.35));
#6345=CARTESIAN_POINT('Origin',(83.,32.9233937586588,7.75));
#6346=CARTESIAN_POINT('',(83.,32.9233937586588,-6.15));
#6347=CARTESIAN_POINT('Origin',(83.,32.9233937586588,-7.75));
#6348=CARTESIAN_POINT('',(83.,19.5,-13.9));
#6349=CARTESIAN_POINT('Origin',(83.,19.5,-15.5));
#6350=CARTESIAN_POINT('Origin',(80.,6.0766062413412,7.75));
#6351=CARTESIAN_POINT('',(80.,6.0766062413412,9.35));
#6352=CARTESIAN_POINT('',(80.,6.0766062413412,9.35));
#6353=CARTESIAN_POINT('Origin',(80.,6.0766062413412,7.75));
#6354=CARTESIAN_POINT('Origin',(80.,6.0766062413412,-7.74999999999999));
#6355=CARTESIAN_POINT('',(80.,6.0766062413412,-6.14999999999999));
#6356=CARTESIAN_POINT('',(80.,6.0766062413412,-6.14999999999999));
#6357=CARTESIAN_POINT('Origin',(80.,6.0766062413412,-7.74999999999999));
#6358=CARTESIAN_POINT('Origin',(80.,12.,-1.24344978758018E-15));
#6359=CARTESIAN_POINT('',(80.,12.,7.));
#6360=CARTESIAN_POINT('',(80.,12.,7.));
#6361=CARTESIAN_POINT('Origin',(80.,12.,-1.24344978758018E-15));
#6362=CARTESIAN_POINT('Origin',(80.,19.5,15.5));
#6363=CARTESIAN_POINT('',(80.,19.5,17.1));
#6364=CARTESIAN_POINT('',(80.,19.5,17.1));
#6365=CARTESIAN_POINT('Origin',(80.,19.5,15.5));
#6366=CARTESIAN_POINT('Origin',(80.,32.9233937586588,7.75));
#6367=CARTESIAN_POINT('',(80.,32.9233937586588,9.35));
#6368=CARTESIAN_POINT('',(80.,32.9233937586588,9.35));
#6369=CARTESIAN_POINT('Origin',(80.,32.9233937586588,7.75));
#6370=CARTESIAN_POINT('Origin',(80.,32.9233937586588,-7.75));
#6371=CARTESIAN_POINT('',(80.,32.9233937586588,-6.15));
#6372=CARTESIAN_POINT('',(80.,32.9233937586588,-6.15));
#6373=CARTESIAN_POINT('Origin',(80.,32.9233937586588,-7.75));
#6374=CARTESIAN_POINT('Origin',(80.,19.5,-15.5));
#6375=CARTESIAN_POINT('',(80.,19.5,-13.9));
#6376=CARTESIAN_POINT('',(80.,19.5,-13.9));
#6377=CARTESIAN_POINT('Origin',(80.,19.5,-15.5));
#6378=CARTESIAN_POINT('Origin',(80.,12.,80.0000624999756));
#6379=CARTESIAN_POINT('',(80.,-3.2,80.0000624999756));
#6380=CARTESIAN_POINT('',(80.,12.,80.0000624999756));
#6381=CARTESIAN_POINT('',(80.,-6.2,80.0000624999756));
#6382=CARTESIAN_POINT('',(80.,-3.2,80.0000624999756));
#6383=CARTESIAN_POINT('',(80.,12.,80.0000624999756));
#6384=CARTESIAN_POINT('Origin',(80.,12.,-1.24344978758018E-15));
#6385=CARTESIAN_POINT('',(80.,11.4639129748733,-79.9982662980985));
#6386=CARTESIAN_POINT('Origin',(80.,12.,-1.24344978758018E-15));
#6387=CARTESIAN_POINT('',(80.,11.4639129748733,-79.9982662980985));
#6388=CARTESIAN_POINT('Origin',(80.,-3.2,-79.9));
#6389=CARTESIAN_POINT('',(80.,-3.2,-79.9));
#6390=CARTESIAN_POINT('',(80.,-3.2,-79.9));
#6391=CARTESIAN_POINT('',(80.,-3.2,-79.9));
#6392=CARTESIAN_POINT('Origin',(80.,-3.2,80.0000624999756));
#6393=CARTESIAN_POINT('',(80.,-3.2,80.0000624999756));
#6394=CARTESIAN_POINT('Origin',(80.,44.4000312499878,0.));
#6395=CARTESIAN_POINT('Origin',(83.,59.1173846045552,-32.291512520216));
#6396=CARTESIAN_POINT('',(-80.,59.1173846045552,-30.691512520216));
#6397=CARTESIAN_POINT('Origin',(-80.,59.1173846045552,-32.291512520216));
#6398=CARTESIAN_POINT('',(-83.,59.1173846045552,-30.691512520216));
#6399=CARTESIAN_POINT('',(83.,59.1173846045552,-30.691512520216));
#6400=CARTESIAN_POINT('Origin',(-83.,59.1173846045552,-32.291512520216));
#6401=CARTESIAN_POINT('Origin',(83.,51.4666377218342,25.7139673265723));
#6402=CARTESIAN_POINT('',(-80.,51.4666377218342,27.3139673265723));
#6403=CARTESIAN_POINT('Origin',(-80.,51.4666377218342,25.7139673265723));
#6404=CARTESIAN_POINT('',(-83.,51.4666377218342,27.3139673265723));
#6405=CARTESIAN_POINT('',(83.,51.4666377218342,27.3139673265723));
#6406=CARTESIAN_POINT('Origin',(-83.,51.4666377218342,25.7139673265723));
#6407=CARTESIAN_POINT('Origin',(83.,13.2,69.9726846327201));
#6408=CARTESIAN_POINT('',(-80.,13.2,71.5726846327201));
#6409=CARTESIAN_POINT('Origin',(-80.,13.2,69.9726846327201));
#6410=CARTESIAN_POINT('',(-83.,13.2,71.5726846327201));
#6411=CARTESIAN_POINT('',(83.,13.2,71.5726846327201));
#6412=CARTESIAN_POINT('Origin',(-83.,13.2,69.9726846327201));
#6413=CARTESIAN_POINT('Origin',(-83.,12.,-77.0000624999756));
#6414=CARTESIAN_POINT('',(-83.,-3.2,-77.0000624999756));
#6415=CARTESIAN_POINT('',(-83.,12.,-77.0000624999756));
#6416=CARTESIAN_POINT('',(-83.,28.2000156249939,-77.0000624999756));
#6417=CARTESIAN_POINT('',(-98.,12.,-77.0000624999756));
#6418=CARTESIAN_POINT('',(-83.,12.,-77.0000624999756));
#6419=CARTESIAN_POINT('',(-98.,-3.2,-77.0000624999756));
#6420=CARTESIAN_POINT('',(-98.,28.2000156249939,-77.0000624999756));
#6421=CARTESIAN_POINT('',(-83.,-3.2,-77.0000624999756));
#6422=CARTESIAN_POINT('Origin',(-83.,12.,-1.24344978758018E-15));
#6423=CARTESIAN_POINT('',(-83.,12.,77.0000624999756));
#6424=CARTESIAN_POINT('Origin',(-83.,12.,-1.24344978758018E-15));
#6425=CARTESIAN_POINT('',(-98.,12.,77.0000624999756));
#6426=CARTESIAN_POINT('',(-83.,12.,77.0000624999756));
#6427=CARTESIAN_POINT('Origin',(-98.,12.,-1.24344978758018E-15));
#6428=CARTESIAN_POINT('Origin',(-83.,-3.2,77.0000624999756));
#6429=CARTESIAN_POINT('',(-83.,-3.2,77.0000624999756));
#6430=CARTESIAN_POINT('',(-83.,20.6000156249939,77.0000624999756));
#6431=CARTESIAN_POINT('',(-98.,-3.2,77.0000624999756));
#6432=CARTESIAN_POINT('',(-83.,-3.2,77.0000624999756));
#6433=CARTESIAN_POINT('',(-98.,20.6000156249939,77.0000624999756));
#6434=CARTESIAN_POINT('Origin',(-98.,44.4000312499878,0.));
#6435=CARTESIAN_POINT('',(-98.,-3.2,80.0000624999756));
#6436=CARTESIAN_POINT('',(-98.,-3.2,40.0000312499878));
#6437=CARTESIAN_POINT('',(-98.,12.,80.0000624999756));
#6438=CARTESIAN_POINT('',(-98.,28.2000156249939,80.0000624999756));
#6439=CARTESIAN_POINT('',(-98.,11.4639129748733,-79.9982662980986));
#6440=CARTESIAN_POINT('Origin',(-98.,12.,-1.24344978758018E-15));
#6441=CARTESIAN_POINT('',(-98.,-3.2,-79.9));
#6442=CARTESIAN_POINT('',(-98.,20.3312446587037,-80.0576883541402));
#6443=CARTESIAN_POINT('',(-98.,-3.2,-38.5000312499878));
#6444=CARTESIAN_POINT('Origin',(-83.,44.4000312499878,0.));
#6445=CARTESIAN_POINT('',(-83.,-3.2,80.0000624999756));
#6446=CARTESIAN_POINT('',(-83.,6.0766062413412,9.35));
#6447=CARTESIAN_POINT('Origin',(-83.,6.0766062413412,7.75));
#6448=CARTESIAN_POINT('',(-83.,6.0766062413412,-6.14999999999999));
#6449=CARTESIAN_POINT('Origin',(-83.,6.0766062413412,-7.74999999999999));
#6450=CARTESIAN_POINT('',(-83.,12.,7.));
#6451=CARTESIAN_POINT('Origin',(-83.,12.,-1.24344978758018E-15));
#6452=CARTESIAN_POINT('',(-83.,19.5,17.1));
#6453=CARTESIAN_POINT('Origin',(-83.,19.5,15.5));
#6454=CARTESIAN_POINT('',(-83.,32.9233937586588,9.35));
#6455=CARTESIAN_POINT('Origin',(-83.,32.9233937586588,7.75));
#6456=CARTESIAN_POINT('',(-83.,32.9233937586588,-6.15));
#6457=CARTESIAN_POINT('Origin',(-83.,32.9233937586588,-7.75));
#6458=CARTESIAN_POINT('',(-83.,19.5,-13.9));
#6459=CARTESIAN_POINT('Origin',(-83.,19.5,-15.5));
#6460=CARTESIAN_POINT('Origin',(-80.,6.0766062413412,7.75));
#6461=CARTESIAN_POINT('',(-80.,6.0766062413412,9.35));
#6462=CARTESIAN_POINT('',(-80.,6.0766062413412,9.35));
#6463=CARTESIAN_POINT('Origin',(-80.,6.0766062413412,7.75));
#6464=CARTESIAN_POINT('Origin',(-80.,6.0766062413412,-7.74999999999999));
#6465=CARTESIAN_POINT('',(-80.,6.0766062413412,-6.14999999999999));
#6466=CARTESIAN_POINT('',(-80.,6.0766062413412,-6.14999999999999));
#6467=CARTESIAN_POINT('Origin',(-80.,6.0766062413412,-7.74999999999999));
#6468=CARTESIAN_POINT('Origin',(-80.,12.,-1.24344978758018E-15));
#6469=CARTESIAN_POINT('',(-80.,12.,7.));
#6470=CARTESIAN_POINT('',(-80.,12.,7.));
#6471=CARTESIAN_POINT('Origin',(-80.,12.,-1.24344978758018E-15));
#6472=CARTESIAN_POINT('Origin',(-80.,19.5,15.5));
#6473=CARTESIAN_POINT('',(-80.,19.5,17.1));
#6474=CARTESIAN_POINT('',(-80.,19.5,17.1));
#6475=CARTESIAN_POINT('Origin',(-80.,19.5,15.5));
#6476=CARTESIAN_POINT('Origin',(-80.,32.9233937586588,7.75));
#6477=CARTESIAN_POINT('',(-80.,32.9233937586588,9.35));
#6478=CARTESIAN_POINT('',(-80.,32.9233937586588,9.35));
#6479=CARTESIAN_POINT('Origin',(-80.,32.9233937586588,7.75));
#6480=CARTESIAN_POINT('Origin',(-80.,32.9233937586588,-7.75));
#6481=CARTESIAN_POINT('',(-80.,32.9233937586588,-6.15));
#6482=CARTESIAN_POINT('',(-80.,32.9233937586588,-6.15));
#6483=CARTESIAN_POINT('Origin',(-80.,32.9233937586588,-7.75));
#6484=CARTESIAN_POINT('Origin',(-80.,19.5,-15.5));
#6485=CARTESIAN_POINT('',(-80.,19.5,-13.9));
#6486=CARTESIAN_POINT('',(-80.,19.5,-13.9));
#6487=CARTESIAN_POINT('Origin',(-80.,19.5,-15.5));
#6488=CARTESIAN_POINT('Origin',(-80.,12.,80.0000624999756));
#6489=CARTESIAN_POINT('',(-80.,-3.2,80.0000624999756));
#6490=CARTESIAN_POINT('',(-80.,12.,80.0000624999756));
#6491=CARTESIAN_POINT('',(-80.,-6.2,80.0000624999756));
#6492=CARTESIAN_POINT('',(-80.,12.,80.0000624999756));
#6493=CARTESIAN_POINT('',(-80.,-3.2,80.0000624999756));
#6494=CARTESIAN_POINT('Origin',(-80.,12.,-1.24344978758018E-15));
#6495=CARTESIAN_POINT('',(-80.,11.4639129748733,-79.9982662980985));
#6496=CARTESIAN_POINT('Origin',(-80.,12.,-1.24344978758018E-15));
#6497=CARTESIAN_POINT('',(-80.,11.4639129748733,-79.9982662980985));
#6498=CARTESIAN_POINT('Origin',(-80.,-3.2,-79.9));
#6499=CARTESIAN_POINT('',(-80.,-3.2,-79.9));
#6500=CARTESIAN_POINT('',(-80.,-3.2,-79.9));
#6501=CARTESIAN_POINT('',(-80.,-3.2,-79.9));
#6502=CARTESIAN_POINT('Origin',(-80.,-3.2,80.0000624999756));
#6503=CARTESIAN_POINT('',(-80.,-3.2,80.0000624999756));
#6504=CARTESIAN_POINT('Origin',(-80.,44.4000312499878,0.));
#6505=CARTESIAN_POINT('',(0.,0.,0.));
#6506=CARTESIAN_POINT('Origin',(70.,11.868750003725,6.3750000149));
#6507=CARTESIAN_POINT('',(55.,0.2,6.3750000149));
#6508=CARTESIAN_POINT('',(70.,0.2,21.3750000149));
#6509=CARTESIAN_POINT('Origin',(70.,0.2,6.3750000149));
#6510=CARTESIAN_POINT('',(70.,1.20382552587987,21.3750000149));
#6511=CARTESIAN_POINT('',(70.,17.2540283284243,21.3750000149));
#6512=CARTESIAN_POINT('',(55.,1.20382552587987,6.3750000149));
#6513=CARTESIAN_POINT('Origin',(70.,1.20382552587987,6.3750000149));
#6514=CARTESIAN_POINT('',(55.,11.868750003725,6.3750000149));
#6515=CARTESIAN_POINT('Origin',(70.,11.868750003725,6.3750000149));
#6516=CARTESIAN_POINT('',(62.5166852264541,19.5,19.3750000149012));
#6517=CARTESIAN_POINT('Ctrl Pts',(62.5166852264541,19.5,19.3750000149012));
#6518=CARTESIAN_POINT('Ctrl Pts',(62.5166852264541,17.9132753630017,19.3750000149012));
#6519=CARTESIAN_POINT('Ctrl Pts',(62.1718890151349,16.4220188963132,19.1850064479458));
#6520=CARTESIAN_POINT('Ctrl Pts',(61.1529885388065,13.5712017383837,18.5037243316187));
#6521=CARTESIAN_POINT('Ctrl Pts',(60.4854325531293,12.2099402920302,18.0097785940775));
#6522=CARTESIAN_POINT('Ctrl Pts',(59.0993356132977,9.60765884435968,16.7224485613624));
#6523=CARTESIAN_POINT('Ctrl Pts',(58.3797343463231,8.37146707795881,15.928867096104));
#6524=CARTESIAN_POINT('Ctrl Pts',(57.0660728538211,6.08507010378394,14.0574787165906));
#6525=CARTESIAN_POINT('Ctrl Pts',(56.4705910969301,5.03561888678711,12.9797488240695));
#6526=CARTESIAN_POINT('Ctrl Pts',(55.524165235012,3.15859563910651,10.5270382048576));
#6527=CARTESIAN_POINT('Ctrl Pts',(55.1463028970191,2.26249825190377,9.01681208943612));
#6528=CARTESIAN_POINT('Ctrl Pts',(55.0120212155623,1.45534779011343,7.06513346669022));
#6529=CARTESIAN_POINT('Ctrl Pts',(55.,1.32446298437559,6.72122809075779));
#6530=CARTESIAN_POINT('Ctrl Pts',(55.,1.20382552587987,6.3750000149));
#6531=CARTESIAN_POINT('',(70.,3.2,21.3750000149));
#6532=CARTESIAN_POINT('',(70.,17.2540283284243,21.3750000149));
#6533=CARTESIAN_POINT('',(70.,19.5,21.3750000149));
#6534=CARTESIAN_POINT('',(70.,11.868750003725,21.3750000149));
#6535=CARTESIAN_POINT('Origin',(70.,19.5,6.3750000149));
#6536=CARTESIAN_POINT('Origin',(70.,20.018750003725,-6.3750000149));
#6537=CARTESIAN_POINT('',(70.,0.2,-21.3750000149));
#6538=CARTESIAN_POINT('',(55.,0.2,-6.3750000149));
#6539=CARTESIAN_POINT('Origin',(70.,0.2,-6.3750000149));
#6540=CARTESIAN_POINT('',(55.,1.20382552587987,-6.3750000149));
#6541=CARTESIAN_POINT('',(55.,20.018750003725,-6.3750000149));
#6542=CARTESIAN_POINT('',(70.,1.20382552587987,-21.3750000149));
#6543=CARTESIAN_POINT('Origin',(70.,1.20382552587987,-6.3750000149));
#6544=CARTESIAN_POINT('',(70.,26.9040283284243,-21.3750000149));
#6545=CARTESIAN_POINT('Origin',(70.,20.018750003725,-6.3750000149));
#6546=CARTESIAN_POINT('',(62.5166852264541,19.5,-19.3750000149012));
#6547=CARTESIAN_POINT('Ctrl Pts',(55.,1.20382552587987,-6.3750000149));
#6548=CARTESIAN_POINT('Ctrl Pts',(55.,1.32446298437559,-6.72122809075779));
#6549=CARTESIAN_POINT('Ctrl Pts',(55.0120212155623,1.45534779011343,-7.06513346669022));
#6550=CARTESIAN_POINT('Ctrl Pts',(55.1463028970191,2.26249825190377,-9.01681208943612));
#6551=CARTESIAN_POINT('Ctrl Pts',(55.524165235012,3.15859563910651,-10.5270382048576));
#6552=CARTESIAN_POINT('Ctrl Pts',(56.4705910969301,5.03561888678711,-12.9797488240695));
#6553=CARTESIAN_POINT('Ctrl Pts',(57.066072853821,6.08507010378394,-14.0574787165906));
#6554=CARTESIAN_POINT('Ctrl Pts',(58.379734346323,8.3714670779588,-15.928867096104));
#6555=CARTESIAN_POINT('Ctrl Pts',(59.0993356132977,9.60765884435967,-16.7224485613624));
#6556=CARTESIAN_POINT('Ctrl Pts',(60.4854325531293,12.2099402920302,-18.0097785940775));
#6557=CARTESIAN_POINT('Ctrl Pts',(61.1529885388065,13.5712017383837,-18.5037243316187));
#6558=CARTESIAN_POINT('Ctrl Pts',(62.1718890151349,16.4220188963132,-19.1850064479458));
#6559=CARTESIAN_POINT('Ctrl Pts',(62.5166852264541,17.9132753630017,-19.3750000149012));
#6560=CARTESIAN_POINT('Ctrl Pts',(62.5166852264541,19.5,-19.3750000149012));
#6561=CARTESIAN_POINT('',(70.,19.5,-21.3750000149));
#6562=CARTESIAN_POINT('Origin',(70.,19.5,-6.3750000149));
#6563=CARTESIAN_POINT('',(70.,3.2,-21.3750000149));
#6564=CARTESIAN_POINT('',(70.,20.018750003725,-21.3750000149));
#6565=CARTESIAN_POINT('',(70.,26.9040283284243,-21.3750000149));
#6566=CARTESIAN_POINT('Ctrl Pts',(70.,19.5,21.3750000149));
#6567=CARTESIAN_POINT('Ctrl Pts',(70.,40.8750000149,21.3750000149));
#6568=CARTESIAN_POINT('Ctrl Pts',(70.,40.8750000149,3.46944695195361E-16));
#6569=CARTESIAN_POINT('Ctrl Pts',(70.,40.8750000149,-21.3750000149));
#6570=CARTESIAN_POINT('Ctrl Pts',(70.,19.5,-21.3750000149));
#6571=CARTESIAN_POINT('Ctrl Pts',(65.9910813713149,19.5,21.3750000149));
#6572=CARTESIAN_POINT('Ctrl Pts',(65.9910813713149,40.8750000149,21.3750000149));
#6573=CARTESIAN_POINT('Ctrl Pts',(65.9910813713149,40.8750000149,3.46944695195361E-16));
#6574=CARTESIAN_POINT('Ctrl Pts',(65.9910813713149,40.8750000149,-21.3750000149));
#6575=CARTESIAN_POINT('Ctrl Pts',(65.9910813713149,19.5,-21.3750000149));
#6576=CARTESIAN_POINT('Ctrl Pts',(62.5166852264541,19.5,19.3750000149012));
#6577=CARTESIAN_POINT('Ctrl Pts',(62.5166852264541,38.8750000149012,19.3750000149012));
#6578=CARTESIAN_POINT('Ctrl Pts',(62.5166852264541,38.8750000149012,3.46944695195361E-16));
#6579=CARTESIAN_POINT('Ctrl Pts',(62.5166852264541,38.8750000149012,-19.3750000149012));
#6580=CARTESIAN_POINT('Ctrl Pts',(62.5166852264541,19.5,-19.3750000149012));
#6581=CARTESIAN_POINT('Origin',(62.5166852264541,19.5,3.46944695195361E-16));
#6582=CARTESIAN_POINT('Origin',(70.,19.5,3.46944695195361E-16));
#6583=CARTESIAN_POINT('Origin',(80.,19.5,3.46944695195361E-16));
#6584=CARTESIAN_POINT('',(55.,0.2,-1.70312230254284));
#6585=CARTESIAN_POINT('Origin',(55.,19.5,3.46944695195361E-16));
#6586=CARTESIAN_POINT('',(79.,0.2,-1.70312230254323));
#6587=CARTESIAN_POINT('',(80.,0.2,-1.70312230254284));
#6588=CARTESIAN_POINT('',(79.,0.2,1.70312230254335));
#6589=CARTESIAN_POINT('Origin',(79.,19.5,3.46944695195361E-16));
#6590=CARTESIAN_POINT('',(55.,0.2,1.70312230254335));
#6591=CARTESIAN_POINT('',(80.,0.2,1.70312230254335));
#6592=CARTESIAN_POINT('Origin',(55.,19.5,3.46944695195361E-16));
#6593=CARTESIAN_POINT('Origin',(55.,20.53750000745,0.));
#6594=CARTESIAN_POINT('',(55.,0.2,-10.68750000745));
#6595=CARTESIAN_POINT('Origin',(55.,20.53750000745,0.));
#6596=CARTESIAN_POINT('',(55.,0.2,0.851561151271674));
#6597=CARTESIAN_POINT('Origin',(80.,0.2,-21.3750000149));
#6598=CARTESIAN_POINT('',(79.,0.2,80.));
#6599=CARTESIAN_POINT('',(70.,0.199999999999996,-75.3463050063702));
#6600=CARTESIAN_POINT('',(70.,0.2,80.));
#6601=CARTESIAN_POINT('',(80.,0.2,-75.3463050063702));
#6602=CARTESIAN_POINT('',(80.,0.2,-75.3463050063702));
#6603=CARTESIAN_POINT('',(80.,0.2,80.));
#6604=CARTESIAN_POINT('',(80.,0.2,80.));
#6605=CARTESIAN_POINT('',(70.,0.199999999999996,80.));
#6606=CARTESIAN_POINT('',(80.,0.2,80.));
#6607=CARTESIAN_POINT('',(70.,0.2,80.));
#6608=CARTESIAN_POINT('',(73.6,0.2,-70.));
#6609=CARTESIAN_POINT('Origin',(75.,0.2,-70.));
#6610=CARTESIAN_POINT('',(73.6,0.2,-25.));
#6611=CARTESIAN_POINT('Origin',(75.,0.2,-25.));
#6612=CARTESIAN_POINT('',(73.6,0.2,70.));
#6613=CARTESIAN_POINT('Origin',(75.,0.2,70.));
#6614=CARTESIAN_POINT('',(73.6,0.2,25.));
#6615=CARTESIAN_POINT('Origin',(75.,0.2,25.));
#6616=CARTESIAN_POINT('Origin',(70.,34.3080566568485,0.0500312499877831));
#6617=CARTESIAN_POINT('',(70.,3.2,-72.3463050063702));
#6618=CARTESIAN_POINT('',(70.,3.2,77.0000158897822));
#6619=CARTESIAN_POINT('',(70.,11.2,-72.3463050063703));
#6620=CARTESIAN_POINT('',(70.,11.2,-72.3463050063703));
#6621=CARTESIAN_POINT('',(70.,11.2,-76.9));
#6622=CARTESIAN_POINT('',(70.,11.2,-76.9));
#6623=CARTESIAN_POINT('',(70.,46.4403957329079,-76.9));
#6624=CARTESIAN_POINT('',(70.,46.4403957329079,-76.9));
#6625=CARTESIAN_POINT('',(70.,63.118054803012,-38.123232904913));
#6626=CARTESIAN_POINT('Origin',(70.,-41.5838866863029,-16.0664097345634));
#6627=CARTESIAN_POINT('',(70.,58.2012867118809,-37.206872593602));
#6628=CARTESIAN_POINT('',(70.,58.2012867118809,-37.206872593602));
#6629=CARTESIAN_POINT('',(70.,59.7915052017402,-27.3371647911551));
#6630=CARTESIAN_POINT('Origin',(70.,59.1173846045552,-32.291512520216));
#6631=CARTESIAN_POINT('',(70.,64.7472721166621,-28.0114784919477));
#6632=CARTESIAN_POINT('',(70.,59.7915052017402,-27.3371647911551));
#6633=CARTESIAN_POINT('',(70.,58.0137316191174,23.0400402179419));
#6634=CARTESIAN_POINT('Origin',(70.,-41.5838866863029,-16.0664097345634));
#6635=CARTESIAN_POINT('',(70.,53.4022835892202,21.1038398797361));
#6636=CARTESIAN_POINT('',(70.,53.4022835892201,21.1038398797361));
#6637=CARTESIAN_POINT('',(70.,49.307398706601,30.2236997881596));
#6638=CARTESIAN_POINT('Origin',(70.,51.4666377218342,25.7139673265722));
#6639=CARTESIAN_POINT('',(70.,53.8184229928434,32.3835573230544));
#6640=CARTESIAN_POINT('',(70.,49.307398706601,30.2236997881596));
#6641=CARTESIAN_POINT('',(70.,20.1393641042554,71.3363380016825));
#6642=CARTESIAN_POINT('Origin',(70.,-41.5838866863029,-16.0664097345634));
#6643=CARTESIAN_POINT('',(70.,17.3505149514999,67.1846341243225));
#6644=CARTESIAN_POINT('',(70.,17.3505149514999,67.1846341243225));
#6645=CARTESIAN_POINT('',(70.,8.91784364450578,72.5539899124382));
#6646=CARTESIAN_POINT('Origin',(70.,13.2,69.9726846327201));
#6647=CARTESIAN_POINT('',(70.,11.4998883458705,76.8373729028169));
#6648=CARTESIAN_POINT('',(70.,8.91784364450578,72.5539899124382));
#6649=CARTESIAN_POINT('',(70.,11.214148509863,77.0000583375861));
#6650=CARTESIAN_POINT('Origin',(70.,-41.5838866863029,-16.0664097345634));
#6651=CARTESIAN_POINT('',(70.,3.2,77.0000158897822));
#6652=CARTESIAN_POINT('',(70.,11.3282926872646,77.0000589421631));
#6653=CARTESIAN_POINT('',(70.,3.2,77.0000158897822));
#6654=CARTESIAN_POINT('',(70.,12.,80.0000624999756));
#6655=CARTESIAN_POINT('',(70.,12.,80.0000624999756));
#6656=CARTESIAN_POINT('',(70.,48.,-79.9));
#6657=CARTESIAN_POINT('Origin',(70.,-41.5838866863029,-16.0664097345634));
#6658=CARTESIAN_POINT('',(70.,8.2,-79.9));
#6659=CARTESIAN_POINT('',(70.,8.,-79.9));
#6660=CARTESIAN_POINT('',(70.,8.2,-75.3463050063702));
#6661=CARTESIAN_POINT('',(70.,8.2,-75.3463050063702));
#6662=CARTESIAN_POINT('',(70.,0.,-75.3463050063702));
#6663=CARTESIAN_POINT('',(70.,59.1173846045552,-33.691512520216));
#6664=CARTESIAN_POINT('Origin',(70.,59.1173846045552,-32.291512520216));
#6665=CARTESIAN_POINT('',(70.,13.2,68.5726846327201));
#6666=CARTESIAN_POINT('Origin',(70.,13.2,69.9726846327201));
#6667=CARTESIAN_POINT('',(70.,51.4666377218342,24.3139673265723));
#6668=CARTESIAN_POINT('Origin',(70.,51.4666377218342,25.7139673265722));
#6669=CARTESIAN_POINT('Origin',(75.,7.00000000007013,80.0000360169351));
#6670=CARTESIAN_POINT('',(73.6,7.00000000007013,80.0000360169351));
#6671=CARTESIAN_POINT('Origin',(75.,7.00000000007013,80.0000360169351));
#6672=CARTESIAN_POINT('',(73.6,7.00001588989443,77.0000360169772));
#6673=CARTESIAN_POINT('',(73.6,7.00000000007013,80.0000360169351));
#6674=CARTESIAN_POINT('Origin',(75.,7.00001588989443,77.0000360169771));
#6675=CARTESIAN_POINT('Origin',(75.,58.1233241901367,-62.7526090336898));
#6676=CARTESIAN_POINT('',(75.,58.6242980394242,-61.4351182678085));
#6677=CARTESIAN_POINT('',(75.,57.4360212497347,-63.9731715990292));
#6678=CARTESIAN_POINT('Ctrl Pts',(75.,58.6242980394242,-61.4351182678085));
#6679=CARTESIAN_POINT('Ctrl Pts',(74.8242152521268,58.6242980394242,-61.4351182678085));
#6680=CARTESIAN_POINT('Ctrl Pts',(74.6367332426161,58.6098024760661,-61.4671780770333));
#6681=CARTESIAN_POINT('Ctrl Pts',(74.2918853951387,58.5506864119959,-61.5974143849318));
#6682=CARTESIAN_POINT('Ctrl Pts',(74.1345183355235,58.5060451133753,-61.6955782072476));
#6683=CARTESIAN_POINT('Ctrl Pts',(73.8858828561548,58.4025655959272,-61.9218876935577));
#6684=CARTESIAN_POINT('Ctrl Pts',(73.7780885427938,58.3368014920394,-62.0651694502503));
#6685=CARTESIAN_POINT('Ctrl Pts',(73.6351471680508,58.1918826019187,-62.3786725205521));
#6686=CARTESIAN_POINT('Ctrl Pts',(73.6,58.1127059681367,-62.5488836858876));
#6687=CARTESIAN_POINT('Ctrl Pts',(73.6,57.9634936343023,-62.8675851175404));
#6688=CARTESIAN_POINT('Ctrl Pts',(73.6351211708562,57.88350446651,-63.0373357546815));
#6689=CARTESIAN_POINT('Ctrl Pts',(73.7780188624635,57.7356038335092,-63.3492670595915));
#6690=CARTESIAN_POINT('Ctrl Pts',(73.8857968599197,57.6677144170979,-63.4914575047289));
#6691=CARTESIAN_POINT('Ctrl Pts',(74.1344434756259,57.5602279560833,-63.7157537517044));
#6692=CARTESIAN_POINT('Ctrl Pts',(74.2918437363197,57.5134562605069,-63.8128412930936));
#6693=CARTESIAN_POINT('Ctrl Pts',(74.6367333239921,57.4513421292153,-63.9415448168592));
#6694=CARTESIAN_POINT('Ctrl Pts',(74.8242225026044,57.4360212497347,-63.9731715990292));
#6695=CARTESIAN_POINT('Ctrl Pts',(75.,57.4360212497347,-63.9731715990292));
#6696=CARTESIAN_POINT('Ctrl Pts',(75.,57.4360212497347,-63.9731715990291));
#6697=CARTESIAN_POINT('Ctrl Pts',(75.1757774973956,57.4360212497347,-63.9731715990291));
#6698=CARTESIAN_POINT('Ctrl Pts',(75.3632666760078,57.4513421292153,-63.9415448168592));
#6699=CARTESIAN_POINT('Ctrl Pts',(75.7081562636803,57.5134562605069,-63.8128412930936));
#6700=CARTESIAN_POINT('Ctrl Pts',(75.8655565243741,57.5602279560833,-63.7157537517044));
#6701=CARTESIAN_POINT('Ctrl Pts',(76.1142031400803,57.6677144170979,-63.4914575047289));
#6702=CARTESIAN_POINT('Ctrl Pts',(76.2219811375365,57.7356038335093,-63.3492670595915));
#6703=CARTESIAN_POINT('Ctrl Pts',(76.3648788291438,57.88350446651,-63.0373357546815));
#6704=CARTESIAN_POINT('Ctrl Pts',(76.4,57.9634936343023,-62.8675851175404));
#6705=CARTESIAN_POINT('Ctrl Pts',(76.4,58.1127059681367,-62.5488836858876));
#6706=CARTESIAN_POINT('Ctrl Pts',(76.3648528319492,58.1918826019187,-62.3786725205521));
#6707=CARTESIAN_POINT('Ctrl Pts',(76.2219114572061,58.3368014920393,-62.0651694502503));
#6708=CARTESIAN_POINT('Ctrl Pts',(76.1141171438452,58.4025655959272,-61.9218876935577));
#6709=CARTESIAN_POINT('Ctrl Pts',(75.8654816644764,58.5060451133753,-61.6955782072476));
#6710=CARTESIAN_POINT('Ctrl Pts',(75.7081146048613,58.5506864119959,-61.5974143849318));
#6711=CARTESIAN_POINT('Ctrl Pts',(75.3632667573839,58.6098024760661,-61.4671780770333));
#6712=CARTESIAN_POINT('Ctrl Pts',(75.1757847478732,58.6242980394242,-61.4351182678085));
#6713=CARTESIAN_POINT('Ctrl Pts',(75.,58.6242980394242,-61.4351182678085));
#6714=CARTESIAN_POINT('',(75.,54.7734315693781,-62.5880952003051));
#6715=CARTESIAN_POINT('',(75.,57.4772358482623,-63.9946113905692));
#6716=CARTESIAN_POINT('',(75.,55.9587894699201,-60.0485234659679));
#6717=CARTESIAN_POINT('Ctrl Pts',(75.,55.9587894699201,-60.0485234659679));
#6718=CARTESIAN_POINT('Ctrl Pts',(75.1757846145715,55.9587894699201,-60.0485234659679));
#6719=CARTESIAN_POINT('Ctrl Pts',(75.3632653630309,55.9443422000415,-60.0806084090415));
#6720=CARTESIAN_POINT('Ctrl Pts',(75.7081084717968,55.8854184945768,-60.2109412443489));
#6721=CARTESIAN_POINT('Ctrl Pts',(75.8654721236736,55.8409206887726,-60.3091760565409));
#6722=CARTESIAN_POINT('Ctrl Pts',(76.1141095918012,55.7377582139342,-60.5356455667609));
#6723=CARTESIAN_POINT('Ctrl Pts',(76.2219067676283,55.6721873407386,-60.679030041537));
#6724=CARTESIAN_POINT('Ctrl Pts',(76.3648519155847,55.5276685378307,-60.9927457498396));
#6725=CARTESIAN_POINT('Ctrl Pts',(76.4,55.4486981345795,-61.1630665788727));
#6726=CARTESIAN_POINT('Ctrl Pts',(76.4,55.2998517433017,-61.4819596748563));
#6727=CARTESIAN_POINT('Ctrl Pts',(76.364879394437,55.22004626842,-61.6518060940886));
#6728=CARTESIAN_POINT('Ctrl Pts',(76.2219804192676,55.0724618154896,-61.9639052115223));
#6729=CARTESIAN_POINT('Ctrl Pts',(76.1142004888342,55.0047055238141,-62.1061679224436));
#6730=CARTESIAN_POINT('Ctrl Pts',(75.8655512491746,54.8974224374232,-62.3305691176651));
#6731=CARTESIAN_POINT('Ctrl Pts',(75.7081525039196,54.8507339033178,-62.4276980855307));
#6732=CARTESIAN_POINT('Ctrl Pts',(75.3632652756207,54.788727385933,-62.5564555799758));
#6733=CARTESIAN_POINT('Ctrl Pts',(75.1757769493691,54.7734315693781,-62.5880952003051));
#6734=CARTESIAN_POINT('Ctrl Pts',(75.,54.7734315693781,-62.5880952003051));
#6735=CARTESIAN_POINT('Ctrl Pts',(75.,54.7734315693781,-62.5880952003051));
#6736=CARTESIAN_POINT('Ctrl Pts',(74.8242230506308,54.7734315693781,-62.5880952003051));
#6737=CARTESIAN_POINT('Ctrl Pts',(74.6367347243793,54.788727385933,-62.5564555799758));
#6738=CARTESIAN_POINT('Ctrl Pts',(74.2918474960804,54.8507339033178,-62.4276980855307));
#6739=CARTESIAN_POINT('Ctrl Pts',(74.1344487508254,54.8974224374232,-62.3305691176651));
#6740=CARTESIAN_POINT('Ctrl Pts',(73.8857995111658,55.004705523814,-62.1061679224436));
#6741=CARTESIAN_POINT('Ctrl Pts',(73.7780195807323,55.0724618154896,-61.9639052115223));
#6742=CARTESIAN_POINT('Ctrl Pts',(73.635120605563,55.22004626842,-61.6518060940886));
#6743=CARTESIAN_POINT('Ctrl Pts',(73.6,55.2998517433017,-61.4819596748563));
#6744=CARTESIAN_POINT('Ctrl Pts',(73.6,55.4486981345795,-61.1630665788727));
#6745=CARTESIAN_POINT('Ctrl Pts',(73.6351480844153,55.5276685378307,-60.9927457498396));
#6746=CARTESIAN_POINT('Ctrl Pts',(73.7780932323717,55.6721873407386,-60.679030041537));
#6747=CARTESIAN_POINT('Ctrl Pts',(73.8858904081988,55.7377582139342,-60.5356455667609));
#6748=CARTESIAN_POINT('Ctrl Pts',(74.1345278763264,55.8409206887726,-60.3091760565409));
#6749=CARTESIAN_POINT('Ctrl Pts',(74.2918915282032,55.8854184945768,-60.2109412443489));
#6750=CARTESIAN_POINT('Ctrl Pts',(74.636734636969,55.9443422000415,-60.0806084090415));
#6751=CARTESIAN_POINT('Ctrl Pts',(74.8242153854284,55.9587894699201,-60.0485234659679));
#6752=CARTESIAN_POINT('Ctrl Pts',(75.,55.9587894699201,-60.0485234659679));
#6753=CARTESIAN_POINT('Origin',(75.,66.8695827542538,2.88020136248443));
#6754=CARTESIAN_POINT('',(75.,66.5242748486134,4.24677341186734));
#6755=CARTESIAN_POINT('',(75.,67.0066630721485,1.4861542706547));
#6756=CARTESIAN_POINT('Ctrl Pts',(75.,66.5242748486134,4.24677341186734));
#6757=CARTESIAN_POINT('Ctrl Pts',(74.8242152521268,66.5242748486134,4.24677341186734));
#6758=CARTESIAN_POINT('Ctrl Pts',(74.6367332426161,66.5307895293808,4.21219724002747));
#6759=CARTESIAN_POINT('Ctrl Pts',(74.2918853951387,66.5570649620153,4.07160632081124));
#6760=CARTESIAN_POINT('Ctrl Pts',(74.1345183355235,66.576801406373,3.96559002810922));
#6761=CARTESIAN_POINT('Ctrl Pts',(73.8858828561548,66.6218417367835,3.72085473690307));
#6762=CARTESIAN_POINT('Ctrl Pts',(73.7780885427939,66.6501539760408,3.56576445265123));
#6763=CARTESIAN_POINT('Ctrl Pts',(73.6351471680508,66.7112613447912,3.22583571116721));
#6764=CARTESIAN_POINT('Ctrl Pts',(73.6,66.7440327570091,3.04099303567491));
#6765=CARTESIAN_POINT('Ctrl Pts',(73.6,66.8046048001429,2.69434342771832));
#6766=CARTESIAN_POINT('Ctrl Pts',(73.6351211708562,66.8364464753445,2.50941194447587));
#6767=CARTESIAN_POINT('Ctrl Pts',(73.7780188624635,66.8942098157269,2.16906046037047));
#6768=CARTESIAN_POINT('Ctrl Pts',(73.8857968599197,66.9201551502931,2.01364509702662));
#6769=CARTESIAN_POINT('Ctrl Pts',(74.1344434756259,66.9607584380467,1.76826066652556));
#6770=CARTESIAN_POINT('Ctrl Pts',(74.2918437363196,66.9781324340045,1.66190406605081));
#6771=CARTESIAN_POINT('Ctrl Pts',(74.6367333239921,67.0010728248851,1.5208491093777));
#6772=CARTESIAN_POINT('Ctrl Pts',(74.8242225026044,67.0066630721485,1.48615427065469));
#6773=CARTESIAN_POINT('Ctrl Pts',(75.,67.0066630721485,1.48615427065469));
#6774=CARTESIAN_POINT('Ctrl Pts',(75.,67.0066630721485,1.4861542706547));
#6775=CARTESIAN_POINT('Ctrl Pts',(75.1757774973955,67.0066630721485,1.4861542706547));
#6776=CARTESIAN_POINT('Ctrl Pts',(75.3632666760078,67.0010728248851,1.5208491093777));
#6777=CARTESIAN_POINT('Ctrl Pts',(75.7081562636803,66.9781324340045,1.6619040660508));
#6778=CARTESIAN_POINT('Ctrl Pts',(75.8655565243741,66.9607584380467,1.76826066652556));
#6779=CARTESIAN_POINT('Ctrl Pts',(76.1142031400803,66.9201551502931,2.01364509702662));
#6780=CARTESIAN_POINT('Ctrl Pts',(76.2219811375365,66.8942098157269,2.16906046037046));
#6781=CARTESIAN_POINT('Ctrl Pts',(76.3648788291438,66.8364464753445,2.50941194447587));
#6782=CARTESIAN_POINT('Ctrl Pts',(76.4,66.8046048001429,2.69434342771832));
#6783=CARTESIAN_POINT('Ctrl Pts',(76.4,66.7440327570091,3.04099303567491));
#6784=CARTESIAN_POINT('Ctrl Pts',(76.3648528319492,66.7112613447912,3.22583571116721));
#6785=CARTESIAN_POINT('Ctrl Pts',(76.2219114572061,66.6501539760408,3.56576445265123));
#6786=CARTESIAN_POINT('Ctrl Pts',(76.1141171438452,66.6218417367835,3.72085473690307));
#6787=CARTESIAN_POINT('Ctrl Pts',(75.8654816644764,66.576801406373,3.96559002810922));
#6788=CARTESIAN_POINT('Ctrl Pts',(75.7081146048612,66.5570649620153,4.07160632081124));
#6789=CARTESIAN_POINT('Ctrl Pts',(75.3632667573839,66.5307895293808,4.21219724002747));
#6790=CARTESIAN_POINT('Ctrl Pts',(75.1757847478732,66.5242748486134,4.24677341186734));
#6791=CARTESIAN_POINT('Ctrl Pts',(75.,66.5242748486134,4.24677341186734));
#6792=CARTESIAN_POINT('',(75.,64.0311501075276,1.09354373384194));
#6793=CARTESIAN_POINT('',(75.,67.0527214540146,1.49223154413466));
#6794=CARTESIAN_POINT('',(75.,63.5454999497317,3.85373247203623));
#6795=CARTESIAN_POINT('Ctrl Pts',(75.,63.5454999497317,3.85373247203623));
#6796=CARTESIAN_POINT('Ctrl Pts',(75.1757846145716,63.5454999497317,3.85373247203623));
#6797=CARTESIAN_POINT('Ctrl Pts',(75.3632653630309,63.5520686063849,3.81916341175466));
#6798=CARTESIAN_POINT('Ctrl Pts',(75.7081084717968,63.5785569758115,3.67860375427754));
#6799=CARTESIAN_POINT('Ctrl Pts',(75.8654721236736,63.5984516807233,3.57261161417146));
#6800=CARTESIAN_POINT('Ctrl Pts',(76.1141095918012,63.6438435031798,3.32792708722266));
#6801=CARTESIAN_POINT('Ctrl Pts',(76.2219067676283,63.6723729444258,3.17286349381458));
#6802=CARTESIAN_POINT('Ctrl Pts',(76.3648519155847,63.7339300095812,2.83299005007533));
#6803=CARTESIAN_POINT('Ctrl Pts',(76.4,63.7669332564728,2.64817583231382));
#6804=CARTESIAN_POINT('Ctrl Pts',(76.4,63.8279149963438,2.30157911815639));
#6805=CARTESIAN_POINT('Ctrl Pts',(76.364879394437,63.8599620823193,2.11667453674315));
#6806=CARTESIAN_POINT('Ctrl Pts',(76.2219804192676,63.9180806755619,1.77636694210386));
#6807=CARTESIAN_POINT('Ctrl Pts',(76.1142004888342,63.9441765094784,1.62096873930697));
#6808=CARTESIAN_POINT('Ctrl Pts',(75.8655512491746,63.9850065878117,1.37561499112759));
#6809=CARTESIAN_POINT('Ctrl Pts',(75.7081525039196,64.0024724669093,1.26927215553012));
#6810=CARTESIAN_POINT('Ctrl Pts',(75.3632652756207,64.0255319662516,1.12823471346582));
#6811=CARTESIAN_POINT('Ctrl Pts',(75.1757769493691,64.0311501075276,1.09354373384194));
#6812=CARTESIAN_POINT('Ctrl Pts',(75.,64.0311501075276,1.09354373384194));
#6813=CARTESIAN_POINT('Ctrl Pts',(75.,64.0311501075276,1.09354373384194));
#6814=CARTESIAN_POINT('Ctrl Pts',(74.8242230506308,64.0311501075276,1.09354373384194));
#6815=CARTESIAN_POINT('Ctrl Pts',(74.6367347243793,64.0255319662516,1.12823471346583));
#6816=CARTESIAN_POINT('Ctrl Pts',(74.2918474960804,64.0024724669093,1.26927215553013));
#6817=CARTESIAN_POINT('Ctrl Pts',(74.1344487508254,63.9850065878117,1.37561499112759));
#6818=CARTESIAN_POINT('Ctrl Pts',(73.8857995111658,63.9441765094784,1.62096873930697));
#6819=CARTESIAN_POINT('Ctrl Pts',(73.7780195807323,63.918080675562,1.77636694210387));
#6820=CARTESIAN_POINT('Ctrl Pts',(73.635120605563,63.8599620823193,2.11667453674315));
#6821=CARTESIAN_POINT('Ctrl Pts',(73.6,63.8279149963438,2.30157911815639));
#6822=CARTESIAN_POINT('Ctrl Pts',(73.6,63.7669332564728,2.64817583231382));
#6823=CARTESIAN_POINT('Ctrl Pts',(73.6351480844153,63.7339300095812,2.83299005007532));
#6824=CARTESIAN_POINT('Ctrl Pts',(73.7780932323717,63.6723729444258,3.17286349381456));
#6825=CARTESIAN_POINT('Ctrl Pts',(73.8858904081988,63.6438435031798,3.32792708722266));
#6826=CARTESIAN_POINT('Ctrl Pts',(74.1345278763264,63.5984516807233,3.57261161417146));
#6827=CARTESIAN_POINT('Ctrl Pts',(74.2918915282032,63.5785569758115,3.67860375427753));
#6828=CARTESIAN_POINT('Ctrl Pts',(74.636734636969,63.5520686063849,3.81916341175466));
#6829=CARTESIAN_POINT('Ctrl Pts',(74.8242153854284,63.5454999497317,3.85373247203623));
#6830=CARTESIAN_POINT('Ctrl Pts',(75.,63.5454999497317,3.85373247203623));
#6831=CARTESIAN_POINT('Origin',(75.,36.3886648421889,61.6600999895534));
#6832=CARTESIAN_POINT('',(75.,35.3219716392725,62.5814697995126));
#6833=CARTESIAN_POINT('',(75.,37.3005470278614,60.5967895046779));
#6834=CARTESIAN_POINT('Ctrl Pts',(75.,35.3219716392725,62.5814697995126));
#6835=CARTESIAN_POINT('Ctrl Pts',(74.8242152521268,35.3219716392725,62.5814697995126));
#6836=CARTESIAN_POINT('Ctrl Pts',(74.6367332426161,35.3471402307675,62.5568833250448));
#6837=CARTESIAN_POINT('Ctrl Pts',(74.2918853951387,35.449303443552,62.4567889551744));
#6838=CARTESIAN_POINT('Ctrl Pts',(74.1345183355235,35.5262790396578,62.3812658517005));
#6839=CARTESIAN_POINT('Ctrl Pts',(73.8858828561548,35.7035483145684,62.2066245098083));
#6840=CARTESIAN_POINT('Ctrl Pts',(73.7780885427938,35.8156964757882,62.0958212197123));
#6841=CARTESIAN_POINT('Ctrl Pts',(73.6351471680508,36.0607278179749,61.8524176430158));
#6842=CARTESIAN_POINT('Ctrl Pts',(73.6,36.1935939903819,61.7198002973485));
#6843=CARTESIAN_POINT('Ctrl Pts',(73.6,36.442041750136,61.4705842589821));
#6844=CARTESIAN_POINT('Ctrl Pts',(73.6351211708562,36.5741972645983,61.3373608910203));
#6845=CARTESIAN_POINT('Ctrl Pts',(73.7780188624635,36.8167318143174,61.0916929679668));
#6846=CARTESIAN_POINT('Ctrl Pts',(73.8857968599197,36.9271275784281,60.9792657879102));
#6847=CARTESIAN_POINT('Ctrl Pts',(74.1344434756259,37.1011345717791,60.8015477191224));
#6848=CARTESIAN_POINT('Ctrl Pts',(74.2918437363197,37.1763701559681,60.7243908071065));
#6849=CARTESIAN_POINT('Ctrl Pts',(74.6367333239921,37.276067623433,60.6220034186405));
#6850=CARTESIAN_POINT('Ctrl Pts',(74.8242225026044,37.3005470278614,60.5967895046779));
#6851=CARTESIAN_POINT('Ctrl Pts',(75.,37.3005470278614,60.5967895046779));
#6852=CARTESIAN_POINT('Ctrl Pts',(75.,37.3005470278614,60.5967895046779));
#6853=CARTESIAN_POINT('Ctrl Pts',(75.1757774973956,37.3005470278614,60.5967895046779));
#6854=CARTESIAN_POINT('Ctrl Pts',(75.3632666760078,37.276067623433,60.6220034186405));
#6855=CARTESIAN_POINT('Ctrl Pts',(75.7081562636803,37.1763701559681,60.7243908071065));
#6856=CARTESIAN_POINT('Ctrl Pts',(75.8655565243741,37.1011345717791,60.8015477191224));
#6857=CARTESIAN_POINT('Ctrl Pts',(76.1142031400803,36.9271275784281,60.9792657879102));
#6858=CARTESIAN_POINT('Ctrl Pts',(76.2219811375365,36.8167318143174,61.0916929679668));
#6859=CARTESIAN_POINT('Ctrl Pts',(76.3648788291438,36.5741972645983,61.3373608910203));
#6860=CARTESIAN_POINT('Ctrl Pts',(76.4,36.442041750136,61.4705842589821));
#6861=CARTESIAN_POINT('Ctrl Pts',(76.4,36.1935939903819,61.7198002973485));
#6862=CARTESIAN_POINT('Ctrl Pts',(76.3648528319492,36.0607278179749,61.8524176430158));
#6863=CARTESIAN_POINT('Ctrl Pts',(76.2219114572061,35.8156964757882,62.0958212197123));
#6864=CARTESIAN_POINT('Ctrl Pts',(76.1141171438452,35.7035483145684,62.2066245098083));
#6865=CARTESIAN_POINT('Ctrl Pts',(75.8654816644764,35.5262790396578,62.3812658517005));
#6866=CARTESIAN_POINT('Ctrl Pts',(75.7081146048613,35.449303443552,62.4567889551744));
#6867=CARTESIAN_POINT('Ctrl Pts',(75.3632667573839,35.3471402307675,62.5568833250448));
#6868=CARTESIAN_POINT('Ctrl Pts',(75.1757847478732,35.3219716392725,62.5814697995126));
#6869=CARTESIAN_POINT('Ctrl Pts',(75.,35.3219716392725,62.5814697995126));
#6870=CARTESIAN_POINT('',(75.,35.0883416526627,58.5684976582747));
#6871=CARTESIAN_POINT('',(75.,37.3347900646583,60.6281857182076));
#6872=CARTESIAN_POINT('',(75.,33.1073411129852,60.5509544189681));
#6873=CARTESIAN_POINT('Ctrl Pts',(75.,33.1073411129852,60.5509544189681));
#6874=CARTESIAN_POINT('Ctrl Pts',(75.1757846145716,33.1073411129852,60.5509544189681));
#6875=CARTESIAN_POINT('Ctrl Pts',(75.3632653630309,33.1325498399152,60.5264047292441));
#6876=CARTESIAN_POINT('Ctrl Pts',(75.7081084717968,33.2348695493113,60.4264581030176));
#6877=CARTESIAN_POINT('Ctrl Pts',(75.8654721236736,33.3119609315136,60.3510455587167));
#6878=CARTESIAN_POINT('Ctrl Pts',(76.1141095918012,33.4894890146703,60.1766474080248));
#6879=CARTESIAN_POINT('Ctrl Pts',(76.2219067676283,33.6017997881043,60.0659905637308));
#6880=CARTESIAN_POINT('Ctrl Pts',(76.3648519155847,33.8471677825371,59.8228902195563));
#6881=CARTESIAN_POINT('Ctrl Pts',(76.4,33.9802075401072,59.6904291600034));
#6882=CARTESIAN_POINT('Ctrl Pts',(76.4,34.2289605651442,59.4414914420951));
#6883=CARTESIAN_POINT('Ctrl Pts',(76.364879394437,34.3612689120065,59.3084079296013));
#6884=CARTESIAN_POINT('Ctrl Pts',(76.2219804192676,34.6040692938688,59.0629797233634));
#6885=CARTESIAN_POINT('Ctrl Pts',(76.1142004888342,34.7145784969445,58.9506529232849));
#6886=CARTESIAN_POINT('Ctrl Pts',(75.8655512491746,34.8887536676058,58.7730900697161));
#6887=CARTESIAN_POINT('Ctrl Pts',(75.7081525039196,34.9640566228473,58.6959971352315));
#6888=CARTESIAN_POINT('Ctrl Pts',(75.3632652756207,35.0638416122852,58.5936924117));
#6889=CARTESIAN_POINT('Ctrl Pts',(75.1757769493691,35.0883416526627,58.5684976582747));
#6890=CARTESIAN_POINT('Ctrl Pts',(75.,35.0883416526627,58.5684976582747));
#6891=CARTESIAN_POINT('Ctrl Pts',(75.,35.0883416526627,58.5684976582747));
#6892=CARTESIAN_POINT('Ctrl Pts',(74.8242230506308,35.0883416526627,58.5684976582747));
#6893=CARTESIAN_POINT('Ctrl Pts',(74.6367347243793,35.0638416122852,58.5936924117));
#6894=CARTESIAN_POINT('Ctrl Pts',(74.2918474960804,34.9640566228473,58.6959971352315));
#6895=CARTESIAN_POINT('Ctrl Pts',(74.1344487508254,34.8887536676058,58.7730900697161));
#6896=CARTESIAN_POINT('Ctrl Pts',(73.8857995111658,34.7145784969445,58.9506529232849));
#6897=CARTESIAN_POINT('Ctrl Pts',(73.7780195807323,34.6040692938688,59.0629797233634));
#6898=CARTESIAN_POINT('Ctrl Pts',(73.635120605563,34.3612689120065,59.3084079296013));
#6899=CARTESIAN_POINT('Ctrl Pts',(73.6,34.2289605651441,59.4414914420951));
#6900=CARTESIAN_POINT('Ctrl Pts',(73.6,33.9802075401072,59.6904291600034));
#6901=CARTESIAN_POINT('Ctrl Pts',(73.6351480844153,33.8471677825371,59.8228902195563));
#6902=CARTESIAN_POINT('Ctrl Pts',(73.7780932323717,33.6017997881043,60.0659905637308));
#6903=CARTESIAN_POINT('Ctrl Pts',(73.8858904081988,33.4894890146703,60.1766474080248));
#6904=CARTESIAN_POINT('Ctrl Pts',(74.1345278763264,33.3119609315136,60.3510455587167));
#6905=CARTESIAN_POINT('Ctrl Pts',(74.2918915282032,33.2348695493113,60.4264581030176));
#6906=CARTESIAN_POINT('Ctrl Pts',(74.636734636969,33.1325498399152,60.5264047292441));
#6907=CARTESIAN_POINT('Ctrl Pts',(74.8242153854284,33.1073411129852,60.5509544189681));
#6908=CARTESIAN_POINT('Ctrl Pts',(75.,33.1073411129852,60.5509544189681));
#6909=CARTESIAN_POINT('Origin',(75.,40.,-79.9));
#6910=CARTESIAN_POINT('',(76.4,40.,-79.9));
#6911=CARTESIAN_POINT('Origin',(75.,40.,-79.9));
#6912=CARTESIAN_POINT('',(76.4,40.,-76.9));
#6913=CARTESIAN_POINT('',(76.4,40.,-79.9));
#6914=CARTESIAN_POINT('Origin',(75.,40.,-76.9));
#6915=CARTESIAN_POINT('Origin',(75.,16.2,-79.9));
#6916=CARTESIAN_POINT('',(76.4,16.2,-79.9));
#6917=CARTESIAN_POINT('Origin',(75.,16.2,-79.9));
#6918=CARTESIAN_POINT('',(76.4,16.2,-76.9));
#6919=CARTESIAN_POINT('',(76.4,16.2,-79.9));
#6920=CARTESIAN_POINT('Origin',(75.,16.2,-76.9));
#6921=CARTESIAN_POINT('Origin',(75.,0.2,25.));
#6922=CARTESIAN_POINT('',(73.6,3.2,25.));
#6923=CARTESIAN_POINT('',(73.6,0.2,25.));
#6924=CARTESIAN_POINT('Origin',(75.,3.2,25.));
#6925=CARTESIAN_POINT('Origin',(75.,0.2,70.));
#6926=CARTESIAN_POINT('',(73.6,3.2,70.));
#6927=CARTESIAN_POINT('',(73.6,0.2,70.));
#6928=CARTESIAN_POINT('Origin',(75.,3.2,70.));
#6929=CARTESIAN_POINT('Origin',(75.,0.2,-25.));
#6930=CARTESIAN_POINT('',(73.6,3.2,-25.));
#6931=CARTESIAN_POINT('',(73.6,0.2,-25.));
#6932=CARTESIAN_POINT('Origin',(75.,3.2,-25.));
#6933=CARTESIAN_POINT('Origin',(75.,0.2,-70.));
#6934=CARTESIAN_POINT('',(73.6,3.2,-70.));
#6935=CARTESIAN_POINT('',(73.6,0.2,-70.));
#6936=CARTESIAN_POINT('Origin',(75.,3.2,-70.));
#6937=CARTESIAN_POINT('Origin',(80.,49.307398706601,30.2236997881596));
#6938=CARTESIAN_POINT('',(79.,53.8184229928434,32.3835573230544));
#6939=CARTESIAN_POINT('',(79.,49.307398706601,30.2236997881596));
#6940=CARTESIAN_POINT('',(79.,49.307398706601,30.2236997881596));
#6941=CARTESIAN_POINT('',(80.,53.8184229928434,32.3835573230544));
#6942=CARTESIAN_POINT('',(80.,49.307398706601,30.2236997881596));
#6943=CARTESIAN_POINT('Origin',(80.,-41.5838866863029,-16.0664097345634));
#6944=CARTESIAN_POINT('',(79.,20.1393641042554,71.3363380016825));
#6945=CARTESIAN_POINT('Origin',(79.,-41.5838866863029,-16.0664097345634));
#6946=CARTESIAN_POINT('',(80.,20.1393641042554,71.3363380016825));
#6947=CARTESIAN_POINT('Origin',(80.,20.1393641042554,71.3363380016825));
#6948=CARTESIAN_POINT('',(79.,17.3505149514999,67.1846341243225));
#6949=CARTESIAN_POINT('',(79.,17.3505149514999,67.1846341243225));
#6950=CARTESIAN_POINT('',(80.,17.3505149514999,67.1846341243225));
#6951=CARTESIAN_POINT('Origin',(80.,13.2,69.9726846327201));
#6952=CARTESIAN_POINT('',(79.,8.91784364450578,72.5539899124382));
#6953=CARTESIAN_POINT('Origin',(79.,13.2,69.9726846327201));
#6954=CARTESIAN_POINT('',(80.,8.91784364450578,72.5539899124382));
#6955=CARTESIAN_POINT('Origin',(80.,8.91784364450578,72.5539899124382));
#6956=CARTESIAN_POINT('',(79.,11.4998883458705,76.8373729028169));
#6957=CARTESIAN_POINT('',(79.,8.91784364450578,72.5539899124382));
#6958=CARTESIAN_POINT('',(80.,11.4998883458705,76.8373729028169));
#6959=CARTESIAN_POINT('Origin',(80.,-41.5838866863029,-16.0664097345634));
#6960=CARTESIAN_POINT('',(79.,11.214148509863,77.0000583375861));
#6961=CARTESIAN_POINT('Origin',(79.,-41.5838866863029,-16.0664097345634));
#6962=CARTESIAN_POINT('',(80.,11.214148509863,77.0000583375861));
#6963=CARTESIAN_POINT('Origin',(80.,11.214148509863,77.0000583375861));
#6964=CARTESIAN_POINT('',(79.,3.2,77.0000158897822));
#6965=CARTESIAN_POINT('',(79.,11.3282926872646,77.0000589421631));
#6966=CARTESIAN_POINT('',(80.,3.2,77.0000158897822));
#6967=CARTESIAN_POINT('Origin',(80.,3.2,77.0000158897822));
#6968=CARTESIAN_POINT('',(79.,3.2,21.3750000149));
#6969=CARTESIAN_POINT('',(79.,3.2,77.0000158897822));
#6970=CARTESIAN_POINT('',(80.,3.2,21.3750000149));
#6971=CARTESIAN_POINT('Origin',(80.,3.2,21.3750000149));
#6972=CARTESIAN_POINT('',(79.,19.5,21.3750000149));
#6973=CARTESIAN_POINT('',(79.,18.0040283284243,21.3750000149));
#6974=CARTESIAN_POINT('',(80.,19.5,21.3750000149));
#6975=CARTESIAN_POINT('Origin',(80.,19.5,3.46944695195361E-16));
#6976=CARTESIAN_POINT('',(79.,19.5,-21.3750000149));
#6977=CARTESIAN_POINT('Origin',(79.,19.5,3.46944695195361E-16));
#6978=CARTESIAN_POINT('',(80.,19.5,-21.3750000149));
#6979=CARTESIAN_POINT('Origin',(80.,19.5,-21.3750000149));
#6980=CARTESIAN_POINT('',(79.,3.2,-21.3750000149));
#6981=CARTESIAN_POINT('',(79.,26.1540283284243,-21.3750000149));
#6982=CARTESIAN_POINT('',(80.,3.2,-21.3750000149));
#6983=CARTESIAN_POINT('Origin',(80.,59.1173846045552,-32.291512520216));
#6984=CARTESIAN_POINT('',(80.,59.1173846045552,-33.691512520216));
#6985=CARTESIAN_POINT('',(80.,59.1173846045552,-33.691512520216));
#6986=CARTESIAN_POINT('Origin',(80.,59.1173846045552,-32.291512520216));
#6987=CARTESIAN_POINT('Origin',(80.,13.2,69.9726846327201));
#6988=CARTESIAN_POINT('',(80.,13.2,68.5726846327201));
#6989=CARTESIAN_POINT('',(80.,13.2,68.5726846327201));
#6990=CARTESIAN_POINT('Origin',(80.,13.2,69.9726846327201));
#6991=CARTESIAN_POINT('Origin',(80.,51.4666377218342,25.7139673265722));
#6992=CARTESIAN_POINT('',(80.,51.4666377218342,24.3139673265722));
#6993=CARTESIAN_POINT('',(80.,51.4666377218342,24.3139673265722));
#6994=CARTESIAN_POINT('Origin',(80.,51.4666377218342,25.7139673265722));
#6995=CARTESIAN_POINT('Origin',(80.,-41.5838866863029,-16.0664097345634));
#6996=CARTESIAN_POINT('',(79.,63.118054803012,-38.123232904913));
#6997=CARTESIAN_POINT('',(79.,46.4403957329079,-76.9));
#6998=CARTESIAN_POINT('Origin',(79.,-41.5838866863029,-16.0664097345634));
#6999=CARTESIAN_POINT('',(80.,63.118054803012,-38.123232904913));
#7000=CARTESIAN_POINT('',(80.,46.4403957329079,-76.9));
#7001=CARTESIAN_POINT('Origin',(80.,11.2,-76.9));
#7002=CARTESIAN_POINT('',(79.,11.2,-76.9));
#7003=CARTESIAN_POINT('',(79.,46.4403957329079,-76.9));
#7004=CARTESIAN_POINT('',(80.,11.2,-76.9));
#7005=CARTESIAN_POINT('Origin',(80.,11.2,-72.3463050063703));
#7006=CARTESIAN_POINT('',(79.,11.2,-72.3463050063703));
#7007=CARTESIAN_POINT('',(79.,11.2,-76.9));
#7008=CARTESIAN_POINT('',(80.,11.2,-72.3463050063703));
#7009=CARTESIAN_POINT('Origin',(80.,3.2,-72.3463050063703));
#7010=CARTESIAN_POINT('',(79.,3.2,-72.3463050063702));
#7011=CARTESIAN_POINT('',(79.,11.2,-72.3463050063703));
#7012=CARTESIAN_POINT('',(80.,3.2,-72.3463050063702));
#7013=CARTESIAN_POINT('Origin',(80.,3.2,-21.3750000149));
#7014=CARTESIAN_POINT('',(79.,3.2,77.0000158897822));
#7015=CARTESIAN_POINT('Origin',(80.,51.4666377218342,25.7139673265722));
#7016=CARTESIAN_POINT('',(79.,53.4022835892202,21.1038398797361));
#7017=CARTESIAN_POINT('Origin',(79.,51.4666377218342,25.7139673265722));
#7018=CARTESIAN_POINT('',(80.,53.4022835892202,21.1038398797361));
#7019=CARTESIAN_POINT('Origin',(80.,58.0137316191174,23.0400402179419));
#7020=CARTESIAN_POINT('',(79.,58.0137316191174,23.0400402179419));
#7021=CARTESIAN_POINT('',(79.,53.4022835892201,21.1038398797361));
#7022=CARTESIAN_POINT('',(80.,58.0137316191174,23.0400402179419));
#7023=CARTESIAN_POINT('Origin',(80.,-41.5838866863029,-16.0664097345634));
#7024=CARTESIAN_POINT('',(79.,64.7472721166621,-28.0114784919477));
#7025=CARTESIAN_POINT('Origin',(79.,-41.5838866863029,-16.0664097345634));
#7026=CARTESIAN_POINT('',(80.,64.7472721166621,-28.0114784919477));
#7027=CARTESIAN_POINT('Origin',(80.,59.7915052017402,-27.3371647911551));
#7028=CARTESIAN_POINT('',(79.,59.7915052017402,-27.3371647911551));
#7029=CARTESIAN_POINT('',(79.,59.7915052017402,-27.3371647911551));
#7030=CARTESIAN_POINT('',(80.,59.7915052017402,-27.3371647911551));
#7031=CARTESIAN_POINT('Origin',(80.,59.1173846045552,-32.291512520216));
#7032=CARTESIAN_POINT('',(79.,58.2012867118809,-37.206872593602));
#7033=CARTESIAN_POINT('Origin',(79.,59.1173846045552,-32.291512520216));
#7034=CARTESIAN_POINT('',(80.,58.2012867118809,-37.206872593602));
#7035=CARTESIAN_POINT('Origin',(80.,63.118054803012,-38.123232904913));
#7036=CARTESIAN_POINT('',(79.,58.2012867118809,-37.206872593602));
#7037=CARTESIAN_POINT('Origin',(80.,8.2,-75.3463050063702));
#7038=CARTESIAN_POINT('',(80.,8.2,-75.3463050063702));
#7039=CARTESIAN_POINT('',(80.,0.,-75.3463050063702));
#7040=CARTESIAN_POINT('',(80.,8.2,-75.3463050063702));
#7041=CARTESIAN_POINT('Origin',(80.,8.2,-79.9));
#7042=CARTESIAN_POINT('',(80.,8.2,-79.9));
#7043=CARTESIAN_POINT('',(80.,8.2,-75.3463050063702));
#7044=CARTESIAN_POINT('',(80.,8.2,-79.9));
#7045=CARTESIAN_POINT('Origin',(80.,48.,-79.9));
#7046=CARTESIAN_POINT('',(80.,48.,-79.9));
#7047=CARTESIAN_POINT('',(80.,8.,-79.9));
#7048=CARTESIAN_POINT('',(80.,48.,-79.9));
#7049=CARTESIAN_POINT('Origin',(80.,-41.5838866863029,-16.0664097345634));
#7050=CARTESIAN_POINT('',(80.,12.,80.0000624999756));
#7051=CARTESIAN_POINT('Origin',(80.,-41.5838866863029,-16.0664097345634));
#7052=CARTESIAN_POINT('',(80.,12.,80.0000624999756));
#7053=CARTESIAN_POINT('Origin',(80.,0.2,80.));
#7054=CARTESIAN_POINT('',(80.,12.,80.0000624999756));
#7055=CARTESIAN_POINT('Origin',(79.,32.8080566568486,0.0500291687930599));
#7056=CARTESIAN_POINT('',(79.,6.0766062413412,-9.34999999999999));
#7057=CARTESIAN_POINT('Origin',(79.,6.0766062413412,-7.74999999999999));
#7058=CARTESIAN_POINT('',(79.,12.,-7.));
#7059=CARTESIAN_POINT('Origin',(79.,12.,-1.24344978758018E-15));
#7060=CARTESIAN_POINT('',(79.,32.9233937586588,-9.35));
#7061=CARTESIAN_POINT('Origin',(79.,32.9233937586588,-7.75));
#7062=CARTESIAN_POINT('',(79.,6.0766062413412,6.15000000000001));
#7063=CARTESIAN_POINT('Origin',(79.,6.0766062413412,7.75));
#7064=CARTESIAN_POINT('',(79.,19.5,13.9));
#7065=CARTESIAN_POINT('Origin',(79.,19.5,15.5));
#7066=CARTESIAN_POINT('',(79.,32.9233937586588,6.15));
#7067=CARTESIAN_POINT('Origin',(79.,32.9233937586588,7.75));
#7068=CARTESIAN_POINT('',(79.,19.5,-17.1));
#7069=CARTESIAN_POINT('Origin',(79.,19.5,-15.5));
#7070=CARTESIAN_POINT('Origin',(80.,32.8080566568486,0.0500291687930599));
#7071=CARTESIAN_POINT('',(80.,19.5,-17.1));
#7072=CARTESIAN_POINT('Origin',(80.,19.5,-15.5));
#7073=CARTESIAN_POINT('',(80.,32.9233937586588,6.15));
#7074=CARTESIAN_POINT('Origin',(80.,32.9233937586588,7.75));
#7075=CARTESIAN_POINT('',(80.,19.5,13.9));
#7076=CARTESIAN_POINT('Origin',(80.,19.5,15.5));
#7077=CARTESIAN_POINT('',(80.,6.0766062413412,6.15));
#7078=CARTESIAN_POINT('Origin',(80.,6.0766062413412,7.75));
#7079=CARTESIAN_POINT('',(80.,32.9233937586588,-9.35));
#7080=CARTESIAN_POINT('Origin',(80.,32.9233937586588,-7.75));
#7081=CARTESIAN_POINT('',(80.,12.,-7.));
#7082=CARTESIAN_POINT('Origin',(80.,12.,-1.24344978758018E-15));
#7083=CARTESIAN_POINT('',(80.,6.0766062413412,-9.34999999999999));
#7084=CARTESIAN_POINT('Origin',(80.,6.0766062413412,-7.74999999999999));
#7085=CARTESIAN_POINT('Origin',(80.,19.5,-15.5));
#7086=CARTESIAN_POINT('',(80.,19.5,-17.1));
#7087=CARTESIAN_POINT('Origin',(80.,32.9233937586588,7.75));
#7088=CARTESIAN_POINT('',(80.,32.9233937586588,6.15));
#7089=CARTESIAN_POINT('Origin',(80.,19.5,15.5));
#7090=CARTESIAN_POINT('',(80.,19.5,13.9));
#7091=CARTESIAN_POINT('Origin',(80.,6.0766062413412,7.75));
#7092=CARTESIAN_POINT('',(80.,6.0766062413412,6.15));
#7093=CARTESIAN_POINT('Origin',(80.,32.9233937586588,-7.75));
#7094=CARTESIAN_POINT('',(80.,32.9233937586588,-9.35));
#7095=CARTESIAN_POINT('Origin',(80.,12.,-1.24344978758018E-15));
#7096=CARTESIAN_POINT('',(80.,12.,-7.));
#7097=CARTESIAN_POINT('Origin',(80.,6.0766062413412,-7.74999999999999));
#7098=CARTESIAN_POINT('',(80.,6.0766062413412,-9.34999999999999));
#7099=CARTESIAN_POINT('Origin',(79.,32.8080566568486,0.0500291687930599));
#7100=CARTESIAN_POINT('Origin',(-70.,11.868750003725,6.3750000149));
#7101=CARTESIAN_POINT('',(-55.,0.2,6.3750000149));
#7102=CARTESIAN_POINT('',(-70.,0.2,21.3750000149));
#7103=CARTESIAN_POINT('Origin',(-70.,0.2,6.3750000149));
#7104=CARTESIAN_POINT('',(-55.,1.20382552587987,6.3750000149));
#7105=CARTESIAN_POINT('',(-55.,11.868750003725,6.3750000149));
#7106=CARTESIAN_POINT('',(-70.,1.20382552587987,21.3750000149));
#7107=CARTESIAN_POINT('Origin',(-70.,1.20382552587987,6.3750000149));
#7108=CARTESIAN_POINT('',(-70.,17.2540283284243,21.3750000149));
#7109=CARTESIAN_POINT('Origin',(-70.,11.868750003725,6.3750000149));
#7110=CARTESIAN_POINT('',(-62.5166852264541,19.5,19.3750000149012));
#7111=CARTESIAN_POINT('Ctrl Pts',(-62.5166852264541,19.5,19.3750000149012));
#7112=CARTESIAN_POINT('Ctrl Pts',(-62.5166852264541,17.9132753630017,19.3750000149012));
#7113=CARTESIAN_POINT('Ctrl Pts',(-62.1718890151349,16.4220188963132,19.1850064479458));
#7114=CARTESIAN_POINT('Ctrl Pts',(-61.1529885388065,13.5712017383837,18.5037243316187));
#7115=CARTESIAN_POINT('Ctrl Pts',(-60.4854325531293,12.2099402920302,18.0097785940775));
#7116=CARTESIAN_POINT('Ctrl Pts',(-59.0993356132977,9.60765884435968,16.7224485613624));
#7117=CARTESIAN_POINT('Ctrl Pts',(-58.3797343463231,8.37146707795881,15.928867096104));
#7118=CARTESIAN_POINT('Ctrl Pts',(-57.0660728538211,6.08507010378394,14.0574787165906));
#7119=CARTESIAN_POINT('Ctrl Pts',(-56.4705910969301,5.03561888678711,12.9797488240695));
#7120=CARTESIAN_POINT('Ctrl Pts',(-55.524165235012,3.15859563910651,10.5270382048576));
#7121=CARTESIAN_POINT('Ctrl Pts',(-55.1463028970191,2.26249825190377,9.01681208943612));
#7122=CARTESIAN_POINT('Ctrl Pts',(-55.0120212155623,1.45534779011343,7.06513346669022));
#7123=CARTESIAN_POINT('Ctrl Pts',(-55.,1.32446298437559,6.72122809075779));
#7124=CARTESIAN_POINT('Ctrl Pts',(-55.,1.20382552587987,6.3750000149));
#7125=CARTESIAN_POINT('',(-70.,19.5,21.3750000149));
#7126=CARTESIAN_POINT('Origin',(-70.,19.5,6.3750000149));
#7127=CARTESIAN_POINT('',(-70.,3.2,21.3750000149));
#7128=CARTESIAN_POINT('',(-70.,11.868750003725,21.3750000149));
#7129=CARTESIAN_POINT('',(-70.,17.2540283284243,21.3750000149));
#7130=CARTESIAN_POINT('Origin',(-70.,20.018750003725,-6.3750000149));
#7131=CARTESIAN_POINT('',(-70.,0.2,-21.3750000149));
#7132=CARTESIAN_POINT('',(-55.,0.2,-6.3750000149));
#7133=CARTESIAN_POINT('Origin',(-70.,0.2,-6.3750000149));
#7134=CARTESIAN_POINT('',(-70.,1.20382552587987,-21.3750000149));
#7135=CARTESIAN_POINT('',(-70.,26.9040283284243,-21.3750000149));
#7136=CARTESIAN_POINT('',(-55.,1.20382552587987,-6.3750000149));
#7137=CARTESIAN_POINT('Origin',(-70.,1.20382552587987,-6.3750000149));
#7138=CARTESIAN_POINT('',(-55.,20.018750003725,-6.3750000149));
#7139=CARTESIAN_POINT('Origin',(-70.,20.018750003725,-6.3750000149));
#7140=CARTESIAN_POINT('',(-62.5166852264541,19.5,-19.3750000149012));
#7141=CARTESIAN_POINT('Ctrl Pts',(-55.,1.20382552587987,-6.3750000149));
#7142=CARTESIAN_POINT('Ctrl Pts',(-55.,1.32446298437559,-6.72122809075779));
#7143=CARTESIAN_POINT('Ctrl Pts',(-55.0120212155623,1.45534779011343,-7.06513346669022));
#7144=CARTESIAN_POINT('Ctrl Pts',(-55.1463028970191,2.26249825190377,-9.01681208943612));
#7145=CARTESIAN_POINT('Ctrl Pts',(-55.524165235012,3.15859563910651,-10.5270382048576));
#7146=CARTESIAN_POINT('Ctrl Pts',(-56.4705910969301,5.03561888678711,-12.9797488240695));
#7147=CARTESIAN_POINT('Ctrl Pts',(-57.066072853821,6.08507010378394,-14.0574787165906));
#7148=CARTESIAN_POINT('Ctrl Pts',(-58.379734346323,8.3714670779588,-15.928867096104));
#7149=CARTESIAN_POINT('Ctrl Pts',(-59.0993356132977,9.60765884435967,-16.7224485613624));
#7150=CARTESIAN_POINT('Ctrl Pts',(-60.4854325531293,12.2099402920302,-18.0097785940775));
#7151=CARTESIAN_POINT('Ctrl Pts',(-61.1529885388065,13.5712017383837,-18.5037243316187));
#7152=CARTESIAN_POINT('Ctrl Pts',(-62.1718890151349,16.4220188963132,-19.1850064479458));
#7153=CARTESIAN_POINT('Ctrl Pts',(-62.5166852264541,17.9132753630017,-19.3750000149012));
#7154=CARTESIAN_POINT('Ctrl Pts',(-62.5166852264541,19.5,-19.3750000149012));
#7155=CARTESIAN_POINT('',(-70.,3.2,-21.3750000149));
#7156=CARTESIAN_POINT('',(-70.,26.9040283284243,-21.3750000149));
#7157=CARTESIAN_POINT('',(-70.,19.5,-21.3750000149));
#7158=CARTESIAN_POINT('',(-70.,20.018750003725,-21.3750000149));
#7159=CARTESIAN_POINT('Origin',(-70.,19.5,-6.3750000149));
#7160=CARTESIAN_POINT('Ctrl Pts',(-70.,19.5,21.3750000149));
#7161=CARTESIAN_POINT('Ctrl Pts',(-70.,40.8750000149,21.3750000149));
#7162=CARTESIAN_POINT('Ctrl Pts',(-70.,40.8750000149,3.46944695195361E-16));
#7163=CARTESIAN_POINT('Ctrl Pts',(-70.,40.8750000149,-21.3750000149));
#7164=CARTESIAN_POINT('Ctrl Pts',(-70.,19.5,-21.3750000149));
#7165=CARTESIAN_POINT('Ctrl Pts',(-65.9910813713149,19.5,21.3750000149));
#7166=CARTESIAN_POINT('Ctrl Pts',(-65.9910813713149,40.8750000149,21.3750000149));
#7167=CARTESIAN_POINT('Ctrl Pts',(-65.9910813713149,40.8750000149,3.46944695195361E-16));
#7168=CARTESIAN_POINT('Ctrl Pts',(-65.9910813713149,40.8750000149,-21.3750000149));
#7169=CARTESIAN_POINT('Ctrl Pts',(-65.9910813713149,19.5,-21.3750000149));
#7170=CARTESIAN_POINT('Ctrl Pts',(-62.5166852264541,19.5,19.3750000149012));
#7171=CARTESIAN_POINT('Ctrl Pts',(-62.5166852264541,38.8750000149012,19.3750000149012));
#7172=CARTESIAN_POINT('Ctrl Pts',(-62.5166852264541,38.8750000149012,3.46944695195361E-16));
#7173=CARTESIAN_POINT('Ctrl Pts',(-62.5166852264541,38.8750000149012,-19.3750000149012));
#7174=CARTESIAN_POINT('Ctrl Pts',(-62.5166852264541,19.5,-19.3750000149012));
#7175=CARTESIAN_POINT('Origin',(-62.5166852264541,19.5,3.46944695195361E-16));
#7176=CARTESIAN_POINT('Origin',(-70.,19.5,3.46944695195361E-16));
#7177=CARTESIAN_POINT('Origin',(-80.,19.5,3.46944695195361E-16));
#7178=CARTESIAN_POINT('',(-55.,0.2,1.70312230254335));
#7179=CARTESIAN_POINT('Origin',(-55.,19.5,3.46944695195361E-16));
#7180=CARTESIAN_POINT('',(-79.,0.2,1.70312230254335));
#7181=CARTESIAN_POINT('',(-80.,0.2,1.70312230254335));
#7182=CARTESIAN_POINT('',(-79.,0.2,-1.70312230254323));
#7183=CARTESIAN_POINT('Origin',(-79.,19.5,3.46944695195361E-16));
#7184=CARTESIAN_POINT('',(-55.,0.2,-1.70312230254284));
#7185=CARTESIAN_POINT('',(-80.,0.2,-1.70312230254284));
#7186=CARTESIAN_POINT('Origin',(-55.,19.5,3.46944695195361E-16));
#7187=CARTESIAN_POINT('Origin',(-55.,20.53750000745,0.));
#7188=CARTESIAN_POINT('',(-55.,0.2,-10.68750000745));
#7189=CARTESIAN_POINT('Origin',(-55.,20.53750000745,0.));
#7190=CARTESIAN_POINT('',(-55.,0.2,0.851561151271674));
#7191=CARTESIAN_POINT('Origin',(-80.,0.2,-21.3750000149));
#7192=CARTESIAN_POINT('',(-70.,0.199999999999996,80.));
#7193=CARTESIAN_POINT('',(-70.,0.2,80.));
#7194=CARTESIAN_POINT('',(-80.,0.2,80.));
#7195=CARTESIAN_POINT('',(-80.,0.2,80.));
#7196=CARTESIAN_POINT('',(-80.,0.2,-75.3463050063702));
#7197=CARTESIAN_POINT('',(-80.,0.2,80.));
#7198=CARTESIAN_POINT('',(-70.,0.199999999999996,-75.3463050063702));
#7199=CARTESIAN_POINT('',(-80.,0.2,-75.3463050063702));
#7200=CARTESIAN_POINT('',(-70.,0.2,80.));
#7201=CARTESIAN_POINT('',(-79.,0.2,80.));
#7202=CARTESIAN_POINT('',(-73.6,0.2,-70.));
#7203=CARTESIAN_POINT('Origin',(-75.,0.2,-70.));
#7204=CARTESIAN_POINT('',(-73.6,0.2,-25.));
#7205=CARTESIAN_POINT('Origin',(-75.,0.2,-25.));
#7206=CARTESIAN_POINT('',(-73.6,0.2,70.));
#7207=CARTESIAN_POINT('Origin',(-75.,0.2,70.));
#7208=CARTESIAN_POINT('',(-73.6,0.2,25.));
#7209=CARTESIAN_POINT('Origin',(-75.,0.2,25.));
#7210=CARTESIAN_POINT('Origin',(-70.,34.3080566568485,0.0500312499877831));
#7211=CARTESIAN_POINT('',(-70.,8.2,-75.3463050063702));
#7212=CARTESIAN_POINT('',(-70.,0.,-75.3463050063702));
#7213=CARTESIAN_POINT('',(-70.,8.2,-79.9));
#7214=CARTESIAN_POINT('',(-70.,8.2,-75.3463050063702));
#7215=CARTESIAN_POINT('',(-70.,48.,-79.9));
#7216=CARTESIAN_POINT('',(-70.,8.,-79.9));
#7217=CARTESIAN_POINT('',(-70.,12.,80.0000624999756));
#7218=CARTESIAN_POINT('Origin',(-70.,-41.5838866863029,-16.0664097345634));
#7219=CARTESIAN_POINT('',(-70.,12.,80.0000624999756));
#7220=CARTESIAN_POINT('',(-70.,3.2,77.0000158897822));
#7221=CARTESIAN_POINT('',(-70.,3.2,77.0000158897822));
#7222=CARTESIAN_POINT('',(-70.,11.214148509863,77.0000583375861));
#7223=CARTESIAN_POINT('',(-70.,11.3282926872646,77.0000589421631));
#7224=CARTESIAN_POINT('',(-70.,11.4998883458705,76.8373729028169));
#7225=CARTESIAN_POINT('Origin',(-70.,-41.5838866863029,-16.0664097345634));
#7226=CARTESIAN_POINT('',(-70.,8.91784364450578,72.5539899124382));
#7227=CARTESIAN_POINT('',(-70.,8.91784364450578,72.5539899124382));
#7228=CARTESIAN_POINT('',(-70.,17.3505149514999,67.1846341243225));
#7229=CARTESIAN_POINT('Origin',(-70.,13.2,69.9726846327201));
#7230=CARTESIAN_POINT('',(-70.,20.1393641042554,71.3363380016825));
#7231=CARTESIAN_POINT('',(-70.,17.3505149514999,67.1846341243225));
#7232=CARTESIAN_POINT('',(-70.,53.8184229928434,32.3835573230544));
#7233=CARTESIAN_POINT('Origin',(-70.,-41.5838866863029,-16.0664097345634));
#7234=CARTESIAN_POINT('',(-70.,49.307398706601,30.2236997881596));
#7235=CARTESIAN_POINT('',(-70.,49.307398706601,30.2236997881596));
#7236=CARTESIAN_POINT('',(-70.,53.4022835892202,21.1038398797361));
#7237=CARTESIAN_POINT('Origin',(-70.,51.4666377218342,25.7139673265722));
#7238=CARTESIAN_POINT('',(-70.,58.0137316191174,23.0400402179419));
#7239=CARTESIAN_POINT('',(-70.,53.4022835892201,21.1038398797361));
#7240=CARTESIAN_POINT('',(-70.,64.7472721166621,-28.0114784919477));
#7241=CARTESIAN_POINT('Origin',(-70.,-41.5838866863029,-16.0664097345634));
#7242=CARTESIAN_POINT('',(-70.,59.7915052017402,-27.3371647911551));
#7243=CARTESIAN_POINT('',(-70.,59.7915052017402,-27.3371647911551));
#7244=CARTESIAN_POINT('',(-70.,58.2012867118809,-37.206872593602));
#7245=CARTESIAN_POINT('Origin',(-70.,59.1173846045552,-32.291512520216));
#7246=CARTESIAN_POINT('',(-70.,63.118054803012,-38.123232904913));
#7247=CARTESIAN_POINT('',(-70.,58.2012867118809,-37.206872593602));
#7248=CARTESIAN_POINT('',(-70.,46.4403957329079,-76.9));
#7249=CARTESIAN_POINT('Origin',(-70.,-41.5838866863029,-16.0664097345634));
#7250=CARTESIAN_POINT('',(-70.,11.2,-76.9));
#7251=CARTESIAN_POINT('',(-70.,46.4403957329079,-76.9));
#7252=CARTESIAN_POINT('',(-70.,11.2,-72.3463050063703));
#7253=CARTESIAN_POINT('',(-70.,11.2,-76.9));
#7254=CARTESIAN_POINT('',(-70.,3.2,-72.3463050063702));
#7255=CARTESIAN_POINT('',(-70.,11.2,-72.3463050063703));
#7256=CARTESIAN_POINT('',(-70.,3.2,77.0000158897822));
#7257=CARTESIAN_POINT('',(-70.,59.1173846045552,-33.691512520216));
#7258=CARTESIAN_POINT('Origin',(-70.,59.1173846045552,-32.291512520216));
#7259=CARTESIAN_POINT('',(-70.,13.2,68.5726846327201));
#7260=CARTESIAN_POINT('Origin',(-70.,13.2,69.9726846327201));
#7261=CARTESIAN_POINT('',(-70.,51.4666377218342,24.3139673265723));
#7262=CARTESIAN_POINT('Origin',(-70.,51.4666377218342,25.7139673265722));
#7263=CARTESIAN_POINT('Origin',(-75.,7.00000000007013,80.0000360169351));
#7264=CARTESIAN_POINT('',(-73.6,7.00000000007013,80.0000360169351));
#7265=CARTESIAN_POINT('Origin',(-75.,7.00000000007013,80.0000360169351));
#7266=CARTESIAN_POINT('',(-73.6,7.00001588989443,77.0000360169772));
#7267=CARTESIAN_POINT('',(-73.6,7.00000000007013,80.0000360169351));
#7268=CARTESIAN_POINT('Origin',(-75.,7.00001588989443,77.0000360169771));
#7269=CARTESIAN_POINT('Origin',(-75.,58.1233241901367,-62.7526090336898));
#7270=CARTESIAN_POINT('',(-75.,58.6242980394242,-61.4351182678085));
#7271=CARTESIAN_POINT('',(-75.,57.4360212497347,-63.9731715990292));
#7272=CARTESIAN_POINT('Ctrl Pts',(-75.,58.6242980394242,-61.4351182678085));
#7273=CARTESIAN_POINT('Ctrl Pts',(-74.8242152521268,58.6242980394242,-61.4351182678085));
#7274=CARTESIAN_POINT('Ctrl Pts',(-74.6367332426161,58.6098024760661,-61.4671780770333));
#7275=CARTESIAN_POINT('Ctrl Pts',(-74.2918853951387,58.5506864119959,-61.5974143849318));
#7276=CARTESIAN_POINT('Ctrl Pts',(-74.1345183355235,58.5060451133753,-61.6955782072476));
#7277=CARTESIAN_POINT('Ctrl Pts',(-73.8858828561548,58.4025655959272,-61.9218876935577));
#7278=CARTESIAN_POINT('Ctrl Pts',(-73.7780885427938,58.3368014920394,-62.0651694502503));
#7279=CARTESIAN_POINT('Ctrl Pts',(-73.6351471680508,58.1918826019187,-62.3786725205521));
#7280=CARTESIAN_POINT('Ctrl Pts',(-73.6,58.1127059681367,-62.5488836858876));
#7281=CARTESIAN_POINT('Ctrl Pts',(-73.6,57.9634936343023,-62.8675851175404));
#7282=CARTESIAN_POINT('Ctrl Pts',(-73.6351211708562,57.88350446651,-63.0373357546815));
#7283=CARTESIAN_POINT('Ctrl Pts',(-73.7780188624635,57.7356038335092,-63.3492670595915));
#7284=CARTESIAN_POINT('Ctrl Pts',(-73.8857968599197,57.6677144170979,-63.4914575047289));
#7285=CARTESIAN_POINT('Ctrl Pts',(-74.1344434756259,57.5602279560833,-63.7157537517044));
#7286=CARTESIAN_POINT('Ctrl Pts',(-74.2918437363197,57.5134562605069,-63.8128412930936));
#7287=CARTESIAN_POINT('Ctrl Pts',(-74.6367333239921,57.4513421292153,-63.9415448168592));
#7288=CARTESIAN_POINT('Ctrl Pts',(-74.8242225026044,57.4360212497347,-63.9731715990292));
#7289=CARTESIAN_POINT('Ctrl Pts',(-75.,57.4360212497347,-63.9731715990292));
#7290=CARTESIAN_POINT('',(-75.,54.7734315693781,-62.5880952003051));
#7291=CARTESIAN_POINT('',(-75.,57.4772358482623,-63.9946113905692));
#7292=CARTESIAN_POINT('',(-75.,55.9587894699201,-60.0485234659679));
#7293=CARTESIAN_POINT('Ctrl Pts',(-75.,54.7734315693781,-62.5880952003051));
#7294=CARTESIAN_POINT('Ctrl Pts',(-74.8242230506308,54.7734315693781,-62.5880952003051));
#7295=CARTESIAN_POINT('Ctrl Pts',(-74.6367347243793,54.788727385933,-62.5564555799758));
#7296=CARTESIAN_POINT('Ctrl Pts',(-74.2918474960804,54.8507339033178,-62.4276980855307));
#7297=CARTESIAN_POINT('Ctrl Pts',(-74.1344487508254,54.8974224374232,-62.3305691176651));
#7298=CARTESIAN_POINT('Ctrl Pts',(-73.8857995111658,55.004705523814,-62.1061679224436));
#7299=CARTESIAN_POINT('Ctrl Pts',(-73.7780195807323,55.0724618154896,-61.9639052115223));
#7300=CARTESIAN_POINT('Ctrl Pts',(-73.635120605563,55.22004626842,-61.6518060940886));
#7301=CARTESIAN_POINT('Ctrl Pts',(-73.6,55.2998517433017,-61.4819596748563));
#7302=CARTESIAN_POINT('Ctrl Pts',(-73.6,55.4486981345795,-61.1630665788727));
#7303=CARTESIAN_POINT('Ctrl Pts',(-73.6351480844153,55.5276685378307,-60.9927457498396));
#7304=CARTESIAN_POINT('Ctrl Pts',(-73.7780932323717,55.6721873407386,-60.679030041537));
#7305=CARTESIAN_POINT('Ctrl Pts',(-73.8858904081988,55.7377582139342,-60.5356455667609));
#7306=CARTESIAN_POINT('Ctrl Pts',(-74.1345278763264,55.8409206887726,-60.3091760565409));
#7307=CARTESIAN_POINT('Ctrl Pts',(-74.2918915282032,55.8854184945768,-60.2109412443489));
#7308=CARTESIAN_POINT('Ctrl Pts',(-74.636734636969,55.9443422000415,-60.0806084090415));
#7309=CARTESIAN_POINT('Ctrl Pts',(-74.8242153854284,55.9587894699201,-60.0485234659679));
#7310=CARTESIAN_POINT('Ctrl Pts',(-75.,55.9587894699201,-60.0485234659679));
#7311=CARTESIAN_POINT('Ctrl Pts',(-75.,55.9587894699201,-60.0485234659679));
#7312=CARTESIAN_POINT('Ctrl Pts',(-75.1757846145715,55.9587894699201,-60.0485234659679));
#7313=CARTESIAN_POINT('Ctrl Pts',(-75.3632653630309,55.9443422000415,-60.0806084090415));
#7314=CARTESIAN_POINT('Ctrl Pts',(-75.7081084717968,55.8854184945768,-60.2109412443489));
#7315=CARTESIAN_POINT('Ctrl Pts',(-75.8654721236736,55.8409206887726,-60.3091760565409));
#7316=CARTESIAN_POINT('Ctrl Pts',(-76.1141095918012,55.7377582139342,-60.5356455667609));
#7317=CARTESIAN_POINT('Ctrl Pts',(-76.2219067676283,55.6721873407386,-60.679030041537));
#7318=CARTESIAN_POINT('Ctrl Pts',(-76.3648519155847,55.5276685378307,-60.9927457498396));
#7319=CARTESIAN_POINT('Ctrl Pts',(-76.4,55.4486981345795,-61.1630665788727));
#7320=CARTESIAN_POINT('Ctrl Pts',(-76.4,55.2998517433017,-61.4819596748563));
#7321=CARTESIAN_POINT('Ctrl Pts',(-76.364879394437,55.22004626842,-61.6518060940886));
#7322=CARTESIAN_POINT('Ctrl Pts',(-76.2219804192676,55.0724618154896,-61.9639052115223));
#7323=CARTESIAN_POINT('Ctrl Pts',(-76.1142004888342,55.0047055238141,-62.1061679224436));
#7324=CARTESIAN_POINT('Ctrl Pts',(-75.8655512491746,54.8974224374232,-62.3305691176651));
#7325=CARTESIAN_POINT('Ctrl Pts',(-75.7081525039196,54.8507339033178,-62.4276980855307));
#7326=CARTESIAN_POINT('Ctrl Pts',(-75.3632652756207,54.788727385933,-62.5564555799758));
#7327=CARTESIAN_POINT('Ctrl Pts',(-75.1757769493691,54.7734315693781,-62.5880952003051));
#7328=CARTESIAN_POINT('Ctrl Pts',(-75.,54.7734315693781,-62.5880952003051));
#7329=CARTESIAN_POINT('Ctrl Pts',(-75.,57.4360212497347,-63.9731715990291));
#7330=CARTESIAN_POINT('Ctrl Pts',(-75.1757774973956,57.4360212497347,-63.9731715990291));
#7331=CARTESIAN_POINT('Ctrl Pts',(-75.3632666760078,57.4513421292153,-63.9415448168592));
#7332=CARTESIAN_POINT('Ctrl Pts',(-75.7081562636803,57.5134562605069,-63.8128412930936));
#7333=CARTESIAN_POINT('Ctrl Pts',(-75.8655565243741,57.5602279560833,-63.7157537517044));
#7334=CARTESIAN_POINT('Ctrl Pts',(-76.1142031400803,57.6677144170979,-63.4914575047289));
#7335=CARTESIAN_POINT('Ctrl Pts',(-76.2219811375365,57.7356038335093,-63.3492670595915));
#7336=CARTESIAN_POINT('Ctrl Pts',(-76.3648788291438,57.88350446651,-63.0373357546815));
#7337=CARTESIAN_POINT('Ctrl Pts',(-76.4,57.9634936343023,-62.8675851175404));
#7338=CARTESIAN_POINT('Ctrl Pts',(-76.4,58.1127059681367,-62.5488836858876));
#7339=CARTESIAN_POINT('Ctrl Pts',(-76.3648528319492,58.1918826019187,-62.3786725205521));
#7340=CARTESIAN_POINT('Ctrl Pts',(-76.2219114572061,58.3368014920393,-62.0651694502503));
#7341=CARTESIAN_POINT('Ctrl Pts',(-76.1141171438452,58.4025655959272,-61.9218876935577));
#7342=CARTESIAN_POINT('Ctrl Pts',(-75.8654816644764,58.5060451133753,-61.6955782072476));
#7343=CARTESIAN_POINT('Ctrl Pts',(-75.7081146048613,58.5506864119959,-61.5974143849318));
#7344=CARTESIAN_POINT('Ctrl Pts',(-75.3632667573839,58.6098024760661,-61.4671780770333));
#7345=CARTESIAN_POINT('Ctrl Pts',(-75.1757847478732,58.6242980394242,-61.4351182678085));
#7346=CARTESIAN_POINT('Ctrl Pts',(-75.,58.6242980394242,-61.4351182678085));
#7347=CARTESIAN_POINT('Origin',(-75.,66.8695827542538,2.88020136248443));
#7348=CARTESIAN_POINT('',(-75.,66.5242748486134,4.24677341186734));
#7349=CARTESIAN_POINT('',(-75.,67.0066630721485,1.48615427065469));
#7350=CARTESIAN_POINT('Ctrl Pts',(-75.,66.5242748486134,4.24677341186734));
#7351=CARTESIAN_POINT('Ctrl Pts',(-74.8242152521268,66.5242748486134,4.24677341186734));
#7352=CARTESIAN_POINT('Ctrl Pts',(-74.6367332426161,66.5307895293808,4.21219724002747));
#7353=CARTESIAN_POINT('Ctrl Pts',(-74.2918853951387,66.5570649620153,4.07160632081124));
#7354=CARTESIAN_POINT('Ctrl Pts',(-74.1345183355235,66.576801406373,3.96559002810922));
#7355=CARTESIAN_POINT('Ctrl Pts',(-73.8858828561548,66.6218417367835,3.72085473690307));
#7356=CARTESIAN_POINT('Ctrl Pts',(-73.7780885427939,66.6501539760408,3.56576445265123));
#7357=CARTESIAN_POINT('Ctrl Pts',(-73.6351471680508,66.7112613447912,3.22583571116721));
#7358=CARTESIAN_POINT('Ctrl Pts',(-73.6,66.7440327570091,3.04099303567491));
#7359=CARTESIAN_POINT('Ctrl Pts',(-73.6,66.8046048001429,2.69434342771832));
#7360=CARTESIAN_POINT('Ctrl Pts',(-73.6351211708562,66.8364464753445,2.50941194447587));
#7361=CARTESIAN_POINT('Ctrl Pts',(-73.7780188624635,66.8942098157269,2.16906046037047));
#7362=CARTESIAN_POINT('Ctrl Pts',(-73.8857968599197,66.9201551502931,2.01364509702662));
#7363=CARTESIAN_POINT('Ctrl Pts',(-74.1344434756259,66.9607584380467,1.76826066652556));
#7364=CARTESIAN_POINT('Ctrl Pts',(-74.2918437363196,66.9781324340045,1.66190406605081));
#7365=CARTESIAN_POINT('Ctrl Pts',(-74.6367333239921,67.0010728248851,1.5208491093777));
#7366=CARTESIAN_POINT('Ctrl Pts',(-74.8242225026044,67.0066630721485,1.48615427065469));
#7367=CARTESIAN_POINT('Ctrl Pts',(-75.,67.0066630721485,1.48615427065469));
#7368=CARTESIAN_POINT('',(-75.,64.0311501075276,1.09354373384194));
#7369=CARTESIAN_POINT('',(-75.,67.0527214540146,1.49223154413466));
#7370=CARTESIAN_POINT('',(-75.,63.5454999497317,3.85373247203623));
#7371=CARTESIAN_POINT('Ctrl Pts',(-75.,64.0311501075276,1.09354373384194));
#7372=CARTESIAN_POINT('Ctrl Pts',(-74.8242230506308,64.0311501075276,1.09354373384194));
#7373=CARTESIAN_POINT('Ctrl Pts',(-74.6367347243793,64.0255319662516,1.12823471346583));
#7374=CARTESIAN_POINT('Ctrl Pts',(-74.2918474960804,64.0024724669093,1.26927215553013));
#7375=CARTESIAN_POINT('Ctrl Pts',(-74.1344487508254,63.9850065878117,1.37561499112759));
#7376=CARTESIAN_POINT('Ctrl Pts',(-73.8857995111658,63.9441765094784,1.62096873930697));
#7377=CARTESIAN_POINT('Ctrl Pts',(-73.7780195807323,63.918080675562,1.77636694210387));
#7378=CARTESIAN_POINT('Ctrl Pts',(-73.635120605563,63.8599620823193,2.11667453674315));
#7379=CARTESIAN_POINT('Ctrl Pts',(-73.6,63.8279149963438,2.30157911815639));
#7380=CARTESIAN_POINT('Ctrl Pts',(-73.6,63.7669332564728,2.64817583231382));
#7381=CARTESIAN_POINT('Ctrl Pts',(-73.6351480844153,63.7339300095812,2.83299005007532));
#7382=CARTESIAN_POINT('Ctrl Pts',(-73.7780932323717,63.6723729444258,3.17286349381456));
#7383=CARTESIAN_POINT('Ctrl Pts',(-73.8858904081988,63.6438435031798,3.32792708722266));
#7384=CARTESIAN_POINT('Ctrl Pts',(-74.1345278763264,63.5984516807233,3.57261161417146));
#7385=CARTESIAN_POINT('Ctrl Pts',(-74.2918915282032,63.5785569758115,3.67860375427753));
#7386=CARTESIAN_POINT('Ctrl Pts',(-74.636734636969,63.5520686063849,3.81916341175466));
#7387=CARTESIAN_POINT('Ctrl Pts',(-74.8242153854284,63.5454999497317,3.85373247203623));
#7388=CARTESIAN_POINT('Ctrl Pts',(-75.,63.5454999497317,3.85373247203623));
#7389=CARTESIAN_POINT('Ctrl Pts',(-75.,63.5454999497317,3.85373247203623));
#7390=CARTESIAN_POINT('Ctrl Pts',(-75.1757846145716,63.5454999497317,3.85373247203623));
#7391=CARTESIAN_POINT('Ctrl Pts',(-75.3632653630309,63.5520686063849,3.81916341175466));
#7392=CARTESIAN_POINT('Ctrl Pts',(-75.7081084717968,63.5785569758115,3.67860375427754));
#7393=CARTESIAN_POINT('Ctrl Pts',(-75.8654721236736,63.5984516807233,3.57261161417146));
#7394=CARTESIAN_POINT('Ctrl Pts',(-76.1141095918012,63.6438435031798,3.32792708722266));
#7395=CARTESIAN_POINT('Ctrl Pts',(-76.2219067676283,63.6723729444258,3.17286349381458));
#7396=CARTESIAN_POINT('Ctrl Pts',(-76.3648519155847,63.7339300095812,2.83299005007533));
#7397=CARTESIAN_POINT('Ctrl Pts',(-76.4,63.7669332564728,2.64817583231382));
#7398=CARTESIAN_POINT('Ctrl Pts',(-76.4,63.8279149963438,2.30157911815639));
#7399=CARTESIAN_POINT('Ctrl Pts',(-76.364879394437,63.8599620823193,2.11667453674315));
#7400=CARTESIAN_POINT('Ctrl Pts',(-76.2219804192676,63.9180806755619,1.77636694210386));
#7401=CARTESIAN_POINT('Ctrl Pts',(-76.1142004888342,63.9441765094784,1.62096873930697));
#7402=CARTESIAN_POINT('Ctrl Pts',(-75.8655512491746,63.9850065878117,1.37561499112759));
#7403=CARTESIAN_POINT('Ctrl Pts',(-75.7081525039196,64.0024724669093,1.26927215553012));
#7404=CARTESIAN_POINT('Ctrl Pts',(-75.3632652756207,64.0255319662516,1.12823471346582));
#7405=CARTESIAN_POINT('Ctrl Pts',(-75.1757769493691,64.0311501075276,1.09354373384194));
#7406=CARTESIAN_POINT('Ctrl Pts',(-75.,64.0311501075276,1.09354373384194));
#7407=CARTESIAN_POINT('Ctrl Pts',(-75.,67.0066630721485,1.4861542706547));
#7408=CARTESIAN_POINT('Ctrl Pts',(-75.1757774973955,67.0066630721485,1.4861542706547));
#7409=CARTESIAN_POINT('Ctrl Pts',(-75.3632666760078,67.0010728248851,1.5208491093777));
#7410=CARTESIAN_POINT('Ctrl Pts',(-75.7081562636803,66.9781324340045,1.6619040660508));
#7411=CARTESIAN_POINT('Ctrl Pts',(-75.8655565243741,66.9607584380467,1.76826066652556));
#7412=CARTESIAN_POINT('Ctrl Pts',(-76.1142031400803,66.9201551502931,2.01364509702662));
#7413=CARTESIAN_POINT('Ctrl Pts',(-76.2219811375365,66.8942098157269,2.16906046037046));
#7414=CARTESIAN_POINT('Ctrl Pts',(-76.3648788291438,66.8364464753445,2.50941194447587));
#7415=CARTESIAN_POINT('Ctrl Pts',(-76.4,66.8046048001429,2.69434342771832));
#7416=CARTESIAN_POINT('Ctrl Pts',(-76.4,66.7440327570091,3.04099303567491));
#7417=CARTESIAN_POINT('Ctrl Pts',(-76.3648528319492,66.7112613447912,3.22583571116721));
#7418=CARTESIAN_POINT('Ctrl Pts',(-76.2219114572061,66.6501539760408,3.56576445265123));
#7419=CARTESIAN_POINT('Ctrl Pts',(-76.1141171438452,66.6218417367835,3.72085473690307));
#7420=CARTESIAN_POINT('Ctrl Pts',(-75.8654816644764,66.576801406373,3.96559002810922));
#7421=CARTESIAN_POINT('Ctrl Pts',(-75.7081146048612,66.5570649620153,4.07160632081124));
#7422=CARTESIAN_POINT('Ctrl Pts',(-75.3632667573839,66.5307895293808,4.21219724002747));
#7423=CARTESIAN_POINT('Ctrl Pts',(-75.1757847478732,66.5242748486134,4.24677341186734));
#7424=CARTESIAN_POINT('Ctrl Pts',(-75.,66.5242748486134,4.24677341186734));
#7425=CARTESIAN_POINT('Origin',(-75.,36.3886648421889,61.6600999895534));
#7426=CARTESIAN_POINT('',(-75.,35.3219716392725,62.5814697995126));
#7427=CARTESIAN_POINT('',(-75.,37.3005470278614,60.5967895046779));
#7428=CARTESIAN_POINT('Ctrl Pts',(-75.,35.3219716392725,62.5814697995126));
#7429=CARTESIAN_POINT('Ctrl Pts',(-74.8242152521268,35.3219716392725,62.5814697995126));
#7430=CARTESIAN_POINT('Ctrl Pts',(-74.6367332426161,35.3471402307675,62.5568833250448));
#7431=CARTESIAN_POINT('Ctrl Pts',(-74.2918853951387,35.449303443552,62.4567889551744));
#7432=CARTESIAN_POINT('Ctrl Pts',(-74.1345183355235,35.5262790396578,62.3812658517005));
#7433=CARTESIAN_POINT('Ctrl Pts',(-73.8858828561548,35.7035483145684,62.2066245098083));
#7434=CARTESIAN_POINT('Ctrl Pts',(-73.7780885427938,35.8156964757882,62.0958212197123));
#7435=CARTESIAN_POINT('Ctrl Pts',(-73.6351471680508,36.0607278179749,61.8524176430158));
#7436=CARTESIAN_POINT('Ctrl Pts',(-73.6,36.1935939903819,61.7198002973485));
#7437=CARTESIAN_POINT('Ctrl Pts',(-73.6,36.442041750136,61.4705842589821));
#7438=CARTESIAN_POINT('Ctrl Pts',(-73.6351211708562,36.5741972645983,61.3373608910203));
#7439=CARTESIAN_POINT('Ctrl Pts',(-73.7780188624635,36.8167318143174,61.0916929679668));
#7440=CARTESIAN_POINT('Ctrl Pts',(-73.8857968599197,36.9271275784281,60.9792657879102));
#7441=CARTESIAN_POINT('Ctrl Pts',(-74.1344434756259,37.1011345717791,60.8015477191224));
#7442=CARTESIAN_POINT('Ctrl Pts',(-74.2918437363197,37.1763701559681,60.7243908071065));
#7443=CARTESIAN_POINT('Ctrl Pts',(-74.6367333239921,37.276067623433,60.6220034186405));
#7444=CARTESIAN_POINT('Ctrl Pts',(-74.8242225026044,37.3005470278614,60.5967895046779));
#7445=CARTESIAN_POINT('Ctrl Pts',(-75.,37.3005470278614,60.5967895046779));
#7446=CARTESIAN_POINT('',(-75.,35.0883416526627,58.5684976582747));
#7447=CARTESIAN_POINT('',(-75.,37.3347900646583,60.6281857182076));
#7448=CARTESIAN_POINT('',(-75.,33.1073411129852,60.5509544189681));
#7449=CARTESIAN_POINT('Ctrl Pts',(-75.,35.0883416526627,58.5684976582747));
#7450=CARTESIAN_POINT('Ctrl Pts',(-74.8242230506308,35.0883416526627,58.5684976582747));
#7451=CARTESIAN_POINT('Ctrl Pts',(-74.6367347243793,35.0638416122852,58.5936924117));
#7452=CARTESIAN_POINT('Ctrl Pts',(-74.2918474960804,34.9640566228473,58.6959971352315));
#7453=CARTESIAN_POINT('Ctrl Pts',(-74.1344487508254,34.8887536676058,58.7730900697161));
#7454=CARTESIAN_POINT('Ctrl Pts',(-73.8857995111658,34.7145784969445,58.9506529232849));
#7455=CARTESIAN_POINT('Ctrl Pts',(-73.7780195807323,34.6040692938688,59.0629797233634));
#7456=CARTESIAN_POINT('Ctrl Pts',(-73.635120605563,34.3612689120065,59.3084079296013));
#7457=CARTESIAN_POINT('Ctrl Pts',(-73.6,34.2289605651441,59.4414914420951));
#7458=CARTESIAN_POINT('Ctrl Pts',(-73.6,33.9802075401072,59.6904291600034));
#7459=CARTESIAN_POINT('Ctrl Pts',(-73.6351480844153,33.8471677825371,59.8228902195563));
#7460=CARTESIAN_POINT('Ctrl Pts',(-73.7780932323717,33.6017997881043,60.0659905637308));
#7461=CARTESIAN_POINT('Ctrl Pts',(-73.8858904081988,33.4894890146703,60.1766474080248));
#7462=CARTESIAN_POINT('Ctrl Pts',(-74.1345278763264,33.3119609315136,60.3510455587167));
#7463=CARTESIAN_POINT('Ctrl Pts',(-74.2918915282032,33.2348695493113,60.4264581030176));
#7464=CARTESIAN_POINT('Ctrl Pts',(-74.636734636969,33.1325498399152,60.5264047292441));
#7465=CARTESIAN_POINT('Ctrl Pts',(-74.8242153854284,33.1073411129852,60.5509544189681));
#7466=CARTESIAN_POINT('Ctrl Pts',(-75.,33.1073411129852,60.5509544189681));
#7467=CARTESIAN_POINT('Ctrl Pts',(-75.,33.1073411129852,60.5509544189681));
#7468=CARTESIAN_POINT('Ctrl Pts',(-75.1757846145716,33.1073411129852,60.5509544189681));
#7469=CARTESIAN_POINT('Ctrl Pts',(-75.3632653630309,33.1325498399152,60.5264047292441));
#7470=CARTESIAN_POINT('Ctrl Pts',(-75.7081084717968,33.2348695493113,60.4264581030176));
#7471=CARTESIAN_POINT('Ctrl Pts',(-75.8654721236736,33.3119609315136,60.3510455587167));
#7472=CARTESIAN_POINT('Ctrl Pts',(-76.1141095918012,33.4894890146703,60.1766474080248));
#7473=CARTESIAN_POINT('Ctrl Pts',(-76.2219067676283,33.6017997881043,60.0659905637308));
#7474=CARTESIAN_POINT('Ctrl Pts',(-76.3648519155847,33.8471677825371,59.8228902195563));
#7475=CARTESIAN_POINT('Ctrl Pts',(-76.4,33.9802075401072,59.6904291600034));
#7476=CARTESIAN_POINT('Ctrl Pts',(-76.4,34.2289605651442,59.4414914420951));
#7477=CARTESIAN_POINT('Ctrl Pts',(-76.364879394437,34.3612689120065,59.3084079296013));
#7478=CARTESIAN_POINT('Ctrl Pts',(-76.2219804192676,34.6040692938688,59.0629797233634));
#7479=CARTESIAN_POINT('Ctrl Pts',(-76.1142004888342,34.7145784969445,58.9506529232849));
#7480=CARTESIAN_POINT('Ctrl Pts',(-75.8655512491746,34.8887536676058,58.7730900697161));
#7481=CARTESIAN_POINT('Ctrl Pts',(-75.7081525039196,34.9640566228473,58.6959971352315));
#7482=CARTESIAN_POINT('Ctrl Pts',(-75.3632652756207,35.0638416122852,58.5936924117));
#7483=CARTESIAN_POINT('Ctrl Pts',(-75.1757769493691,35.0883416526627,58.5684976582747));
#7484=CARTESIAN_POINT('Ctrl Pts',(-75.,35.0883416526627,58.5684976582747));
#7485=CARTESIAN_POINT('Ctrl Pts',(-75.,37.3005470278614,60.5967895046779));
#7486=CARTESIAN_POINT('Ctrl Pts',(-75.1757774973956,37.3005470278614,60.5967895046779));
#7487=CARTESIAN_POINT('Ctrl Pts',(-75.3632666760078,37.276067623433,60.6220034186405));
#7488=CARTESIAN_POINT('Ctrl Pts',(-75.7081562636803,37.1763701559681,60.7243908071065));
#7489=CARTESIAN_POINT('Ctrl Pts',(-75.8655565243741,37.1011345717791,60.8015477191224));
#7490=CARTESIAN_POINT('Ctrl Pts',(-76.1142031400803,36.9271275784281,60.9792657879102));
#7491=CARTESIAN_POINT('Ctrl Pts',(-76.2219811375365,36.8167318143174,61.0916929679668));
#7492=CARTESIAN_POINT('Ctrl Pts',(-76.3648788291438,36.5741972645983,61.3373608910203));
#7493=CARTESIAN_POINT('Ctrl Pts',(-76.4,36.442041750136,61.4705842589821));
#7494=CARTESIAN_POINT('Ctrl Pts',(-76.4,36.1935939903819,61.7198002973485));
#7495=CARTESIAN_POINT('Ctrl Pts',(-76.3648528319492,36.0607278179749,61.8524176430158));
#7496=CARTESIAN_POINT('Ctrl Pts',(-76.2219114572061,35.8156964757882,62.0958212197123));
#7497=CARTESIAN_POINT('Ctrl Pts',(-76.1141171438452,35.7035483145684,62.2066245098083));
#7498=CARTESIAN_POINT('Ctrl Pts',(-75.8654816644764,35.5262790396578,62.3812658517005));
#7499=CARTESIAN_POINT('Ctrl Pts',(-75.7081146048613,35.449303443552,62.4567889551744));
#7500=CARTESIAN_POINT('Ctrl Pts',(-75.3632667573839,35.3471402307675,62.5568833250448));
#7501=CARTESIAN_POINT('Ctrl Pts',(-75.1757847478732,35.3219716392725,62.5814697995126));
#7502=CARTESIAN_POINT('Ctrl Pts',(-75.,35.3219716392725,62.5814697995126));
#7503=CARTESIAN_POINT('Origin',(-75.,40.,-79.9));
#7504=CARTESIAN_POINT('',(-76.4,40.,-79.9));
#7505=CARTESIAN_POINT('Origin',(-75.,40.,-79.9));
#7506=CARTESIAN_POINT('',(-76.4,40.,-76.9));
#7507=CARTESIAN_POINT('',(-76.4,40.,-79.9));
#7508=CARTESIAN_POINT('Origin',(-75.,40.,-76.9));
#7509=CARTESIAN_POINT('Origin',(-75.,16.2,-79.9));
#7510=CARTESIAN_POINT('',(-76.4,16.2,-79.9));
#7511=CARTESIAN_POINT('Origin',(-75.,16.2,-79.9));
#7512=CARTESIAN_POINT('',(-76.4,16.2,-76.9));
#7513=CARTESIAN_POINT('',(-76.4,16.2,-79.9));
#7514=CARTESIAN_POINT('Origin',(-75.,16.2,-76.9));
#7515=CARTESIAN_POINT('Origin',(-75.,0.2,25.));
#7516=CARTESIAN_POINT('',(-73.6,3.2,25.));
#7517=CARTESIAN_POINT('',(-73.6,0.2,25.));
#7518=CARTESIAN_POINT('Origin',(-75.,3.2,25.));
#7519=CARTESIAN_POINT('Origin',(-75.,0.2,70.));
#7520=CARTESIAN_POINT('',(-73.6,3.2,70.));
#7521=CARTESIAN_POINT('',(-73.6,0.2,70.));
#7522=CARTESIAN_POINT('Origin',(-75.,3.2,70.));
#7523=CARTESIAN_POINT('Origin',(-75.,0.2,-25.));
#7524=CARTESIAN_POINT('',(-73.6,3.2,-25.));
#7525=CARTESIAN_POINT('',(-73.6,0.2,-25.));
#7526=CARTESIAN_POINT('Origin',(-75.,3.2,-25.));
#7527=CARTESIAN_POINT('Origin',(-75.,0.2,-70.));
#7528=CARTESIAN_POINT('',(-73.6,3.2,-70.));
#7529=CARTESIAN_POINT('',(-73.6,0.2,-70.));
#7530=CARTESIAN_POINT('Origin',(-75.,3.2,-70.));
#7531=CARTESIAN_POINT('Origin',(-80.,49.307398706601,30.2236997881596));
#7532=CARTESIAN_POINT('',(-79.,53.8184229928434,32.3835573230544));
#7533=CARTESIAN_POINT('',(-79.,49.307398706601,30.2236997881596));
#7534=CARTESIAN_POINT('',(-79.,49.307398706601,30.2236997881596));
#7535=CARTESIAN_POINT('',(-80.,49.307398706601,30.2236997881596));
#7536=CARTESIAN_POINT('',(-80.,53.8184229928434,32.3835573230544));
#7537=CARTESIAN_POINT('Origin',(-80.,-41.5838866863029,-16.0664097345634));
#7538=CARTESIAN_POINT('',(-79.,20.1393641042554,71.3363380016825));
#7539=CARTESIAN_POINT('Origin',(-79.,-41.5838866863029,-16.0664097345634));
#7540=CARTESIAN_POINT('',(-80.,20.1393641042554,71.3363380016825));
#7541=CARTESIAN_POINT('Origin',(-80.,20.1393641042554,71.3363380016825));
#7542=CARTESIAN_POINT('',(-79.,17.3505149514999,67.1846341243225));
#7543=CARTESIAN_POINT('',(-79.,17.3505149514999,67.1846341243225));
#7544=CARTESIAN_POINT('',(-80.,17.3505149514999,67.1846341243225));
#7545=CARTESIAN_POINT('Origin',(-80.,13.2,69.9726846327201));
#7546=CARTESIAN_POINT('',(-79.,8.91784364450578,72.5539899124382));
#7547=CARTESIAN_POINT('Origin',(-79.,13.2,69.9726846327201));
#7548=CARTESIAN_POINT('',(-80.,8.91784364450578,72.5539899124382));
#7549=CARTESIAN_POINT('Origin',(-80.,8.91784364450578,72.5539899124382));
#7550=CARTESIAN_POINT('',(-79.,11.4998883458705,76.8373729028169));
#7551=CARTESIAN_POINT('',(-79.,8.91784364450578,72.5539899124382));
#7552=CARTESIAN_POINT('',(-80.,11.4998883458705,76.8373729028169));
#7553=CARTESIAN_POINT('Origin',(-80.,-41.5838866863029,-16.0664097345634));
#7554=CARTESIAN_POINT('',(-79.,11.214148509863,77.0000583375861));
#7555=CARTESIAN_POINT('Origin',(-79.,-41.5838866863029,-16.0664097345634));
#7556=CARTESIAN_POINT('',(-80.,11.214148509863,77.0000583375861));
#7557=CARTESIAN_POINT('Origin',(-80.,11.214148509863,77.0000583375861));
#7558=CARTESIAN_POINT('',(-79.,3.2,77.0000158897822));
#7559=CARTESIAN_POINT('',(-79.,11.3282926872646,77.0000589421631));
#7560=CARTESIAN_POINT('',(-80.,3.2,77.0000158897822));
#7561=CARTESIAN_POINT('Origin',(-80.,3.2,77.0000158897822));
#7562=CARTESIAN_POINT('',(-79.,3.2,21.3750000149));
#7563=CARTESIAN_POINT('',(-79.,3.2,77.0000158897822));
#7564=CARTESIAN_POINT('',(-80.,3.2,21.3750000149));
#7565=CARTESIAN_POINT('Origin',(-80.,3.2,21.3750000149));
#7566=CARTESIAN_POINT('',(-79.,19.5,21.3750000149));
#7567=CARTESIAN_POINT('',(-80.,19.5,21.3750000149));
#7568=CARTESIAN_POINT('',(-79.,18.0040283284243,21.3750000149));
#7569=CARTESIAN_POINT('Origin',(-80.,19.5,3.46944695195361E-16));
#7570=CARTESIAN_POINT('',(-79.,19.5,-21.3750000149));
#7571=CARTESIAN_POINT('',(-80.,19.5,-21.3750000149));
#7572=CARTESIAN_POINT('Origin',(-79.,19.5,3.46944695195361E-16));
#7573=CARTESIAN_POINT('Origin',(-80.,19.5,-21.3750000149));
#7574=CARTESIAN_POINT('',(-79.,3.2,-21.3750000149));
#7575=CARTESIAN_POINT('',(-80.,3.2,-21.3750000149));
#7576=CARTESIAN_POINT('',(-79.,26.1540283284243,-21.3750000149));
#7577=CARTESIAN_POINT('Origin',(-80.,59.1173846045552,-32.291512520216));
#7578=CARTESIAN_POINT('',(-80.,59.1173846045552,-33.691512520216));
#7579=CARTESIAN_POINT('',(-80.,59.1173846045552,-33.691512520216));
#7580=CARTESIAN_POINT('Origin',(-80.,59.1173846045552,-32.291512520216));
#7581=CARTESIAN_POINT('Origin',(-80.,13.2,69.9726846327201));
#7582=CARTESIAN_POINT('',(-80.,13.2,68.5726846327201));
#7583=CARTESIAN_POINT('',(-80.,13.2,68.5726846327201));
#7584=CARTESIAN_POINT('Origin',(-80.,13.2,69.9726846327201));
#7585=CARTESIAN_POINT('Origin',(-80.,51.4666377218342,25.7139673265722));
#7586=CARTESIAN_POINT('',(-80.,51.4666377218342,24.3139673265722));
#7587=CARTESIAN_POINT('',(-80.,51.4666377218342,24.3139673265722));
#7588=CARTESIAN_POINT('Origin',(-80.,51.4666377218342,25.7139673265722));
#7589=CARTESIAN_POINT('Origin',(-80.,-41.5838866863029,-16.0664097345634));
#7590=CARTESIAN_POINT('',(-79.,63.118054803012,-38.123232904913));
#7591=CARTESIAN_POINT('',(-79.,46.4403957329079,-76.9));
#7592=CARTESIAN_POINT('Origin',(-79.,-41.5838866863029,-16.0664097345634));
#7593=CARTESIAN_POINT('',(-80.,46.4403957329079,-76.9));
#7594=CARTESIAN_POINT('',(-80.,63.118054803012,-38.123232904913));
#7595=CARTESIAN_POINT('Origin',(-80.,11.2,-76.9));
#7596=CARTESIAN_POINT('',(-79.,11.2,-76.9));
#7597=CARTESIAN_POINT('',(-79.,46.4403957329079,-76.9));
#7598=CARTESIAN_POINT('',(-80.,11.2,-76.9));
#7599=CARTESIAN_POINT('Origin',(-80.,11.2,-72.3463050063703));
#7600=CARTESIAN_POINT('',(-79.,11.2,-72.3463050063703));
#7601=CARTESIAN_POINT('',(-79.,11.2,-76.9));
#7602=CARTESIAN_POINT('',(-80.,11.2,-72.3463050063703));
#7603=CARTESIAN_POINT('Origin',(-80.,3.2,-72.3463050063703));
#7604=CARTESIAN_POINT('',(-79.,3.2,-72.3463050063702));
#7605=CARTESIAN_POINT('',(-79.,11.2,-72.3463050063703));
#7606=CARTESIAN_POINT('',(-80.,3.2,-72.3463050063702));
#7607=CARTESIAN_POINT('Origin',(-80.,3.2,-21.3750000149));
#7608=CARTESIAN_POINT('',(-79.,3.2,77.0000158897822));
#7609=CARTESIAN_POINT('Origin',(-80.,51.4666377218342,25.7139673265722));
#7610=CARTESIAN_POINT('',(-79.,53.4022835892202,21.1038398797361));
#7611=CARTESIAN_POINT('Origin',(-79.,51.4666377218342,25.7139673265722));
#7612=CARTESIAN_POINT('',(-80.,53.4022835892202,21.1038398797361));
#7613=CARTESIAN_POINT('Origin',(-80.,58.0137316191174,23.0400402179419));
#7614=CARTESIAN_POINT('',(-79.,58.0137316191174,23.0400402179419));
#7615=CARTESIAN_POINT('',(-79.,53.4022835892201,21.1038398797361));
#7616=CARTESIAN_POINT('',(-80.,58.0137316191174,23.0400402179419));
#7617=CARTESIAN_POINT('Origin',(-80.,-41.5838866863029,-16.0664097345634));
#7618=CARTESIAN_POINT('',(-79.,64.7472721166621,-28.0114784919477));
#7619=CARTESIAN_POINT('Origin',(-79.,-41.5838866863029,-16.0664097345634));
#7620=CARTESIAN_POINT('',(-80.,64.7472721166621,-28.0114784919477));
#7621=CARTESIAN_POINT('Origin',(-80.,59.7915052017402,-27.3371647911551));
#7622=CARTESIAN_POINT('',(-79.,59.7915052017402,-27.3371647911551));
#7623=CARTESIAN_POINT('',(-79.,59.7915052017402,-27.3371647911551));
#7624=CARTESIAN_POINT('',(-80.,59.7915052017402,-27.3371647911551));
#7625=CARTESIAN_POINT('Origin',(-80.,59.1173846045552,-32.291512520216));
#7626=CARTESIAN_POINT('',(-79.,58.2012867118809,-37.206872593602));
#7627=CARTESIAN_POINT('Origin',(-79.,59.1173846045552,-32.291512520216));
#7628=CARTESIAN_POINT('',(-80.,58.2012867118809,-37.206872593602));
#7629=CARTESIAN_POINT('Origin',(-80.,63.118054803012,-38.123232904913));
#7630=CARTESIAN_POINT('',(-79.,58.2012867118809,-37.206872593602));
#7631=CARTESIAN_POINT('Origin',(-80.,8.2,-75.3463050063702));
#7632=CARTESIAN_POINT('',(-80.,8.2,-75.3463050063702));
#7633=CARTESIAN_POINT('',(-80.,0.,-75.3463050063702));
#7634=CARTESIAN_POINT('',(-80.,8.2,-75.3463050063702));
#7635=CARTESIAN_POINT('Origin',(-80.,8.2,-79.9));
#7636=CARTESIAN_POINT('',(-80.,8.2,-79.9));
#7637=CARTESIAN_POINT('',(-80.,8.2,-75.3463050063702));
#7638=CARTESIAN_POINT('',(-80.,8.2,-79.9));
#7639=CARTESIAN_POINT('Origin',(-80.,48.,-79.9));
#7640=CARTESIAN_POINT('',(-80.,48.,-79.9));
#7641=CARTESIAN_POINT('',(-80.,8.,-79.9));
#7642=CARTESIAN_POINT('',(-80.,48.,-79.9));
#7643=CARTESIAN_POINT('Origin',(-80.,-41.5838866863029,-16.0664097345634));
#7644=CARTESIAN_POINT('',(-80.,12.,80.0000624999756));
#7645=CARTESIAN_POINT('Origin',(-80.,-41.5838866863029,-16.0664097345634));
#7646=CARTESIAN_POINT('',(-80.,12.,80.0000624999756));
#7647=CARTESIAN_POINT('Origin',(-80.,0.2,80.));
#7648=CARTESIAN_POINT('',(-80.,12.,80.0000624999756));
#7649=CARTESIAN_POINT('Origin',(-79.,32.8080566568486,0.0500291687930599));
#7650=CARTESIAN_POINT('',(-79.,6.0766062413412,-9.34999999999999));
#7651=CARTESIAN_POINT('Origin',(-79.,6.0766062413412,-7.74999999999999));
#7652=CARTESIAN_POINT('',(-79.,12.,-7.));
#7653=CARTESIAN_POINT('Origin',(-79.,12.,-1.24344978758018E-15));
#7654=CARTESIAN_POINT('',(-79.,32.9233937586588,-9.35));
#7655=CARTESIAN_POINT('Origin',(-79.,32.9233937586588,-7.75));
#7656=CARTESIAN_POINT('',(-79.,6.0766062413412,6.15000000000001));
#7657=CARTESIAN_POINT('Origin',(-79.,6.0766062413412,7.75));
#7658=CARTESIAN_POINT('',(-79.,19.5,13.9));
#7659=CARTESIAN_POINT('Origin',(-79.,19.5,15.5));
#7660=CARTESIAN_POINT('',(-79.,32.9233937586588,6.15));
#7661=CARTESIAN_POINT('Origin',(-79.,32.9233937586588,7.75));
#7662=CARTESIAN_POINT('',(-79.,19.5,-17.1));
#7663=CARTESIAN_POINT('Origin',(-79.,19.5,-15.5));
#7664=CARTESIAN_POINT('Origin',(-80.,32.8080566568486,0.0500291687930599));
#7665=CARTESIAN_POINT('',(-80.,19.5,-17.1));
#7666=CARTESIAN_POINT('Origin',(-80.,19.5,-15.5));
#7667=CARTESIAN_POINT('',(-80.,32.9233937586588,6.15));
#7668=CARTESIAN_POINT('Origin',(-80.,32.9233937586588,7.75));
#7669=CARTESIAN_POINT('',(-80.,19.5,13.9));
#7670=CARTESIAN_POINT('Origin',(-80.,19.5,15.5));
#7671=CARTESIAN_POINT('',(-80.,6.0766062413412,6.15));
#7672=CARTESIAN_POINT('Origin',(-80.,6.0766062413412,7.75));
#7673=CARTESIAN_POINT('',(-80.,32.9233937586588,-9.35));
#7674=CARTESIAN_POINT('Origin',(-80.,32.9233937586588,-7.75));
#7675=CARTESIAN_POINT('',(-80.,12.,-7.));
#7676=CARTESIAN_POINT('Origin',(-80.,12.,-1.24344978758018E-15));
#7677=CARTESIAN_POINT('',(-80.,6.0766062413412,-9.34999999999999));
#7678=CARTESIAN_POINT('Origin',(-80.,6.0766062413412,-7.74999999999999));
#7679=CARTESIAN_POINT('Origin',(-80.,19.5,-15.5));
#7680=CARTESIAN_POINT('',(-80.,19.5,-17.1));
#7681=CARTESIAN_POINT('Origin',(-80.,32.9233937586588,7.75));
#7682=CARTESIAN_POINT('',(-80.,32.9233937586588,6.15));
#7683=CARTESIAN_POINT('Origin',(-80.,19.5,15.5));
#7684=CARTESIAN_POINT('',(-80.,19.5,13.9));
#7685=CARTESIAN_POINT('Origin',(-80.,6.0766062413412,7.75));
#7686=CARTESIAN_POINT('',(-80.,6.0766062413412,6.15));
#7687=CARTESIAN_POINT('Origin',(-80.,32.9233937586588,-7.75));
#7688=CARTESIAN_POINT('',(-80.,32.9233937586588,-9.35));
#7689=CARTESIAN_POINT('Origin',(-80.,12.,-1.24344978758018E-15));
#7690=CARTESIAN_POINT('',(-80.,12.,-7.));
#7691=CARTESIAN_POINT('Origin',(-80.,6.0766062413412,-7.74999999999999));
#7692=CARTESIAN_POINT('',(-80.,6.0766062413412,-9.34999999999999));
#7693=CARTESIAN_POINT('Origin',(-79.,32.8080566568486,0.0500291687930599));
#7694=CARTESIAN_POINT('',(0.,0.,0.));
#7695=CARTESIAN_POINT('',(0.,0.,0.));
#7696=CARTESIAN_POINT('',(0.,0.,0.));
#7697=CARTESIAN_POINT('',(0.,0.,0.));
#7698=CARTESIAN_POINT('',(0.,0.,0.));
#7699=UNCERTAINTY_MEASURE_WITH_UNIT(LENGTH_MEASURE(0.01),#7711,
'DISTANCE_ACCURACY_VALUE',
'Maximum model space distance between geometric entities at asserted c
onnectivities');
#7700=UNCERTAINTY_MEASURE_WITH_UNIT(LENGTH_MEASURE(0.01),#7711,
'DISTANCE_ACCURACY_VALUE',
'Maximum model space distance between geometric entities at asserted c
onnectivities');
#7701=UNCERTAINTY_MEASURE_WITH_UNIT(LENGTH_MEASURE(0.01),#7711,
'DISTANCE_ACCURACY_VALUE',
'Maximum model space distance between geometric entities at asserted c
onnectivities');
#7702=UNCERTAINTY_MEASURE_WITH_UNIT(LENGTH_MEASURE(0.01),#7711,
'DISTANCE_ACCURACY_VALUE',
'Maximum model space distance between geometric entities at asserted c
onnectivities');
#7703=UNCERTAINTY_MEASURE_WITH_UNIT(LENGTH_MEASURE(0.01),#7711,
'DISTANCE_ACCURACY_VALUE',
'Maximum model space distance between geometric entities at asserted c
onnectivities');
#7704=UNCERTAINTY_MEASURE_WITH_UNIT(LENGTH_MEASURE(0.01),#7711,
'DISTANCE_ACCURACY_VALUE',
'Maximum model space distance between geometric entities at asserted c
onnectivities');
#7705=(
GEOMETRIC_REPRESENTATION_CONTEXT(3)
GLOBAL_UNCERTAINTY_ASSIGNED_CONTEXT((#7699))
GLOBAL_UNIT_ASSIGNED_CONTEXT((#7711,#7713,#7714))
REPRESENTATION_CONTEXT('','3D')
);
#7706=(
GEOMETRIC_REPRESENTATION_CONTEXT(3)
GLOBAL_UNCERTAINTY_ASSIGNED_CONTEXT((#7700))
GLOBAL_UNIT_ASSIGNED_CONTEXT((#7711,#7713,#7714))
REPRESENTATION_CONTEXT('','3D')
);
#7707=(
GEOMETRIC_REPRESENTATION_CONTEXT(3)
GLOBAL_UNCERTAINTY_ASSIGNED_CONTEXT((#7701))
GLOBAL_UNIT_ASSIGNED_CONTEXT((#7711,#7713,#7714))
REPRESENTATION_CONTEXT('','3D')
);
#7708=(
GEOMETRIC_REPRESENTATION_CONTEXT(3)
GLOBAL_UNCERTAINTY_ASSIGNED_CONTEXT((#7702))
GLOBAL_UNIT_ASSIGNED_CONTEXT((#7711,#7713,#7714))
REPRESENTATION_CONTEXT('','3D')
);
#7709=(
GEOMETRIC_REPRESENTATION_CONTEXT(3)
GLOBAL_UNCERTAINTY_ASSIGNED_CONTEXT((#7703))
GLOBAL_UNIT_ASSIGNED_CONTEXT((#7711,#7713,#7714))
REPRESENTATION_CONTEXT('','3D')
);
#7710=(
GEOMETRIC_REPRESENTATION_CONTEXT(3)
GLOBAL_UNCERTAINTY_ASSIGNED_CONTEXT((#7704))
GLOBAL_UNIT_ASSIGNED_CONTEXT((#7711,#7713,#7714))
REPRESENTATION_CONTEXT('','3D')
);
#7711=(
LENGTH_UNIT()
NAMED_UNIT(*)
SI_UNIT(.MILLI.,.METRE.)
);
#7712=(
LENGTH_UNIT()
NAMED_UNIT(*)
SI_UNIT($,.METRE.)
);
#7713=(
NAMED_UNIT(*)
PLANE_ANGLE_UNIT()
SI_UNIT($,.RADIAN.)
);
#7714=(
NAMED_UNIT(*)
SI_UNIT($,.STERADIAN.)
SOLID_ANGLE_UNIT()
);
#7715=SHAPE_DEFINITION_REPRESENTATION(#7720,#7729);
#7716=SHAPE_DEFINITION_REPRESENTATION(#7721,#7730);
#7717=SHAPE_DEFINITION_REPRESENTATION(#7722,#7731);
#7718=SHAPE_DEFINITION_REPRESENTATION(#7723,#7732);
#7719=SHAPE_DEFINITION_REPRESENTATION(#7724,#7733);
#7720=PRODUCT_DEFINITION_SHAPE('',$,#7735);
#7721=PRODUCT_DEFINITION_SHAPE('',$,#7736);
#7722=PRODUCT_DEFINITION_SHAPE('',$,#7737);
#7723=PRODUCT_DEFINITION_SHAPE('',$,#7738);
#7724=PRODUCT_DEFINITION_SHAPE('',$,#7739);
#7725=PRODUCT_DEFINITION_SHAPE($,$,#23);
#7726=PRODUCT_DEFINITION_SHAPE($,$,#24);
#7727=PRODUCT_DEFINITION_SHAPE($,$,#25);
#7728=PRODUCT_DEFINITION_SHAPE($,$,#26);
#7729=SHAPE_REPRESENTATION('',(#4345,#4788,#4789,#4790,#4791),#7705);
#7730=SHAPE_REPRESENTATION('',(#4346),#7706);
#7731=SHAPE_REPRESENTATION('',(#4455),#7707);
#7732=SHAPE_REPRESENTATION('',(#4544),#7708);
#7733=SHAPE_REPRESENTATION('',(#4787),#7709);
#7734=PRODUCT_DEFINITION_CONTEXT('part definition',#7751,'design');
#7735=PRODUCT_DEFINITION('Robot Mower 3','Robot Mower 3 v24',#7740,#7734);
#7736=PRODUCT_DEFINITION('Base Plate','Base Plate',#7741,#7734);
#7737=PRODUCT_DEFINITION('Wheel Cover','Wheel Cover',#7742,#7734);
#7738=PRODUCT_DEFINITION('Side wall','Side wall',#7743,#7734);
#7739=PRODUCT_DEFINITION('Cutter Motor Link','Cutter Motor Link',#7744,
#7734);
#7740=PRODUCT_DEFINITION_FORMATION('',$,#7753);
#7741=PRODUCT_DEFINITION_FORMATION('',$,#7754);
#7742=PRODUCT_DEFINITION_FORMATION('',$,#7755);
#7743=PRODUCT_DEFINITION_FORMATION('',$,#7756);
#7744=PRODUCT_DEFINITION_FORMATION('',$,#7757);
#7745=PRODUCT_RELATED_PRODUCT_CATEGORY('Robot Mower 3 v24',
'Robot Mower 3 v24',(#7753));
#7746=PRODUCT_RELATED_PRODUCT_CATEGORY('Base Plate','Base Plate',(#7754));
#7747=PRODUCT_RELATED_PRODUCT_CATEGORY('Wheel Cover','Wheel Cover',(#7755));
#7748=PRODUCT_RELATED_PRODUCT_CATEGORY('Side wall','Side wall',(#7756));
#7749=PRODUCT_RELATED_PRODUCT_CATEGORY('Cutter Motor Link',
'Cutter Motor Link',(#7757));
#7750=APPLICATION_PROTOCOL_DEFINITION('international standard',
'automotive_design',2009,#7751);
#7751=APPLICATION_CONTEXT(
'Core Data for Automotive Mechanical Design Process');
#7752=PRODUCT_CONTEXT('part definition',#7751,'mechanical');
#7753=PRODUCT('Robot Mower 3','Robot Mower 3 v24',$,(#7752));
#7754=PRODUCT('Base Plate','Base Plate',$,(#7752));
#7755=PRODUCT('Wheel Cover','Wheel Cover',$,(#7752));
#7756=PRODUCT('Side wall','Side wall',$,(#7752));
#7757=PRODUCT('Cutter Motor Link','Cutter Motor Link',$,(#7752));
#7758=PRESENTATION_STYLE_ASSIGNMENT((#7761));
#7759=PRESENTATION_STYLE_ASSIGNMENT((#7762));
#7760=PRESENTATION_STYLE_ASSIGNMENT((#7763));
#7761=SURFACE_STYLE_USAGE(.BOTH.,#7764);
#7762=SURFACE_STYLE_USAGE(.BOTH.,#7765);
#7763=SURFACE_STYLE_USAGE(.BOTH.,#7766);
#7764=SURFACE_SIDE_STYLE('',(#7767));
#7765=SURFACE_SIDE_STYLE('',(#7768));
#7766=SURFACE_SIDE_STYLE('',(#7769));
#7767=SURFACE_STYLE_FILL_AREA(#7770);
#7768=SURFACE_STYLE_FILL_AREA(#7771);
#7769=SURFACE_STYLE_FILL_AREA(#7772);
#7770=FILL_AREA_STYLE('Steel - Satin',(#7773));
#7771=FILL_AREA_STYLE('Plastic - Glossy (Black)',(#7774));
#7772=FILL_AREA_STYLE('Plastic - Glossy (Green)',(#7775));
#7773=FILL_AREA_STYLE_COLOUR('Steel - Satin',#7776);
#7774=FILL_AREA_STYLE_COLOUR('Plastic - Glossy (Black)',#7777);
#7775=FILL_AREA_STYLE_COLOUR('Plastic - Glossy (Green)',#7778);
#7776=COLOUR_RGB('Steel - Satin',0.627450980392157,0.627450980392157,0.627450980392157);
#7777=COLOUR_RGB('Plastic - Glossy (Black)',0.0980392156862745,0.0980392156862745,
0.0980392156862745);
#7778=COLOUR_RGB('Plastic - Glossy (Green)',0.266666666666667,0.588235294117647,
0.282352941176471);
ENDSEC;
END-ISO-10303-21;
